image,pose,smile,glasses,gender,eye_detected,mouth_detected,eye_nme,mouth_nme,combined_nme
Aaron_Eckhart_0001.jpg,3,2,2,1,0,0,-1,-1,-1
Aaron_Guiel_0001.jpg,3,1,2,1,0,0,-1,-1,-1
Aaron_Peirsol_0001.jpg,3,1,2,1,0,0,-1,-1,-1
Aaron_Pena_0001.jpg,3,2,2,1,1,1,1.7207,1.6624,1.69155
Aaron_Sorkin_0001.jpg,3,1,2,1,1,1,0.92626,0.682771,0.804516
Aaron_Tippin_0001.jpg,4,2,2,1,0,0,-1,-1,-1
Abba_Eban_0001.jpg,3,1,1,1,1,1,0.610207,0.606666,0.608436
Abdel_Aziz_Al-Hakim_0001.jpg,4,1,1,1,1,1,0.881478,0.112756,0.497117
Abdel_Nasser_Assidi_0001.jpg,3,2,2,1,1,1,0.749296,0.364527,0.556911
Abdulaziz_Kamilov_0001.jpg,3,2,2,1,1,1,1.0857,0.448864,0.76728
Abdullah_0001.jpg,3,2,2,1,1,1,0.802354,0.63048,0.716417
Abdullah_al-Attiyah_0001.jpg,2,2,2,1,1,1,1.73994,0.177063,0.958501
Abdullah_Gul_0001.jpg,3,2,2,1,0,0,-1,-1,-1
Abdullatif_Sener_0001.jpg,3,2,2,1,1,1,1.86051,0.316228,1.08837
Abdul_Majeed_Shobokshi_0001.jpg,5,2,1,1,1,1,1.5032,0.907651,1.20543
Abel_Aguilar_0001.jpg,3,2,2,1,1,1,0.589914,0.957826,0.77387
Abner_Martinez_0001.jpg,3,1,2,1,1,0,0.536235,-1,0.536235
Adam_Ant_0001.jpg,3,2,2,1,1,1,1.54159,0.226815,0.884202
Adam_Herbert_0001.jpg,3,2,1,1,0,0,-1,-1,-1
Adam_Mair_0001.jpg,3,2,2,1,0,0,-1,-1,-1
Adam_Rich_0001.jpg,3,2,2,1,0,0,-1,-1,-1
Adelina_Avila_0001.jpg,3,2,1,2,1,1,0.88862,0.593883,0.741252
Adel_Al-Jubeir_0001.jpg,3,2,2,1,1,1,0.612802,0.600166,0.606484
Adisai_Bodharamik_0001.jpg,3,2,1,1,1,1,1.07572,0.814801,0.945261
Adolfo_Aguilar_Zinser_0001.jpg,3,2,1,1,1,1,0.559313,0.671729,0.615521
Adoor_Gopalakarishnan_0001.jpg,3,2,1,1,1,1,0.575953,0.824633,0.700293
Adriana_Perez_Navarro_0001.jpg,3,1,2,2,0,0,-1,-1,-1
Adrianna_Zuzic_0001.jpg,3,2,2,2,0,0,-1,-1,-1
Adrian_Annus_0001.jpg,4,2,2,1,1,1,0.844051,1.88077,1.36241
Adrian_Fernandez_0001.jpg,3,1,1,1,1,1,1.02472,0.498807,0.761762
Adrian_Murrell_0001.jpg,3,2,2,1,1,1,0.681231,0.645193,0.663212
Adrian_Nastase_0001.jpg,3,2,2,1,1,1,0.526351,0.571772,0.549062
Adrien_Brody_0001.jpg,4,1,2,1,0,0,-1,-1,-1
Afton_Smith_0001.jpg,3,1,2,2,1,1,2.51927,0.652863,1.58607
Agbani_Darego_0001.jpg,3,1,2,2,0,0,-1,-1,-1
Agnelo_Queiroz_0001.jpg,2,2,2,1,1,1,0.969833,0.522681,0.746257
Ahmed_Ahmed_0001.jpg,3,2,2,1,1,1,1.99612,1.95666,1.97639
Ahmed_Chalabi_0001.jpg,3,1,2,1,0,0,-1,-1,-1
Ahmed_Ibrahim_Bilal_0001.jpg,3,2,2,1,0,0,-1,-1,-1
Ahmed_Lopez_0001.jpg,3,1,2,1,1,1,0.654438,0.77027,0.712354
Ahmed_Qureia_0001.jpg,3,1,1,1,0,0,-1,-1,-1
Ahmet_Demir_0001.jpg,4,2,1,1,0,0,-1,-1,-1
Ahmet_Necdet_Sezer_0001.jpg,3,2,2,1,1,1,2.15709,1.11417,1.63563
Aicha_El_Ouafi_0001.jpg,3,2,2,2,1,1,1.07056,1.15529,1.11292
Aidan_Quinn_0001.jpg,3,1,2,1,0,0,-1,-1,-1
Aileen_Riggin_Soule_0001.jpg,3,1,2,2,1,1,0.468656,0.429171,0.448914
Ainsworth_Dyer_0001.jpg,3,2,2,1,0,0,-1,-1,-1
Ain_Seppik_0001.jpg,3,2,1,1,0,0,-1,-1,-1
Aishwarya_Rai_0001.jpg,3,1,2,2,0,0,-1,-1,-1
Aitor_Gonzalez_0001.jpg,3,1,2,1,1,1,1.34918,1.39058,1.36988
Aiysha_Smith_0001.jpg,4,2,2,2,1,1,1.87,0.537958,1.20398
Ajit_Agarkar_0001.jpg,3,1,2,1,1,1,1.21496,0.141421,0.67819
AJ_Cook_0001.jpg,2,1,2,2,1,1,0.764703,1.23616,1.00043
AJ_Lamas_0001.jpg,3,1,2,1,1,1,0.554371,0.900343,0.727357
Akbar_Al_Baker_0001.jpg,3,1,2,1,0,0,-1,-1,-1
Akbar_Hashemi_Rafsanjani_0001.jpg,3,2,2,1,0,0,-1,-1,-1
Akiko_Morigami_0001.jpg,3,2,2,2,1,1,0.694602,0.363803,0.529203
Akmal_Taher_0001.jpg,3,1,2,1,1,1,1.21134,1.24993,1.23063
Alanis_Morissette_0001.jpg,2,1,2,2,1,1,0.835469,0.951223,0.893346
Alanna_Ubach_0001.jpg,4,1,2,2,1,1,0.969943,1.12841,1.04918
Alan_Dershowitz_0001.jpg,3,2,1,1,1,1,1.89702,0.955067,1.42604
Alan_Dreher_0001.jpg,3,2,2,1,0,0,-1,-1,-1
Alan_Greenspan_0001.jpg,3,2,1,1,1,0,1.72855,-1,1.72855
Alan_Greer_0001.jpg,3,2,2,1,1,1,1.94082,0.549947,1.24538
Alan_Jackson_0001.jpg,3,1,2,1,1,1,0.769988,0.9731,0.871544
Alan_Mulally_0001.jpg,3,2,2,1,0,0,-1,-1,-1
Alan_Stonecipher_0001.jpg,3,2,2,1,0,0,-1,-1,-1
Alan_Tang_Kwong-wing_0001.jpg,3,2,2,1,1,1,1.11358,0.451591,0.782587
Alan_Trammell_0001.jpg,3,1,2,1,0,0,-1,-1,-1
Alan_Zemaitis_0001.jpg,3,2,2,1,1,1,0.731858,0.496525,0.614192
Alastair_Johnston_0001.jpg,3,1,2,1,1,1,1.34668,0.917005,1.13184
Albaro_Recoba_0001.jpg,3,2,2,1,1,1,0.643955,0.093084,0.36852
Alberta_Lee_0001.jpg,3,1,2,2,1,1,0.800734,0.853334,0.827034
Alberto_Acosta_0001.jpg,3,2,2,1,1,1,0.700627,1.85055,1.27559
Alberto_Fujimori_0001.jpg,3,1,1,1,0,0,-1,-1,-1
Alberto_Gonzales_0001.jpg,3,1,1,1,1,1,1.09414,0.292364,0.693252
Alberto_Ruiz_Gallardon_0001.jpg,3,2,1,1,0,0,-1,-1,-1
Alberto_Sordi_0001.jpg,3,1,2,1,1,1,1.51787,0.062107,0.789989
Albert_Brooks_0001.jpg,3,1,2,1,0,0,-1,-1,-1
Albert_Costa_0001.jpg,2,2,2,1,1,1,2.15338,0.691959,1.42267
Albert_Montanes_0001.jpg,3,2,2,1,1,1,0.620478,0.636225,0.628351
Albrecht_Mentz_0001.jpg,3,2,1,1,0,0,-1,-1,-1
Aldo_Paredes_0001.jpg,2,1,2,1,1,1,1.6144,0.827131,1.22076
Alecos_Markides_0001.jpg,3,2,1,1,1,1,1.84037,0.177611,1.00899
Alec_Baldwin_0001.jpg,4,1,2,1,0,0,-1,-1,-1
Alejandro_Atchugarry_0001.jpg,3,1,2,1,1,1,1.72466,0.48915,1.1069
Alejandro_Avila_0001.jpg,3,2,2,1,0,0,-1,-1,-1
Alejandro_Fernandez_0001.jpg,3,1,2,1,1,1,0.721731,1.04409,0.88291
Alejandro_Gonzalez_Inarritu_0001.jpg,3,1,2,1,0,0,-1,-1,-1
Alejandro_Lembo_0001.jpg,3,1,2,1,1,1,1.41427,0.603949,1.00911
Alejandro_Lerner_0001.jpg,4,1,2,1,1,1,0.570897,1.46026,1.01558
Alejandro_Toledo_0001.jpg,3,2,1,1,0,0,-1,-1,-1
Aleksander_Kwasniewski_0001.jpg,3,1,2,1,1,1,0.536372,0.20731,0.371841
Aleksander_Voloshin_0001.jpg,4,1,2,1,0,0,-1,-1,-1
Alessandra_Cerna_0001.jpg,4,2,2,2,1,0,0.521364,-1,0.521364
Alexander_Downer_0001.jpg,4,1,1,1,0,0,-1,-1,-1
Alexandra_Jackson_0001.jpg,2,2,2,1,1,1,0.919792,1.40329,1.16154
Alexandra_Rozovskaya_0001.jpg,2,2,2,2,1,1,0.775644,0.878576,0.82711
Alexandra_Spann_0001.jpg,3,1,2,2,1,0,0.633874,-1,0.633874
Alexandra_Vodjanikova_0001.jpg,3,2,2,2,1,1,0.708575,1.14694,0.927758
Alexandre_Daigle_0001.jpg,3,1,2,1,1,1,0.634636,1.23239,0.933513
Alexandre_Despatie_0001.jpg,3,1,2,1,1,1,0.550762,0.645284,0.598023
Alexandre_Herchcovitch_0001.jpg,3,2,2,1,0,0,-1,-1,-1
Alexa_Loren_0001.jpg,3,2,2,2,1,1,1.33826,1.93393,1.6361
Alexa_Vega_0001.jpg,3,2,2,2,1,1,0.881288,1.01445,0.947867
Alexis_Bledel_0001.jpg,3,1,2,2,0,0,-1,-1,-1
Alexis_Dennisoff_0001.jpg,3,2,2,1,1,1,1.87801,0.644941,1.26147
Alex_Cabrera_0001.jpg,3,2,2,1,1,1,0.694383,0.0942004,0.394292
Alex_Cejka_0001.jpg,3,1,2,1,1,1,0.60049,0.950789,0.77564
Alex_Corretja_0001.jpg,3,2,2,1,1,0,0.679333,-1,0.679333
Alex_Gonzalez_0001.jpg,3,2,2,1,1,0,0.688088,-1,0.688088
Alex_Holmes_0001.jpg,3,1,2,1,1,1,1.28287,1.14448,1.21367
Alex_King_0001.jpg,3,2,2,2,1,0,2.30326,-1,2.30326
Alex_Penelas_0001.jpg,3,2,2,1,1,1,1.7008,1.38702,1.54391
Alex_Wallau_0001.jpg,3,1,2,2,1,1,1.17265,0.889202,1.03093
Alex_Zanardi_0001.jpg,3,1,2,1,1,1,0.627695,0.906455,0.767075
Alfonso_Cuaron_0001.jpg,3,2,2,1,1,1,0.660625,1.13809,0.899357
Alfonso_Portillo_0001.jpg,3,1,2,1,0,0,-1,-1,-1
Alfonso_Soriano_0001.jpg,3,1,2,1,1,1,0.722123,0.116437,0.41928
Alfredo_Moreno_0001.jpg,3,1,2,1,1,1,1.84881,0.434281,1.14154
Alfredo_Pena_0001.jpg,3,2,1,1,1,0,0.612005,-1,0.612005
Alfred_Ford_0001.jpg,5,2,2,1,0,0,-1,-1,-1
Alfred_Sant_0001.jpg,3,2,2,1,1,1,0.707275,0.352117,0.529696
Alice_Fisher_0001.jpg,3,2,2,2,1,0,0.747159,-1,0.747159
Alicia_Keys_0001.jpg,3,1,2,2,0,0,-1,-1,-1
Alicia_Molik_0001.jpg,3,2,2,2,1,1,1.60725,1.14283,1.37504
Alicia_Silverstone_0001.jpg,3,1,2,2,0,0,-1,-1,-1
Alicia_Witt_0001.jpg,3,1,2,2,1,1,0.892014,0.966537,0.929276
Alimzhan_Tokhtakhounov_0001.jpg,3,2,2,1,0,0,-1,-1,-1
Alina_Kabaeva_0001.jpg,3,1,2,2,1,1,1.54296,0.418681,0.980819
Aline_Chretien_0001.jpg,3,1,2,2,1,1,1.1556,0.417448,0.786526
Alisha_Richman_0001.jpg,3,2,1,2,1,1,0.492802,0.235478,0.36414
Alistair_MacDonald_0001.jpg,3,1,2,1,1,1,0.679069,0.416238,0.547653
Ali_Abbas_0001.jpg,2,1,2,1,1,1,1.84346,0.870549,1.35701
Ali_Abdullah_Saleh_0001.jpg,4,2,2,1,1,1,1.12864,1.05863,1.09363
Ali_Ahmeti_0001.jpg,3,2,2,1,1,1,0.594461,0.343627,0.469044
Ali_Bin_Hussein_0001.jpg,3,2,2,1,0,0,-1,-1,-1
Ali_Fallahian_0001.jpg,3,2,1,1,1,1,1.45494,0.590692,1.02281
Ali_Naimi_0001.jpg,3,2,1,1,1,1,1.19443,0.582142,0.888284
Allan_Kemakeza_0001.jpg,3,1,2,1,1,1,0.91071,0.707348,0.809029
Allan_Wagner_0001.jpg,3,2,1,1,1,1,1.4674,0.156371,0.811886
Allen_Iverson_0001.jpg,3,2,2,1,1,1,1.27483,1.60445,1.43964
Allison_Janney_0001.jpg,3,2,2,2,1,0,0.69012,-1,0.69012
Allison_Searing_0001.jpg,3,2,2,2,1,1,1.61316,0.374484,0.993824
Allyson_Felix_0001.jpg,3,2,2,2,1,1,0.612969,0.356252,0.48461
Ally_Sheedy_0001.jpg,3,1,2,2,0,0,-1,-1,-1
Alma_Powell_0001.jpg,2,1,1,2,1,1,2.20358,0.565638,1.38461
Almeida_Baptista_0001.jpg,3,2,2,1,1,1,1.39718,0.40953,0.903354
Alonzo_Mourning_0001.jpg,3,2,1,1,1,1,0.699644,0.903517,0.801581
Alvaro_Silva_Calderon_0001.jpg,3,1,1,1,1,1,0.897724,0.661073,0.779399
Alvaro_Uribe_0001.jpg,3,2,1,1,1,1,1.41944,0.527838,0.973637
Alyse_Beaupre_0001.jpg,3,1,2,2,1,1,1.54856,2.15383,1.85119
Aly_Wagner_0001.jpg,3,1,2,2,1,1,1.0374,0.177696,0.60755
Al_Cardenas_0001.jpg,4,2,2,1,1,1,1.44252,0.580334,1.01143
Al_Davis_0001.jpg,3,1,2,1,0,0,-1,-1,-1
Al_Gore_0001.jpg,2,2,2,1,0,0,-1,-1,-1
Al_Leiter_0001.jpg,3,1,2,1,0,0,-1,-1,-1
Al_Pacino_0001.jpg,3,1,2,1,0,0,-1,-1,-1
Al_Sharpton_0001.jpg,3,2,2,1,0,0,-1,-1,-1
Amanda_Beard_0001.jpg,3,1,2,2,0,0,-1,-1,-1
Amanda_Bynes_0001.jpg,3,1,2,2,1,1,1.3604,0.705144,1.03277
Amanda_Coetzer_0001.jpg,4,2,2,2,0,0,-1,-1,-1
Amanda_Marsh_0001.jpg,4,1,2,2,1,0,1.27956,-1,1.27956
Amanda_Plumer_0001.jpg,4,1,2,2,1,1,1.08363,0.801496,0.942562
Amber_Tamblyn_0001.jpg,2,2,2,2,1,1,2.12081,0.569961,1.34539
Amer_al-Saadi_0001.jpg,2,2,2,1,1,1,2.03339,0.285985,1.15969
Amporn_Falise_0001.jpg,3,1,2,2,1,1,1.46326,0.902548,1.1829
Amram_Mitzna_0001.jpg,3,2,1,1,1,1,0.766445,0.501552,0.633999
Amy_Cotton_0001.jpg,3,1,2,2,1,1,0.852864,1.97128,1.41207
Amy_Redford_0001.jpg,3,1,2,2,0,0,-1,-1,-1
Anastasia_Kelesidou_0001.jpg,4,1,2,2,1,1,0.520854,0.312432,0.416643
Anastasia_Myskina_0001.jpg,3,2,2,2,1,1,0.714804,0.57518,0.644992
Anatoliy_Kinakh_0001.jpg,4,2,2,1,0,0,-1,-1,-1
Ana_Claudia_Talancon_0001.jpg,3,1,2,2,0,0,-1,-1,-1
Ana_Guevara_0001.jpg,2,1,2,2,1,1,1.24167,1.01187,1.12677
Ana_Isabel_Sanchez_0001.jpg,3,1,2,2,1,0,0.773031,-1,0.773031
Ana_Paula_Gerard_0001.jpg,3,1,2,2,0,0,-1,-1,-1
Ana_Sebastiao_0001.jpg,3,1,2,2,1,0,0.756431,-1,0.756431
Anderson_Varejao_0001.jpg,3,1,2,2,1,0,0.676891,-1,0.676891
Anders_Ebbeson_0001.jpg,4,1,2,1,1,1,0.695733,0.737289,0.716511
Anders_Fogh_Rasmussen_0001.jpg,3,2,2,1,0,0,-1,-1,-1
Andreas_Vinciguerra_0001.jpg,3,2,2,1,1,0,0.548066,-1,0.548066
Andrea_De_Cruz_0001.jpg,3,1,2,2,1,1,1.10241,1.32276,1.21259
Andrea_Kiser_0001.jpg,3,2,2,2,1,1,0.452584,0.791463,0.622023
Andrea_Yates_0001.jpg,3,2,2,2,1,1,0.594455,1.06297,0.828715
Andrei_Konchalovsky_0001.jpg,3,1,1,1,0,0,-1,-1,-1
Andrei_Mikhnevich_0001.jpg,3,1,2,1,1,0,0.580323,-1,0.580323
Andres_DAlessandro_0001.jpg,3,1,2,1,1,1,0.728599,1.28382,1.00621
Andres_Manuel_Lopez_Obrador_0001.jpg,3,1,2,1,1,1,1.69349,1.05787,1.37568
Andres_Pastrana_0001.jpg,3,2,2,1,1,1,1.52425,0.624467,1.07436
Andrew_Caldecott_0001.jpg,3,1,2,1,1,1,1.35805,0.663231,1.01064
Andrew_Cuomo_0001.jpg,3,2,2,1,0,0,-1,-1,-1
Andrew_Firestone_0001.jpg,2,1,2,1,0,0,-1,-1,-1
Andrew_Gilligan_0001.jpg,3,1,2,1,1,1,1.09839,0.670661,0.884527
Andrew_Jarecki_0001.jpg,3,2,2,1,1,1,0.965498,1.29639,1.13094
Andrew_Sabey_0001.jpg,3,1,2,1,1,1,0.877898,0.80716,0.842529
Andrew_Shutley_0001.jpg,3,2,2,1,1,1,0.818691,1.6347,1.2267
Andre_Agassi_0001.jpg,3,1,2,1,1,1,0.62608,0.737556,0.681818
Andre_Bucher_0001.jpg,3,2,1,1,1,0,0.573533,-1,0.573533
Andre_Techine_0001.jpg,3,2,1,1,0,0,-1,-1,-1
Andrzej_Tyszkiewicz_0001.jpg,3,2,2,1,1,1,1.01204,1.42468,1.21836
Andy_Bryant_0001.jpg,3,1,1,1,1,1,1.00801,2.21695,1.61248
Andy_Garcia_0001.jpg,3,1,2,1,1,1,0.711146,0.214278,0.462712
Andy_Griffith_0001.jpg,3,1,1,1,1,1,1.49525,0.812642,1.15395
Andy_Griggs_0001.jpg,3,1,1,1,0,0,-1,-1,-1
Andy_Hebb_0001.jpg,4,2,2,1,1,1,1.00591,0.811139,0.908527
Andy_Madikians_0001.jpg,3,1,2,1,1,1,0.613324,0.585408,0.599366
Andy_North_0001.jpg,3,1,2,1,0,0,-1,-1,-1
Andy_Perez_0001.jpg,3,1,1,1,1,1,1.34997,0.867566,1.10877
Andy_Roddick_0001.jpg,3,2,2,1,1,1,0.79166,2.10558,1.44862
Andy_Rooney_0001.jpg,3,1,2,1,0,0,-1,-1,-1
Andy_Warhol_0001.jpg,3,2,1,2,1,1,0.749505,0.261005,0.505255
Andy_Wisecarver_0001.jpg,4,2,2,1,0,0,-1,-1,-1
AnFernce_Negron_0001.jpg,3,1,2,1,1,1,0.642148,0.274031,0.45809
Angela_Alvarado_Rosa_0001.jpg,3,2,2,2,1,1,1.13086,0.982973,1.05692
Angela_Lansbury_0001.jpg,3,1,2,2,1,1,0.701842,0.837984,0.769913
Angela_Merkel_0001.jpg,2,1,2,2,0,0,-1,-1,-1
Angelina_Jolie_0001.jpg,3,1,2,2,1,1,0.79051,2.0165,1.40351
Angelo_Genova_0001.jpg,4,1,1,1,1,1,1.31237,0.304686,0.808526
Angelo_Reyes_0001.jpg,2,2,1,1,1,1,2.00984,0.728061,1.36895
Angel_Maza_0001.jpg,3,1,2,1,1,1,2.36103,2.46147,2.41125
Angie_Arzola_0001.jpg,4,2,2,2,1,1,0.996507,2.58559,1.79105
Angie_Martinez_0001.jpg,2,1,1,2,1,1,0.861204,0.988501,0.924852
Anita_DeFrantz_0001.jpg,3,1,2,2,0,0,-1,-1,-1
Anjum_Hussain_0001.jpg,3,2,2,1,1,1,0.583259,0.980855,0.782057
Anna_Chicherova_0001.jpg,3,2,2,2,1,1,0.853576,0.730718,0.792147
Anna_Faris_0001.jpg,3,1,2,2,1,1,0.96793,1.2939,1.13091
Anna_Jones_0001.jpg,3,2,2,2,0,0,-1,-1,-1
Anna_Kournikova_0001.jpg,3,2,2,2,1,1,0.737649,0.553066,0.645358
Anneli_Jaatteenmaki_0001.jpg,3,2,2,2,1,1,1.47309,1.21161,1.34235
Annette_Bening_0001.jpg,3,1,2,2,1,0,0.737301,-1,0.737301
Annette_Lu_0001.jpg,3,1,1,2,1,1,1.13788,1.04716,1.09252
Anne_Cavers_0001.jpg,3,2,2,2,0,0,-1,-1,-1
Anne_Donovan_0001.jpg,4,2,2,2,1,1,0.495803,0.756448,0.626126
Anne_Heche_0001.jpg,2,1,2,2,0,0,-1,-1,-1
Anne_Krueger_0001.jpg,3,2,1,2,1,1,1.1563,0.839242,0.99777
Anne_McLellan_0001.jpg,3,1,1,2,0,0,-1,-1,-1
Annie_Chaplin_0001.jpg,4,1,2,2,0,0,-1,-1,-1
Annie_Machon_0001.jpg,3,1,2,2,1,0,0.792616,-1,0.792616
Ann_Godbehere_0001.jpg,3,2,2,2,1,1,0.499864,0.779955,0.639909
Ann_Veneman_0001.jpg,3,2,2,2,1,1,0.769154,0.993671,0.881412
Antanas_Valionis_0001.jpg,3,1,2,1,1,1,0.705837,0.0957826,0.40081
Anthony_Carter_0001.jpg,3,2,2,1,1,1,0.825134,0.278311,0.551723
Anthony_Corso_0001.jpg,4,1,2,1,1,1,1.66788,0.684904,1.17639
Anthony_Ervin_0001.jpg,4,1,2,1,1,1,0.916044,1.26746,1.09175
Anthony_Fauci_0001.jpg,3,1,1,1,1,1,1.89406,0.443366,1.16871
Anthony_Garotinho_0001.jpg,5,1,2,1,1,0,0.335558,-1,0.335558
Anthony_Hazen_0001.jpg,3,2,1,1,1,1,0.777296,0.497091,0.637193
Anthony_Hopkins_0001.jpg,3,2,2,1,1,1,1.12502,0.549617,0.83732
Anthony_LaPaglia_0001.jpg,4,1,2,1,0,0,-1,-1,-1
Anthony_Mazur_0001.jpg,3,2,2,1,1,0,0.656189,-1,0.656189
Anthony_Pico_0001.jpg,3,1,1,1,0,0,-1,-1,-1
Anthony_Principi_0001.jpg,3,2,1,1,0,0,-1,-1,-1
Anthony_Rackauckas_0001.jpg,3,2,2,1,0,0,-1,-1,-1
Anthony_Scott_Miller_0001.jpg,3,1,2,1,1,1,0.469163,1.03744,0.753303
Antonio_Bernardo_0001.jpg,3,2,2,1,1,1,0.654587,0.356228,0.505407
Antonio_Cassano_0001.jpg,3,2,2,1,1,1,1.30005,1.28446,1.29225
Antonio_Catania_0001.jpg,3,1,2,1,0,0,-1,-1,-1
Antonio_Elias_Saca_0001.jpg,3,2,2,1,0,0,-1,-1,-1
Antonio_Palocci_0001.jpg,4,2,2,1,1,1,0.489611,1.36123,0.925422
Antonio_Trillanes_0001.jpg,3,2,2,1,0,0,-1,-1,-1
Antwun_Echols_0001.jpg,3,2,1,1,1,1,0.607729,0.81186,0.709795
Anwar_Ibrahim_0001.jpg,3,2,1,1,1,1,0.832418,0.114332,0.473375
Anzori_Kikalishvili_0001.jpg,3,1,2,1,1,1,1.66247,0.622477,1.14247
Aparna_Pillai_0001.jpg,3,1,2,2,1,1,1.70755,0.656658,1.18211
Aram_Adler_0001.jpg,3,2,2,1,1,1,1.34564,1.09584,1.22074
Aretha_Franklin_0001.jpg,3,1,2,2,1,0,0.700445,-1,0.700445
Arianna_Huffington_0001.jpg,2,1,2,2,1,0,1.41521,-1,1.41521
Ariel_Sharon_0001.jpg,3,1,2,1,0,0,-1,-1,-1
Arie_Haan_0001.jpg,3,2,2,1,1,1,1.78569,0.538389,1.16204
Ari_Bousbib_0001.jpg,3,1,2,1,0,0,-1,-1,-1
Ari_Fleischer_0001.jpg,3,1,1,1,1,1,1.08858,0.313571,0.701076
Armando_Avila_Panchame_0001.jpg,3,2,2,1,1,1,1.8406,0.720189,1.28039
Armando_Calderon_Sol_0001.jpg,3,2,2,1,0,0,-1,-1,-1
Armando_Carrillo_0001.jpg,3,2,2,1,1,1,1.2357,0.91214,1.07392
Armand_Sargen_0001.jpg,3,2,2,1,0,0,-1,-1,-1
Arminio_Fraga_0001.jpg,5,2,2,1,1,1,1.67139,0.638767,1.15508
Arnaud_Clement_0001.jpg,3,2,2,1,1,1,1.24167,1.03324,1.13745
Arnaud_Lagardere_0001.jpg,3,2,2,1,1,1,1.01535,0.594859,0.805106
Arnoldo_Aleman_0001.jpg,3,2,1,1,1,1,1.44388,0.622431,1.03315
Arnold_Palmer_0001.jpg,3,1,2,1,0,0,-1,-1,-1
Arnold_Schwarzenegger_0001.jpg,4,1,2,1,1,1,0.555222,0.501057,0.52814
Aron_Ralston_0001.jpg,3,2,2,1,0,0,-1,-1,-1
Arsinee_Khanjian_0001.jpg,3,1,2,2,0,0,-1,-1,-1
Arthur_Martinez_0001.jpg,3,2,2,1,1,1,1.28937,0.53499,0.912179
Arturo_Gatti_0001.jpg,3,2,2,1,1,1,1.51311,0.204067,0.858588
Art_Cooper_0001.jpg,4,1,2,1,1,1,0.851786,1.01572,0.933752
Art_Hoffmann_0001.jpg,2,1,2,1,0,0,-1,-1,-1
Art_Howe_0001.jpg,3,1,2,1,1,1,1.07382,0.886685,0.980251
Arye_Mekel_0001.jpg,3,2,1,1,1,1,3.05665,1.2772,2.16693
Asa_Hutchinson_0001.jpg,3,1,2,1,1,1,1.76056,0.827415,1.29399
Ascencion_Barajas_0001.jpg,3,2,2,1,1,1,0.720223,0.681519,0.700871
Ashlea_Talbot_0001.jpg,2,1,2,2,0,0,-1,-1,-1
Ashley_Judd_0001.jpg,3,1,2,2,1,1,1.42961,0.512252,0.970929
Ashley_Olsen_0001.jpg,2,1,2,2,1,1,2.22497,2.96956,2.59727
Ashraf_Ghani_0001.jpg,4,2,2,1,1,1,0.627571,0.471459,0.549515
Asmaa_Assad_0001.jpg,3,1,2,2,1,1,0.940387,0.351762,0.646074
Assad_Ahmadi_0001.jpg,3,2,2,1,0,0,-1,-1,-1
Astou_Ndiaye-Diatta_0001.jpg,3,1,2,2,1,1,0.577734,0.712621,0.645177
Astrid_Betancourt_0001.jpg,3,2,2,2,1,0,1.17902,-1,1.17902
Astrid_Eyzaguirre_0001.jpg,3,1,2,2,0,0,-1,-1,-1
Atal_Bihari_Vajpayee_0001.jpg,2,1,2,1,0,0,-1,-1,-1
Ataollah_Mohajerani_0001.jpg,3,2,2,1,0,0,-1,-1,-1
Atiabet_Ijan_Amabel_0001.jpg,2,1,2,2,1,1,1.03353,0.369603,0.701565
Audrey_Lacroix_0001.jpg,3,1,2,2,1,0,0.791378,-1,0.791378
Audrey_Sauret_0001.jpg,3,2,2,2,1,1,1.09714,1.6719,1.38452
Augustin_Calleri_0001.jpg,3,2,2,1,1,1,0.958054,0.641756,0.799905
Augusto_Pinochet_0001.jpg,3,1,2,1,1,1,0.4215,0.271885,0.346692
Augusto_Roa_Bastos_0001.jpg,3,2,2,1,1,1,1.31438,0.42241,0.868394
Aung_San_Suu_Kyi_0001.jpg,2,2,2,2,1,1,1.9989,0.899438,1.44917
Austin_Kearns_0001.jpg,3,1,2,1,0,0,-1,-1,-1
Azmi_Bishara_0001.jpg,3,2,2,1,1,1,0.728263,0.363378,0.545821
Azra_Akin_0001.jpg,3,1,2,2,0,0,-1,-1,-1
Babe_Ruth_0001.jpg,3,2,2,1,0,0,-1,-1,-1
Baburam_Bhattari_0001.jpg,3,2,2,1,1,0,1.09828,-1,1.09828
Bak_Chang-Ryun_0001.jpg,3,2,1,1,1,1,1.09972,0.560008,0.829863
Barbara_Boxer_0001.jpg,2,2,2,2,1,1,1.739,1.42952,1.58426
Barbara_Brezigar_0001.jpg,3,1,2,2,1,1,1.33244,0.696526,1.01448
Barbara_De_Brun_0001.jpg,3,2,1,2,1,0,0.783971,-1,0.783971
Barbara_Felt-Miller_0001.jpg,3,2,2,2,1,1,0.638602,1.19459,0.916596
Barbara_Roberts_0001.jpg,3,2,1,2,1,1,0.487828,0.969065,0.728446
Barbara_Walters_0001.jpg,3,1,2,2,1,1,1.43353,0.148047,0.79079
Barbora_Strycova_0001.jpg,3,1,2,2,1,1,0.71599,1.24703,0.981511
Barrett_Jackman_0001.jpg,4,1,2,1,1,1,0.716572,0.307399,0.511986
Barry_Bonds_0001.jpg,3,2,2,1,1,1,0.509511,0.973203,0.741357
Barry_Collier_0001.jpg,3,2,2,1,0,0,-1,-1,-1
Barry_Diller_0001.jpg,3,2,2,1,1,1,0.817314,1.1524,0.984859
Barry_Ford_0001.jpg,3,1,2,2,1,1,0.569941,0.716535,0.643238
Barry_Hinson_0001.jpg,3,2,1,1,1,1,0.709351,0.214278,0.461814
Barry_Nakell_0001.jpg,2,2,1,1,1,0,0.608173,-1,0.608173
Barry_Switzer_0001.jpg,3,2,2,1,0,0,-1,-1,-1
Barry_Williams_0001.jpg,3,1,2,1,1,1,0.961766,0.593629,0.777697
Bart_Freundlich_0001.jpg,4,2,2,1,1,1,0.774923,0.39774,0.586331
Bart_Hendricks_0001.jpg,3,2,2,1,0,0,-1,-1,-1
Basdeo_Panday_0001.jpg,3,2,1,1,1,1,0.563725,0.585578,0.574651
Baz_Luhrmann_0001.jpg,3,2,2,1,1,1,1.46388,0.786735,1.12531
BB_King_0001.jpg,3,1,1,1,1,0,0.58236,-1,0.58236
Beatrice_Dalle_0001.jpg,2,1,2,2,1,1,0.890341,0.653559,0.77195
Beatriz_Merino_0001.jpg,3,1,2,2,1,1,0.885523,1.03049,0.958004
Beecher_Ray_Kirby_0001.jpg,3,1,2,1,0,0,-1,-1,-1
Bela_Karolyi_0001.jpg,3,1,2,1,1,1,1.64825,0.905508,1.27688
Benicio_Del_Toro_0001.jpg,3,1,2,1,1,1,2.11164,0.183247,1.14745
Benito_Santiago_0001.jpg,3,2,2,1,1,1,0.748192,0.163683,0.455938
Benjamin_Bratt_0001.jpg,3,1,2,1,1,1,0.867612,0.332316,0.599964
Benjamin_Martinez_0001.jpg,3,1,2,1,1,1,0.679621,0.504339,0.59198
Benjamin_McKenzie_0001.jpg,3,2,2,1,1,0,1.81054,-1,1.81054
Benjamin_Neulander_0001.jpg,3,2,2,1,0,0,-1,-1,-1
Ben_Affleck_0001.jpg,3,1,2,1,1,1,2.11694,0.433861,1.2754
Ben_Braun_0001.jpg,3,2,2,1,1,1,0.598676,0.312432,0.455554
Ben_Broussard_0001.jpg,3,2,2,1,1,1,1.82161,0.263067,1.04234
Ben_Cahoon_0001.jpg,3,1,2,1,0,0,-1,-1,-1
Ben_Cohen_0001.jpg,2,2,2,1,1,1,1.41612,0.31453,0.865327
Ben_Curtis_0001.jpg,3,1,2,1,1,1,1.49123,1.13765,1.31444
Ben_Davis_0001.jpg,3,1,2,1,1,1,1.03016,0.108465,0.569314
Ben_Glisan_0001.jpg,4,2,2,1,1,1,0.990399,0.72796,0.859179
Ben_Howland_0001.jpg,3,1,2,1,0,0,-1,-1,-1
Ben_Kingsley_0001.jpg,3,1,2,1,0,0,-1,-1,-1
Ben_Stein_0001.jpg,3,2,1,1,1,1,0.702682,0.256748,0.479715
Bernardo_Segura_0001.jpg,3,1,2,1,1,1,1.58104,0.697158,1.1391
Bernard_Ebbers_0001.jpg,3,2,2,1,1,1,0.645732,0.382061,0.513897
Bernard_Giraudeau_0001.jpg,3,1,2,1,1,0,1.03451,-1,1.03451
Bernard_Kerik_0001.jpg,4,1,2,1,1,1,0.363667,0.911153,0.63741
Bernard_Law_0001.jpg,3,2,1,1,1,1,1.65765,0.947074,1.30236
Bernard_Siegel_0001.jpg,3,2,1,1,1,1,2.01241,0.995931,1.50417
Bernice_Wong_0001.jpg,3,1,2,2,1,0,0.730892,-1,0.730892
Bertie_Ahern_0001.jpg,2,2,2,1,0,0,-1,-1,-1
Bertrand_Delanoe_0001.jpg,3,1,2,1,0,0,-1,-1,-1
Beth_Blough_0001.jpg,3,2,2,2,1,1,1.20443,0.60721,0.905821
Beth_Jones_0001.jpg,3,2,2,2,0,0,-1,-1,-1
Betsy_Coffin_0001.jpg,4,2,2,2,1,1,1.02629,0.482808,0.754551
Betsy_Smith_0001.jpg,3,1,2,2,1,1,0.537222,0.734483,0.635853
Betty_Garrison_0001.jpg,3,1,1,2,1,1,0.501528,0.797385,0.649456
Beyonce_Knowles_0001.jpg,3,2,2,2,1,1,0.745728,0.695405,0.720567
Bijan_Darvish_0001.jpg,4,2,2,1,1,1,1.68744,0.62981,1.15862
Bijan_Namdar_Zangeneh_0001.jpg,3,2,2,1,1,1,1.76194,0.484266,1.1231
Bilal_Erdogan_0001.jpg,3,1,1,1,1,1,0.721488,0.0515437,0.386516
Biljana_Plavsic_0001.jpg,3,2,2,2,1,1,1.7051,0.431183,1.06814
Billy_Andrade_0001.jpg,3,2,2,1,1,1,1.11723,1.7124,1.41481
Billy_Beane_0001.jpg,2,1,2,1,1,1,2.30643,0.943292,1.62486
Billy_Bob_Thornton_0001.jpg,3,1,1,1,1,1,0.536125,1.14031,0.838217
Billy_Crawford_0001.jpg,3,1,2,1,1,1,0.862513,0.717958,0.790236
Billy_Crystal_0001.jpg,3,1,2,1,0,0,-1,-1,-1
Billy_Edelin_0001.jpg,3,2,2,1,1,1,1.39238,0.847731,1.12005
Billy_Graham_0001.jpg,4,2,2,1,0,0,-1,-1,-1
Billy_Joel_0001.jpg,4,1,2,1,1,1,1.29393,1.05039,1.17216
Billy_Rork_0001.jpg,4,2,2,1,1,1,0.985094,0.641814,0.813454
Billy_Tibbets_0001.jpg,3,1,2,1,0,0,-1,-1,-1
Bill_Belichick_0001.jpg,2,2,2,1,1,1,2.46063,1.55009,2.00536
Bill_Bradley_0001.jpg,3,1,2,1,0,0,-1,-1,-1
Bill_Byrne_0001.jpg,3,1,1,1,1,1,0.743368,0.146416,0.444892
Bill_Callahan_0001.jpg,3,2,2,1,1,1,1.95653,0.941291,1.44891
Bill_Carmody_0001.jpg,3,2,2,1,1,1,0.558802,0.374921,0.466861
Bill_Cartwright_0001.jpg,3,2,1,1,1,1,0.679322,1.64766,1.16349
Bill_Clancy_0001.jpg,3,2,2,1,0,0,-1,-1,-1
Bill_Clinton_0001.jpg,3,2,2,1,0,0,-1,-1,-1
Bill_Curry_0001.jpg,3,1,1,1,1,1,1.30417,0.256227,0.780199
Bill_Duffey_0001.jpg,2,2,1,1,0,0,-1,-1,-1
Bill_Elliott_0001.jpg,3,2,2,1,0,0,-1,-1,-1
Bill_Fennelly_0001.jpg,3,1,2,1,1,1,0.767195,0.733062,0.750129
Bill_Frist_0001.jpg,3,2,2,1,0,0,-1,-1,-1
Bill_Gates_0001.jpg,3,2,1,1,0,0,-1,-1,-1
Bill_Graham_0001.jpg,2,2,1,1,1,1,1.61266,0.632201,1.12243
Bill_Herrion_0001.jpg,3,2,2,1,1,1,1.05911,0.537484,0.798297
Bill_Hughes_0001.jpg,3,1,2,1,1,0,1.07057,-1,1.07057
Bill_King_0001.jpg,2,2,1,1,1,1,0.848074,1.21534,1.03171
Bill_Kong_0001.jpg,3,1,2,1,1,1,2.4104,0.559294,1.48485
Bill_Lerach_0001.jpg,3,2,1,1,1,1,0.806045,0.768076,0.787061
Bill_Mauldin_0001.jpg,3,1,2,1,1,1,1.38067,0.678752,1.02971
Bill_McBride_0001.jpg,3,1,2,1,1,1,0.610544,0.323506,0.467025
Bill_Nelson_0001.jpg,3,1,2,1,1,1,0.887115,0.657454,0.772285
Bill_OReilly_0001.jpg,3,1,2,1,1,1,1.61338,0.63516,1.12427
Bill_Paxton_0001.jpg,3,1,2,1,1,1,0.906431,1.40206,1.15424
Bill_Pryor_0001.jpg,3,1,2,1,1,1,1.26007,0.732443,0.996257
Bill_Rainer_0001.jpg,3,2,1,1,1,1,1.08031,0.494309,0.78731
Bill_Readdy_0001.jpg,4,2,2,1,1,1,0.771645,0.913984,0.842814
Bill_Self_0001.jpg,3,2,2,1,1,1,0.636356,0.40364,0.519998
Bill_Simon_0001.jpg,3,2,1,1,1,1,0.72201,1.31598,1.01899
Bill_Sizemore_0001.jpg,3,2,2,1,1,1,1.95388,0.404182,1.17903
Bill_Stein_0001.jpg,3,1,2,1,1,1,0.426208,1.13668,0.781443
Binyamin_Ben-Eliezer_0001.jpg,4,2,2,1,1,1,1.04171,1.1599,1.1008
Bison_Dele_0001.jpg,3,1,2,1,1,0,0.663115,-1,0.663115
Bixente_LIzarazu_0001.jpg,3,1,2,1,1,0,0.834553,-1,0.834553
BJ_Habibie_0001.jpg,3,1,2,1,0,0,-1,-1,-1
Blas_Ople_0001.jpg,3,1,2,1,1,1,1.53089,0.445934,0.988414
Bobby_Goldwater_0001.jpg,4,2,1,1,1,1,0.661511,0.621926,0.641719
Bobby_Kielty_0001.jpg,3,1,2,1,1,1,0.639539,0.0994658,0.369502
Bobby_Robson_0001.jpg,3,2,2,1,0,0,-1,-1,-1
Bobo_Balde_0001.jpg,3,2,2,1,1,0,0.904482,-1,0.904482
Bob_Alper_0001.jpg,3,1,1,1,1,1,1.73038,1.02093,1.37565
Bob_Bowlsby_0001.jpg,3,1,2,1,1,1,0.806595,0.172287,0.489441
Bob_Cantrell_0001.jpg,3,2,1,1,1,0,1.06586,-1,1.06586
Bob_Colvin_0001.jpg,3,2,2,1,1,1,0.819017,0.462459,0.640738
Bob_Curtis_0001.jpg,3,2,2,1,1,1,1.5324,1.23581,1.38411
Bob_Ferguson_0001.jpg,2,1,2,1,1,1,1.99313,1.88692,1.94003
Bob_Geldof_0001.jpg,3,1,2,1,0,0,-1,-1,-1
Bob_Goldman_0001.jpg,3,1,2,1,0,0,-1,-1,-1
Bob_Guccione_0001.jpg,3,2,2,1,1,1,1.84268,0.459063,1.15087
Bob_Hartley_0001.jpg,3,1,2,1,0,0,-1,-1,-1
Bob_Hayes_0001.jpg,3,1,2,1,0,0,-1,-1,-1
Bob_Herz_0001.jpg,2,1,1,1,1,1,1.92414,0.212419,1.06828
Bob_Holden_0001.jpg,4,2,1,1,0,0,-1,-1,-1
Bob_Hope_0001.jpg,3,2,2,1,0,0,-1,-1,-1
Bob_Huggins_0001.jpg,3,2,2,1,1,1,0.857677,0.273998,0.565838
Bob_Iger_0001.jpg,3,1,2,1,1,1,0.730065,0.273457,0.501761
Bob_Krueger_0001.jpg,3,2,2,1,1,1,1.19148,0.821959,1.00672
Bob_Melvin_0001.jpg,3,1,2,1,1,1,0.481202,0.309968,0.395585
Bob_Menendez_0001.jpg,3,1,1,1,1,1,1.34085,0.528713,0.934782
Bob_Newhart_0001.jpg,3,1,2,1,0,0,-1,-1,-1
Bob_Petrino_0001.jpg,3,2,2,1,1,1,1.7066,0.629085,1.16784
Bob_Riley_0001.jpg,2,2,2,1,1,1,0.891332,0.521438,0.706385
Bob_Stoops_0001.jpg,2,1,2,1,1,1,0.991288,0.687678,0.839483
Bob_Taft_0001.jpg,4,2,1,1,0,0,-1,-1,-1
Bob_Wright_0001.jpg,3,1,2,1,1,1,2.27983,0.183804,1.23182
Bode_Miller_0001.jpg,3,1,2,1,1,1,1.512,0.8812,1.1966
Bonnie_Hunt_0001.jpg,4,1,2,2,0,0,-1,-1,-1
Bono_0001.jpg,2,1,2,1,1,0,1.58182,-1,1.58182
Boris_Berezovsky_0001.jpg,3,2,2,1,1,1,0.821383,0.161488,0.491435
Boris_Henry_0001.jpg,4,1,2,1,0,0,-1,-1,-1
Boris_Jordan_0001.jpg,3,1,2,1,0,0,-1,-1,-1
Boris_Yeltsin_0001.jpg,3,1,2,1,1,1,0.714296,0.565852,0.640074
Bo_Ryan_0001.jpg,3,2,2,1,0,0,-1,-1,-1
Brady_Rodgers_0001.jpg,3,2,2,1,0,0,-1,-1,-1
Brad_Alexander_Smith_0001.jpg,3,1,2,1,1,0,0.566841,-1,0.566841
Brad_Brownell_0001.jpg,3,1,2,1,1,1,1.14446,0.662943,0.9037
Brad_Garrett_0001.jpg,3,1,2,1,1,1,0.629939,0.523675,0.576807
Brad_Gushue_0001.jpg,3,1,2,1,1,1,2.34913,0.436528,1.39283
Brad_Pitt_0001.jpg,3,2,1,1,1,1,1.01746,0.869765,0.943614
Brad_Smith_0001.jpg,3,1,2,1,0,0,-1,-1,-1
Brad_Wilk_0001.jpg,3,1,2,1,0,0,-1,-1,-1
Brajesh_Mishra_0001.jpg,4,2,2,1,1,0,1.65126,-1,1.65126
Brandon_Hammond_0001.jpg,3,2,2,1,1,1,1.08054,0.841952,0.961247
Brandon_Inge_0001.jpg,3,1,2,1,1,0,0.697497,-1,0.697497
Brandon_Knight_0001.jpg,4,2,2,1,1,0,0.566799,-1,0.566799
Brandon_Larson_0001.jpg,3,1,2,1,1,1,0.732646,0.983339,0.857993
Brandon_Lloyd_0001.jpg,3,2,2,1,1,0,0.434002,-1,0.434002
Brandon_Robinson_0001.jpg,3,2,2,1,1,1,0.883631,0.87184,0.877736
Brandon_Spann_0001.jpg,3,2,2,1,1,0,0.631277,-1,0.631277
Brawley_King_0001.jpg,3,2,2,1,1,0,1.45552,-1,1.45552
Brendan_Fraser_0001.jpg,3,1,2,1,0,0,-1,-1,-1
Brendan_Hansen_0001.jpg,3,1,2,1,1,1,0.560252,0.405449,0.482851
Brendan_Stai_0001.jpg,3,1,2,1,1,1,0.621305,0.247299,0.434302
Brenda_Magana_0001.jpg,3,1,2,2,1,0,1.08057,-1,1.08057
Brenda_van_Dam_0001.jpg,3,2,2,2,1,1,0.869364,1.19063,1.03
Brenda_Wilson_0001.jpg,3,1,1,2,1,1,1.00239,0.91733,0.95986
Brennon_Leighton_0001.jpg,3,2,2,1,1,1,1.07346,0.386045,0.729754
Brett_Boone_0001.jpg,3,2,2,1,0,0,-1,-1,-1
Brett_Hawke_0001.jpg,3,1,2,1,1,1,0.66162,0.920229,0.790924
Brian_Billick_0001.jpg,2,1,1,1,1,1,1.53852,1.30969,1.4241
Brian_Campbell_0001.jpg,3,1,2,1,1,1,0.946818,0.615386,0.781102
Brian_Cashman_0001.jpg,3,1,2,1,1,1,0.679313,0.901357,0.790335
Brian_Clemens_0001.jpg,3,1,2,1,0,0,-1,-1,-1
Brian_De_Palma_0001.jpg,3,1,2,1,0,0,-1,-1,-1
Brian_Florence_0001.jpg,3,2,1,1,1,1,1.06628,2.02376,1.54502
Brian_Grazier_0001.jpg,3,1,2,1,1,1,0.999281,0.862894,0.931088
Brian_Gregory_0001.jpg,3,2,2,1,1,1,0.89503,0.54149,0.71826
Brian_Griese_0001.jpg,3,1,2,1,1,1,0.66302,0.99532,0.82917
Brian_Heidik_0001.jpg,2,1,2,1,1,1,1.36973,0.21871,0.794219
Brian_Henson_0001.jpg,3,1,2,1,0,0,-1,-1,-1
Brian_Kerr_0001.jpg,3,1,2,1,1,1,1.05184,0.596417,0.82413
Brian_Lara_0001.jpg,3,1,2,1,1,0,1.09306,-1,1.09306
Brian_Meadors_0001.jpg,3,1,1,1,0,0,-1,-1,-1
Brian_Pavlich_0001.jpg,3,2,2,1,1,1,0.797168,0.304388,0.550778
Brian_Scalabrine_0001.jpg,4,2,2,1,1,1,0.441766,0.424399,0.433083
Brian_Schneider_0001.jpg,3,2,2,1,0,0,-1,-1,-1
Brian_Van_Dusen_0001.jpg,3,1,2,1,0,0,-1,-1,-1
Brian_Weaver_0001.jpg,3,1,2,1,0,0,-1,-1,-1
Brian_Williams_0001.jpg,3,1,2,1,0,0,-1,-1,-1
Bridgette_Wilson-Sampras_0001.jpg,3,1,2,2,1,1,0.702573,0.884988,0.79378
Bridget_Fonda_0001.jpg,2,1,2,2,0,0,-1,-1,-1
Brigitte_Boisselier_0001.jpg,4,1,2,2,0,0,-1,-1,-1
Britney_Spears_0001.jpg,3,1,2,2,1,1,0.609776,0.556116,0.582946
Brittany_Snow_0001.jpg,3,1,2,2,1,1,0.884189,0.883452,0.883821
Bronson_Arroyo_0001.jpg,3,2,2,1,1,1,1.16126,0.801925,0.981593
Brooke_Gordon_0001.jpg,3,1,2,2,1,1,0.904979,0.681451,0.793215
Brooke_Shields_0001.jpg,3,1,2,2,1,1,1.08788,0.680523,0.884203
Brook_Robinson_0001.jpg,3,1,2,1,1,1,1.26386,1.88524,1.57455
Bruce_Arena_0001.jpg,3,2,2,1,0,0,-1,-1,-1
Bruce_Gebhardt_0001.jpg,3,2,2,1,0,0,-1,-1,-1
Bruce_Lunsford_0001.jpg,2,1,2,1,1,1,1.72165,0.613592,1.16762
Bruce_Paltrow_0001.jpg,3,1,1,1,1,1,2.1549,2.48901,2.32196
Bruce_Van_De_Velde_0001.jpg,3,2,2,1,1,1,0.676768,0.365093,0.520931
Bruce_Weber_0001.jpg,3,2,2,1,1,1,0.689041,0.408551,0.548796
Bruce_Willis_0001.jpg,2,2,2,1,0,0,-1,-1,-1
Bruna_Colosio_0001.jpg,3,2,2,2,0,0,-1,-1,-1
Bruno_Junquiera_0001.jpg,3,1,1,1,0,0,-1,-1,-1
Bryan_Adams_0001.jpg,4,1,2,1,1,1,0.958337,2.41363,1.68598
Bryan_Chui_0001.jpg,3,1,2,1,1,1,1.00566,0.426667,0.716166
Bryan_Cooley_0001.jpg,3,2,2,1,1,1,1.57704,1.85005,1.71355
Bryan_Murray_0001.jpg,3,2,2,1,1,1,0.523763,0.462635,0.493199
Bryan_Thomas_0001.jpg,3,2,2,1,1,1,1.06417,0.400276,0.732225
Buck_Rodgers_0001.jpg,2,2,2,1,0,0,-1,-1,-1
Buddy_Ryan_0001.jpg,3,1,1,1,0,0,-1,-1,-1
Budd_Schulberg_0001.jpg,5,1,2,1,0,0,-1,-1,-1
Buford_Blount_0001.jpg,3,1,2,1,0,0,-1,-1,-1
Bustam_A_Zedan_Aljanabi_0001.jpg,4,2,2,1,0,0,-1,-1,-1
Butch_Davis_0001.jpg,3,2,2,1,1,1,0.735437,0.34401,0.539724
Buzz_Hargrove_0001.jpg,4,1,1,1,1,0,1.46751,-1,1.46751
Byron_Scott_0001.jpg,3,2,2,1,1,0,0.819411,-1,0.819411
Cabas_0001.jpg,3,1,2,1,1,1,0.913636,0.83205,0.872843
Caio_Blat_0001.jpg,3,1,2,1,1,1,0.981201,0.745007,0.863104
Calbert_Cheaney_0001.jpg,3,1,2,1,1,1,0.587484,1.1181,0.852793
Calista_Flockhart_0001.jpg,4,1,2,2,1,1,1.70607,0.539944,1.12301
Calvin_Harrison_0001.jpg,3,1,2,1,0,0,-1,-1,-1
Calvin_Joseph_Coleman_0001.jpg,3,2,2,1,1,0,1.34823,-1,1.34823
Cameron_Diaz_0001.jpg,4,1,2,2,1,1,0.70439,0.786258,0.745324
Camilla_Parker_Bowles_0001.jpg,3,1,2,2,1,1,0.836667,0.657635,0.747151
Camille_Colvin_0001.jpg,5,1,2,2,0,0,-1,-1,-1
Camille_Lewis_0001.jpg,3,1,2,2,1,1,0.640523,0.32454,0.482531
Candie_Kung_0001.jpg,3,1,2,2,1,1,1.25866,1.11016,1.18441
Carina_Lau_Ka-ling_0001.jpg,3,1,1,2,1,1,1.53681,0.692839,1.11483
Carla_Del_Ponte_0001.jpg,3,2,1,2,1,1,0.457077,1.99127,1.22417
Carla_Gugino_0001.jpg,4,1,2,2,1,1,0.616232,0.832525,0.724378
Carla_Moreno_0001.jpg,3,1,2,2,1,0,0.747346,-1,0.747346
Carla_Myers_0001.jpg,3,1,2,2,0,0,-1,-1,-1
Carla_Tricoli_0001.jpg,3,1,2,2,0,0,-1,-1,-1
Carlos_Alberto_0001.jpg,3,2,2,1,1,0,0.616488,-1,0.616488
Carlos_Arroyo_0001.jpg,3,2,2,1,1,0,0.80157,-1,0.80157
Carlos_Barra_0001.jpg,3,2,2,1,1,1,0.650286,1.62434,1.13731
Carlos_Barragan_0001.jpg,3,2,2,1,1,0,0.59072,-1,0.59072
Carlos_Beltran_0001.jpg,3,2,2,1,1,1,0.733017,0.644022,0.688519
Carlos_Bianchi_0001.jpg,3,1,1,1,1,1,0.585246,0.503947,0.544596
Carlos_De_Abreu_0001.jpg,3,1,1,1,1,1,0.909125,0.65664,0.782883
Carlos_Fasciolo_0001.jpg,3,1,1,1,1,1,0.663144,0.471405,0.567274
Carlos_Ghosn_0001.jpg,3,2,2,1,1,1,1.83027,0.62776,1.22902
Carlos_Iturgaitz_0001.jpg,2,1,2,1,1,1,1.87198,1.19145,1.53172
Carlos_Juarez_0001.jpg,3,2,2,1,1,1,1.58817,0.385615,0.986893
Carlos_Lordkipanitse_0001.jpg,3,2,2,1,1,1,0.777431,0.388398,0.582915
Carlos_Menem_0001.jpg,3,2,2,1,1,1,0.726044,1.26433,0.995188
Carlos_Moya_0001.jpg,4,2,2,1,1,1,0.999316,0.40381,0.701563
Carlos_Ortega_0001.jpg,3,2,2,1,1,1,1.19837,0.232458,0.715413
Carlos_Paternina_0001.jpg,3,2,2,1,1,0,0.707166,-1,0.707166
Carlos_Queiroz_0001.jpg,3,1,2,1,1,1,0.69542,0.365724,0.530572
Carlos_Ruckauf_0001.jpg,3,2,2,1,1,1,2.30269,0.23956,1.27112
Carlos_Ruiz_0001.jpg,3,1,2,1,1,0,0.592988,-1,0.592988
Carlos_Salinas_0001.jpg,3,1,2,1,0,0,-1,-1,-1
Carlos_Savedra_0001.jpg,3,1,2,1,1,1,0.984144,0.549318,0.766731
Carlo_Ancelotti_0001.jpg,3,2,2,1,1,1,1.41924,0.404931,0.912087
Carlo_Azeglio_Ciampi_0001.jpg,3,2,2,1,0,0,-1,-1,-1
Carlton_Baugh_0001.jpg,3,1,2,1,1,1,0.711413,0.504437,0.607925
Carly_Fiorina_0001.jpg,3,2,2,2,1,1,0.634954,0.825317,0.730135
Carly_Gullickson_0001.jpg,3,2,2,2,1,0,0.573901,-1,0.573901
Carl_Pope_0001.jpg,3,2,2,1,1,1,0.756763,0.45002,0.603392
Carl_Reiner_0001.jpg,4,1,2,1,1,1,0.798727,0.687477,0.743102
Carolina_Barco_0001.jpg,2,1,2,2,1,1,2.79346,1.3641,2.07878
Carolina_Moraes_0001.jpg,3,1,2,2,1,1,0.648143,0.528148,0.588146
Caroline_Dhavernas_0001.jpg,3,1,2,2,0,0,-1,-1,-1
Caroline_Kennedy_0001.jpg,2,2,2,2,1,1,1.67362,0.532241,1.10293
Caroline_Link_0001.jpg,4,1,2,2,1,0,2.31257,-1,2.31257
Carolyn_Kuhl_0001.jpg,3,1,1,2,1,0,1.61043,-1,1.61043
Carol_Burnett_0001.jpg,3,1,2,2,1,0,0.808366,-1,0.808366
Carol_Carmody_0001.jpg,3,2,2,2,1,1,0.804948,0.335895,0.570422
Carol_Williams_0001.jpg,3,2,2,2,1,1,1.58417,0.746742,1.16546
Carroll_Weimer_0001.jpg,3,2,2,1,1,1,0.784927,1.73516,1.26004
Carson_Palmer_0001.jpg,3,1,2,1,1,1,0.670504,1.03405,0.852278
Casey_Crowder_0001.jpg,3,1,2,2,1,1,0.609236,0.443595,0.526415
Casey_Mears_0001.jpg,3,1,2,1,1,1,0.663673,0.291548,0.47761
Cassandra_Heise_0001.jpg,3,1,1,2,1,1,0.911425,1.37141,1.14142
Cass_Ballenger_0001.jpg,3,2,1,1,0,0,-1,-1,-1
Casy_Preslar_0001.jpg,3,1,2,2,1,1,0.537236,0.778658,0.657947
Catherine_Deneuve_0001.jpg,3,1,2,2,1,0,0.647224,-1,0.647224
Catherine_Woodard_0001.jpg,3,2,2,2,1,1,0.594574,0.71269,0.653632
Catherine_Zeta-Jones_0001.jpg,3,1,2,2,1,1,0.870888,0.833077,0.851983
Cathryn_Crawford_0001.jpg,3,2,2,2,1,0,0.597326,-1,0.597326
Cathy_Chisholm_0001.jpg,4,1,1,2,1,1,1.06604,0.640123,0.853082
Cathy_Cunningham_0001.jpg,3,2,1,2,1,1,0.704728,0.975343,0.840036
Cathy_Freeman_0001.jpg,4,1,2,2,1,1,0.912241,0.361752,0.636996
Catriona_Le_May_Doan_0001.jpg,3,1,2,2,0,0,-1,-1,-1
Cecilia_Bolocco_0001.jpg,3,1,2,2,0,0,-1,-1,-1
Cecilia_Chang_0001.jpg,3,1,2,2,1,1,1.12775,1.7099,1.41883
Cecilia_Cheung_0001.jpg,3,1,2,2,1,1,1.18374,0.48086,0.832301
Cedric_Benson_0001.jpg,3,2,2,1,1,1,2.03738,2.5771,2.30724
Celia_Cruz_0001.jpg,3,1,2,2,1,1,0.867885,0.432432,0.650159
Celine_Dion_0001.jpg,3,1,2,2,1,1,0.763023,0.952208,0.857616
Celso_Amorim_0001.jpg,3,2,2,1,1,1,0.895924,0.408025,0.651975
Celso_Lafer_0001.jpg,3,2,1,1,1,1,1.09214,0.752212,0.922174
Cemil_Cicek_0001.jpg,3,1,1,1,1,1,0.855341,0.0926635,0.474002
Cesar_Gaviria_0001.jpg,3,2,1,1,1,1,0.620748,0.430995,0.525871
Chadha_Gurinder_0001.jpg,3,1,2,2,1,1,2.14145,1.89953,2.02049
Chakib_Khelil_0001.jpg,4,1,2,1,0,0,-1,-1,-1
Chance_Mock_0001.jpg,3,1,2,1,1,0,1.08181,-1,1.08181
Chandrika_Kumaratunga_0001.jpg,2,2,2,2,1,1,1.87627,2.8801,2.37819
Chang_Dae-whan_0001.jpg,3,2,2,1,0,0,-1,-1,-1
Chang_Jae_On_0001.jpg,3,2,1,1,1,1,1.639,1.10391,1.37146
Chang_Saio-yue_0001.jpg,3,2,1,2,1,1,0.72461,1.08765,0.906128
Chang_Sang_0001.jpg,3,2,1,2,0,0,-1,-1,-1
Chang_Tso_0001.jpg,3,1,2,1,0,0,-1,-1,-1
Chan_Choi_0001.jpg,3,1,2,1,0,0,-1,-1,-1
Chan_Ho_Park_0001.jpg,4,2,2,1,0,0,-1,-1,-1
Charlene_Barshefsky_0001.jpg,3,1,2,2,1,1,0.958106,0.78902,0.873563
Charles_Bronson_0001.jpg,3,2,2,1,0,0,-1,-1,-1
Charles_Chandler_IV_0001.jpg,3,1,1,1,0,0,-1,-1,-1
Charles_Grassley_0001.jpg,3,2,1,1,1,1,1.64948,0.305734,0.977607
Charles_Holzner_0001.jpg,2,1,1,1,1,1,0.914938,1.62514,1.27004
Charles_Lebois_0001.jpg,3,1,2,1,0,0,-1,-1,-1
Charles_Moose_0001.jpg,3,2,2,1,1,1,0.601299,0.151282,0.37629
Charles_Pickering_0001.jpg,3,1,1,1,0,0,-1,-1,-1
Charles_Pouty_0001.jpg,3,2,1,1,1,1,1.44095,0.262342,0.851646
Charles_Rogers_0001.jpg,3,1,2,1,1,1,0.678373,0.922637,0.800505
Charles_Schumer_0001.jpg,3,2,2,1,1,1,2.55528,0.393159,1.47422
Charles_Tannok_0001.jpg,3,2,2,1,1,1,1.60941,0.618612,1.11401
Charles_Taylor_0001.jpg,3,1,2,1,0,0,-1,-1,-1
Charley_Armey_0001.jpg,4,2,1,1,0,0,-1,-1,-1
Charlie_Deane_0001.jpg,2,2,2,1,0,0,-1,-1,-1
Charlie_Garner_0001.jpg,3,1,2,1,1,1,0.642848,0.249962,0.446405
Charlie_Hunnam_0001.jpg,3,1,2,1,0,0,-1,-1,-1
Charlie_Sheen_0001.jpg,3,1,2,1,1,1,1.19497,1.19257,1.19377
Charlie_Williams_0001.jpg,3,2,1,1,1,1,0.749348,0.894899,0.822124
Charlize_Theron_0001.jpg,3,2,2,2,0,0,-1,-1,-1
Charlotte_Casiraghi_0001.jpg,3,2,2,2,1,1,2.50315,1.10229,1.80272
Charlotte_Chambers_0001.jpg,3,2,2,2,1,1,0.725242,0.680622,0.702932
Charlotte_Church_0001.jpg,3,1,2,2,1,0,0.9852,-1,0.9852
Charlotte_Rampling_0001.jpg,3,2,2,2,1,1,1.35169,1.03331,1.1925
Charlton_Heston_0001.jpg,3,2,1,1,0,0,-1,-1,-1
Charmaine_Crooks_0001.jpg,3,1,2,2,1,1,0.587394,0.869457,0.728425
Chawki_Armali_0001.jpg,2,1,2,1,1,1,2.02174,0.122513,1.07213
Cha_Yung-gu_0001.jpg,3,2,1,1,1,1,0.825359,1.27083,1.04809
Chelsea_Clinton_0001.jpg,3,1,2,2,1,0,1.10559,-1,1.10559
Chen_Kaige_0001.jpg,3,1,2,1,1,1,1.51586,1.34719,1.43152
Chen_Liang_Yu_0001.jpg,3,1,1,1,1,1,0.748697,0.518298,0.633498
Chen_Shui-bian_0001.jpg,3,2,1,1,0,0,-1,-1,-1
Chen_Tsai-chin_0001.jpg,3,2,1,1,0,0,-1,-1,-1
Cherie_Blair_0001.jpg,3,1,2,2,1,1,1.24138,0.533974,0.887676
Cherry_Jones_0001.jpg,3,1,2,2,0,0,-1,-1,-1
Cheryl_Tiegs_0001.jpg,3,1,2,2,1,1,1.61342,0.602844,1.10813
Chhouk_Rin_0001.jpg,3,2,2,1,0,0,-1,-1,-1
Chick_Hearn_0001.jpg,3,1,2,1,1,1,0.642599,0.703973,0.673286
Chin-Feng_Chen_0001.jpg,3,1,2,1,1,1,1.07187,0.711325,0.891595
Chin-Hui_Tsao_0001.jpg,3,1,2,1,1,1,0.869427,0.817492,0.843459
Chip_Ganassi_0001.jpg,3,1,2,1,0,0,-1,-1,-1
Chip_Knight_0001.jpg,3,1,2,1,0,0,-1,-1,-1
Chistian_Stahl_0001.jpg,3,1,2,1,0,0,-1,-1,-1
Chita_Rivera_0001.jpg,3,1,2,2,1,1,0.678115,0.601042,0.639578
Chloe_Sevigny_0001.jpg,2,2,2,2,1,0,2.58216,-1,2.58216
Choi_Sung-hong_0001.jpg,3,1,1,1,1,1,1.39659,0.554026,0.975309
Choi_Yun-yong_0001.jpg,3,1,2,2,1,1,0.942132,0.48685,0.714491
Cho_Myung-kyun_0001.jpg,3,1,1,1,1,1,1.43163,0.684613,1.05812
Christiane_Wulff_0001.jpg,3,1,1,2,1,1,2.22234,0.532696,1.37752
Christian_Bale_0001.jpg,4,1,2,1,1,1,1.06484,0.828489,0.946664
Christian_Fittipaldi_0001.jpg,3,1,2,1,1,1,1.16641,1.05344,1.10993
Christian_Lacroix_0001.jpg,3,1,2,1,1,1,0.595264,0.146416,0.37084
Christian_Lirette_0001.jpg,3,1,2,1,1,1,0.630823,0.420326,0.525575
Christian_Longo_0001.jpg,4,2,2,1,1,1,0.994375,1.14867,1.07152
Christian_Malcolm_0001.jpg,3,1,2,1,1,1,0.559679,0.753675,0.656677
Christian_Patino_0001.jpg,3,1,2,1,1,1,0.919972,1.97168,1.44582
Christian_Von_Wernich_0001.jpg,3,2,1,1,0,0,-1,-1,-1
Christian_Wulff_0001.jpg,3,1,1,1,0,0,-1,-1,-1
Christina_Aguilera_0001.jpg,3,1,2,2,0,0,-1,-1,-1
Christina_Sawaya_0001.jpg,3,1,2,2,1,1,0.600603,0.788358,0.69448
Christine_Arron_0001.jpg,3,2,2,2,1,1,0.728079,1.56698,1.14753
Christine_Baumgartner_0001.jpg,3,1,2,2,1,1,0.662658,0.540089,0.601373
Christine_Gregoire_0001.jpg,3,2,2,2,1,1,0.416099,0.817079,0.616589
Christine_Rau_0001.jpg,3,1,2,2,1,1,0.826045,0.571309,0.698677
Christine_Todd_Whitman_0001.jpg,3,2,2,2,1,1,1.32726,0.917645,1.12245
Christopher_Amolsch_0001.jpg,3,2,2,1,1,1,0.924574,0.0316228,0.478098
Christopher_Matero_0001.jpg,3,1,2,1,1,1,0.812919,0.710436,0.761677
Christopher_Reeve_0001.jpg,3,1,2,1,0,0,-1,-1,-1
Christopher_Russell_0001.jpg,3,1,2,1,1,1,1.34311,1.24305,1.29308
Christopher_Speer_0001.jpg,3,2,2,1,1,1,0.694779,1.03529,0.865034
Christopher_Walken_0001.jpg,3,2,2,1,1,1,0.66525,0.156875,0.411062
Christopher_Whittle_0001.jpg,3,1,2,1,1,1,0.789385,0.303776,0.546581
Christy_Ferer_0001.jpg,2,2,2,2,1,1,2.0175,0.64598,1.33174
Christy_Turlington_0001.jpg,3,1,2,2,1,1,1.44224,0.449745,0.945992
Chris_Andrews_0001.jpg,3,1,2,1,1,1,1.0935,1.23241,1.16296
Chris_Bell_0001.jpg,2,1,2,1,1,1,3.1088,1.44664,2.27772
Chris_Byrd_0001.jpg,3,2,2,1,1,0,0.756926,-1,0.756926
Chris_Cirino_0001.jpg,3,2,2,1,1,1,1.34187,1.04351,1.19269
Chris_Claiborne_0001.jpg,3,1,2,1,1,1,0.704785,0.328687,0.516736
Chris_Columbus_0001.jpg,3,2,2,1,0,0,-1,-1,-1
Chris_Cookson_0001.jpg,3,2,1,1,0,0,-1,-1,-1
Chris_Cooper_0001.jpg,3,1,2,1,0,0,-1,-1,-1
Chris_Forsyth_0001.jpg,3,2,2,1,1,1,0.533743,0.674715,0.604229
Chris_Gratton_0001.jpg,3,2,2,1,0,0,-1,-1,-1
Chris_Hernandez_0001.jpg,3,2,2,1,1,1,0.654499,0.980581,0.81754
Chris_Matthews_0001.jpg,3,1,2,1,0,0,-1,-1,-1
Chris_Neil_0001.jpg,3,2,2,1,1,1,1.32836,0.793471,1.06092
Chris_Noth_0001.jpg,3,1,2,1,1,1,0.806026,0.855531,0.830778
Chris_Penn_0001.jpg,4,1,2,1,0,0,-1,-1,-1
Chris_Pronger_0001.jpg,3,1,2,1,0,0,-1,-1,-1
Chris_Reitsma_0001.jpg,3,2,2,1,0,0,-1,-1,-1
Chris_Rock_0001.jpg,3,1,2,1,1,0,0.548284,-1,0.548284
Chris_Simon_0001.jpg,3,2,2,1,0,0,-1,-1,-1
Chris_Swecker_0001.jpg,3,2,2,1,1,1,0.938342,2.98157,1.95996
Chris_Terry_0001.jpg,3,2,2,1,1,1,0.589384,0.908485,0.748934
Chris_Tucker_0001.jpg,3,2,1,1,1,1,1.45218,0.717005,1.08459
Chris_Whitney_0001.jpg,3,2,2,1,1,1,0.633581,0.820514,0.727047
Chuanyun_Li_0001.jpg,3,1,2,1,1,1,2.83733,0.490029,1.66368
Chuck_Amato_0001.jpg,2,2,2,1,0,0,-1,-1,-1
Chuck_Bednarik_0001.jpg,3,1,2,1,1,1,0.685604,0.563407,0.624505
Chuck_Finley_0001.jpg,3,2,2,1,0,0,-1,-1,-1
Chuck_Hagel_0001.jpg,3,1,2,1,0,0,-1,-1,-1
Chuck_Woolery_0001.jpg,2,1,2,1,0,0,-1,-1,-1
Chuck_Yeager_0001.jpg,2,1,2,1,0,0,-1,-1,-1
Chung_Mong-joon_0001.jpg,3,2,2,1,1,1,0.561968,0.593336,0.577652
Chyung_Dai-chul_0001.jpg,3,2,2,1,1,1,1.41192,0.356217,0.88407
Ciaran_Hinds_0001.jpg,5,2,2,1,1,1,0.95314,1.19755,1.07535
Cindy_Crawford_0001.jpg,3,1,2,2,1,0,0.547374,-1,0.547374
Cindy_Klassen_0001.jpg,3,1,2,2,0,0,-1,-1,-1
Cindy_Margolis_0001.jpg,3,1,2,2,1,1,1.10887,0.709747,0.909308
Cindy_Moll_0001.jpg,3,1,2,2,1,1,0.760534,0.868017,0.814275
Cindy_Taylor_0001.jpg,3,1,2,2,1,1,0.790573,1.06692,0.928749
Cindy_Zagorski_0001.jpg,1,1,2,2,1,1,1.72564,1.28426,1.50495
Claire_Danes_0001.jpg,3,1,2,2,1,1,0.64799,0.651466,0.649728
Claire_Tomalin_0001.jpg,3,2,2,2,1,1,1.20432,0.510783,0.857553
Clara_Harris_0001.jpg,2,2,2,2,1,0,2.19743,-1,2.19743
Clare_Latimer_0001.jpg,3,2,2,2,1,1,0.565983,0.542988,0.554486
Clare_Short_0001.jpg,3,2,2,2,0,0,-1,-1,-1
Claude_Jorda_0001.jpg,3,2,1,1,1,1,0.92363,0.0740797,0.498855
Claudia_Coslovich_0001.jpg,3,2,2,1,1,1,1.2562,0.951156,1.10368
Claudia_Schiffer_0001.jpg,3,1,2,2,0,0,-1,-1,-1
Claudine_Farrell_0001.jpg,3,1,2,2,1,1,0.661844,1.26784,0.964841
Claudio_Ranieri_0001.jpg,2,2,2,1,1,0,0.93363,-1,0.93363
Clay_Aiken_0001.jpg,3,1,2,1,1,1,0.690778,0.546862,0.61882
Clemente_de_la_Vega_0001.jpg,4,2,1,1,0,0,-1,-1,-1
Clifford_Etienne_0001.jpg,3,2,2,1,1,1,1.11893,1.73642,1.42767
Clifford_Robinson_0001.jpg,3,1,2,1,0,0,-1,-1,-1
Cliff_Ellis_0001.jpg,3,2,1,1,0,0,-1,-1,-1
Clint_Eastwood_0001.jpg,3,1,2,1,0,0,-1,-1,-1
Clint_Lamebear_0001.jpg,3,2,2,1,1,1,0.826703,0.166206,0.496454
Coco_dEste_0001.jpg,5,1,2,2,1,1,0.556372,0.832791,0.694581
Cole_Chapman_0001.jpg,3,1,2,1,0,0,-1,-1,-1
Colin_Campbell_0001.jpg,3,2,2,1,1,1,0.751354,0.588542,0.669948
Colin_Cowie_0001.jpg,3,1,2,1,1,0,0.62429,-1,0.62429
Colin_Farrell_0001.jpg,3,2,2,1,1,1,1.12068,1.59741,1.35905
Colin_Montgomerie_0001.jpg,3,1,2,1,1,1,1.6037,0.934414,1.26906
Colin_Phillips_0001.jpg,3,2,2,1,1,1,0.74293,0.165992,0.454461
Colin_Powell_0001.jpg,4,2,1,1,1,1,0.531093,0.728141,0.629617
Colleen_Donovan_0001.jpg,3,1,2,2,1,1,0.901772,0.809405,0.855588
Colleen_Jones_0001.jpg,3,2,2,2,1,1,1.22581,1.13932,1.18256
Colleen_OClair_0001.jpg,4,2,2,2,1,1,0.939242,0.710031,0.824636
Colleen_Ryan_0001.jpg,2,2,1,2,1,1,1.73268,0.685682,1.20918
Collis_Temple_III_0001.jpg,3,2,2,1,1,1,1.54139,1.06066,1.30103
Columba_Bush_0001.jpg,3,2,1,2,1,1,0.902294,0.741373,0.821833
Compay_Segundo_0001.jpg,3,1,2,1,1,1,0.753015,0.327041,0.540028
Conan_OBrien_0001.jpg,3,1,2,1,0,0,-1,-1,-1
Condoleezza_Rice_0001.jpg,3,1,2,2,1,1,0.955269,0.648969,0.802119
Connie_Chung_0001.jpg,2,1,2,2,1,1,0.861318,0.709644,0.785481
Constance_Marie_0001.jpg,3,1,2,2,1,0,0.735166,-1,0.735166
Cora_Cambell_0001.jpg,3,2,2,2,0,0,-1,-1,-1
Coretta_Scott_King_0001.jpg,3,2,2,2,1,1,0.784433,1.30035,1.04239
Corey_Maggette_0001.jpg,3,2,2,1,1,1,1.41018,2.48884,1.94951
Corinne_Coman_0001.jpg,3,1,2,2,1,0,0.948751,-1,0.948751
Corliss_Williamson_0001.jpg,3,2,2,1,1,1,0.681596,1.0943,0.887948
Costas_Simitis_0001.jpg,3,2,1,1,1,1,1.46334,0.319757,0.891549
Courtney_Cox_0001.jpg,3,1,2,2,1,1,1.40819,1.12947,1.26883
Courtney_Love_0001.jpg,3,1,2,2,0,0,-1,-1,-1
Craig_Burley_0001.jpg,3,1,2,1,1,1,1.19458,0.970824,1.0827
Craig_MacTavish_0001.jpg,3,2,2,1,1,1,0.714473,0.694459,0.704466
Craig_Morgan_0001.jpg,3,1,2,1,1,1,1.00776,0.484786,0.746271
Craig_OClair_0001.jpg,4,2,2,1,1,1,1.09374,0.818766,0.956252
Craig_Wilson_0001.jpg,3,2,2,1,1,0,0.665734,-1,0.665734
Crandall_Bowles_0001.jpg,3,2,2,2,1,0,1.97591,-1,1.97591
Crispin_Glover_0001.jpg,3,1,2,1,0,0,-1,-1,-1
Cristiano_da_Matta_0001.jpg,3,2,2,1,1,1,1.25906,0.473134,0.866097
Cristina_Fernandez_0001.jpg,4,1,2,2,0,0,-1,-1,-1
Cristina_Kirchner_0001.jpg,3,1,2,2,1,0,0.755407,-1,0.755407
Cristina_Saralegui_0001.jpg,4,1,2,2,1,1,1.29382,1.56724,1.43053
Cristina_Torrens_Valero_0001.jpg,3,2,2,2,1,1,1.02768,0.991774,1.00973
Cruz_Bustamante_0001.jpg,3,1,2,1,1,1,0.78042,0.32249,0.551455
Curtis_Joseph_0001.jpg,3,1,2,1,1,1,1.11377,0.76195,0.937859
Curtis_Rodriguez_0001.jpg,3,1,2,1,1,1,2.16906,0.324706,1.24688
Curtis_Strange_0001.jpg,3,2,2,1,1,1,1.0284,1.53749,1.28294
Cynthia_Nixon_0001.jpg,2,1,2,2,1,1,1.65391,1.00499,1.32945
Cynthia_Rowley_0001.jpg,3,1,2,2,0,0,-1,-1,-1
Dagmar_Dunlevy_0001.jpg,3,1,2,2,1,1,2.27033,0.754388,1.51236
Daisy_Fuentes_0001.jpg,3,1,2,2,1,1,1.32028,0.629098,0.974691
Dai_Bachtiar_0001.jpg,3,2,2,1,1,1,1.31489,1.25067,1.28278
Dai_Chul_Chyung_0001.jpg,3,1,2,1,1,1,1.3537,0.220601,0.787149
Dalai_Lama_0001.jpg,2,1,1,1,1,1,2.08745,0.1,1.09372
Dale_Bosworth_0001.jpg,3,2,2,1,0,0,-1,-1,-1
Dale_Earnhardt_Jr_0001.jpg,3,1,2,1,1,1,1.63171,1.29873,1.46522
Dalia_Rabin-Pelosoff_0001.jpg,3,2,2,2,1,1,1.32491,0.351598,0.838255
Damon_van_Dam_0001.jpg,3,2,2,1,1,1,0.86655,0.509018,0.687784
DAngelo_Jimenez_0001.jpg,3,2,2,1,1,0,0.813305,-1,0.813305
Daniela_Cicarelli_0001.jpg,2,1,2,2,1,1,1.01564,1.0193,1.01747
Daniele_Bergamin_0001.jpg,2,2,2,1,1,1,1.67382,0.839524,1.25667
Daniele_Hypolito_0001.jpg,3,1,2,2,1,1,1.51202,0.609017,1.06052
Daniele_Nardello_0001.jpg,3,1,2,1,0,0,-1,-1,-1
Danielle_Spencer_0001.jpg,4,1,2,2,0,0,-1,-1,-1
Daniell_Sunjata_0001.jpg,3,1,2,1,1,0,2.24596,-1,2.24596
Daniel_Bruehl_0001.jpg,3,1,2,1,1,1,1.45229,0.493865,0.973075
Daniel_Chin_0001.jpg,3,1,1,1,1,1,0.51712,0.754897,0.636008
Daniel_Coats_0001.jpg,3,2,2,1,1,1,1.36794,0.201164,0.78455
Daniel_Comisso_Urdaneta_0001.jpg,4,2,2,1,1,1,1.97523,1.40997,1.6926
Daniel_Kurtzer_0001.jpg,3,2,1,1,1,1,3.14207,2.84908,2.99558
Daniel_Montenegro_0001.jpg,3,1,2,1,1,0,0.591873,-1,0.591873
Daniel_Montgomery_0001.jpg,3,2,2,1,1,0,1.05115,-1,1.05115
Daniel_Ortega_0001.jpg,3,1,2,1,1,1,0.647294,0.815761,0.731527
Daniel_Osorno_0001.jpg,3,1,2,1,1,0,0.673287,-1,0.673287
Daniel_Patrick_Moynihan_0001.jpg,3,1,1,1,0,0,-1,-1,-1
Daniel_Pearl_0001.jpg,3,1,1,1,0,0,-1,-1,-1
Daniel_Radcliffe_0001.jpg,2,1,2,1,0,0,-1,-1,-1
Daniel_Zelman_0001.jpg,3,1,2,1,1,1,0.875314,0.583982,0.729648
Danis_Tanovic_0001.jpg,3,1,2,1,1,1,1.02922,0.420829,0.725024
Danny_Avalon_0001.jpg,3,1,1,1,1,1,0.924836,1.06743,0.996134
Danny_Elfman_0001.jpg,3,1,1,1,0,0,-1,-1,-1
Danny_Green_0001.jpg,3,2,2,1,1,1,1.08278,1.10197,1.09238
Danny_Morgan_0001.jpg,3,1,2,1,0,0,-1,-1,-1
Dan_Ackroyd_0001.jpg,4,1,1,1,1,1,0.753732,0.396881,0.575306
Dan_Bartlett_0001.jpg,4,1,2,1,1,1,0.454743,1.02003,0.737385
Dan_Boyle_0001.jpg,4,2,2,1,1,1,0.628151,0.745287,0.686719
Dan_Bylsma_0001.jpg,3,2,2,1,1,1,0.764477,0.39667,0.580574
Dan_Guerrero_0001.jpg,3,2,2,1,1,1,2.58044,2.88028,2.73036
Dan_Kellner_0001.jpg,3,1,2,1,1,0,0.701059,-1,0.701059
Dan_LaCoutre_0001.jpg,3,2,2,1,1,0,1.07996,-1,1.07996
Dan_Morales_0001.jpg,3,1,1,1,1,1,1.05637,0.375858,0.716115
Dan_Prinster_0001.jpg,3,2,2,1,1,1,0.771745,0.730551,0.751148
Dan_Quayle_0001.jpg,3,2,2,1,0,0,-1,-1,-1
Dan_Reeves_0001.jpg,3,2,1,1,1,0,0.567972,-1,0.567972
Dan_Snyder_0001.jpg,3,1,1,1,1,1,0.936068,0.456253,0.69616
Darcy_Regier_0001.jpg,4,2,2,1,1,1,1.22616,1.07854,1.15235
Dario_Camuffo_0001.jpg,3,1,1,1,1,1,0.760218,0.234252,0.497235
Dario_Franchitti_0001.jpg,3,1,2,1,1,1,0.658789,0.782638,0.720714
Dariusz_Michalczewski_0001.jpg,3,2,2,1,0,0,-1,-1,-1
Darla_Moore_0001.jpg,3,2,2,2,0,0,-1,-1,-1
Darlene_Garrettson_0001.jpg,3,1,2,2,1,1,0.674611,0.10441,0.38951
Darrell_Dickey_0001.jpg,3,1,2,1,1,1,1.13087,0.449979,0.790425
Darrell_Porter_0001.jpg,3,1,1,1,1,1,0.484544,0.768221,0.626383
Darrell_Royal_0001.jpg,3,1,2,1,0,0,-1,-1,-1
Darren_Clarke_0001.jpg,3,2,2,1,1,1,0.791769,0.429397,0.610583
Darryl_McDaniels_0001.jpg,2,1,2,1,0,0,-1,-1,-1
Darryl_Stingley_0001.jpg,3,2,2,1,0,0,-1,-1,-1
Darvis_Patton_0001.jpg,3,1,2,1,1,1,0.591604,0.111352,0.351478
Daryl_Hannah_0001.jpg,4,1,2,2,1,1,0.955138,0.323961,0.639549
Daryl_Jones_0001.jpg,3,2,2,1,0,0,-1,-1,-1
Daryl_Parks_0001.jpg,3,2,2,1,1,1,1.88995,0.166667,1.02831
Davey_Johnson_0001.jpg,3,1,2,1,0,0,-1,-1,-1
Dave_Barr_0001.jpg,3,2,2,1,0,0,-1,-1,-1
Dave_Campo_0001.jpg,3,1,2,1,0,0,-1,-1,-1
Dave_Johnson_0001.jpg,2,1,2,1,1,1,1.35891,0.314658,0.836784
Dave_Lewis_0001.jpg,3,2,2,1,1,1,2.36294,1.06898,1.71596
Dave_McGinnis_0001.jpg,3,2,2,1,1,1,0.772885,0.881794,0.827339
Dave_McNally_0001.jpg,3,1,2,1,0,0,-1,-1,-1
Dave_Odom_0001.jpg,3,2,1,1,0,0,-1,-1,-1
Dave_Potter_0001.jpg,3,1,2,1,1,1,1.06152,0.521212,0.791364
Dave_Ragone_0001.jpg,3,1,2,1,1,1,1.50234,1.24348,1.37291
Dave_Tucker_0001.jpg,3,2,2,1,0,0,-1,-1,-1
Dave_Wannstedt_0001.jpg,3,1,2,1,1,1,1.27472,1.54193,1.40832
Dave_Williams_0001.jpg,3,1,2,1,0,0,-1,-1,-1
David_Alpay_0001.jpg,3,1,2,1,1,0,2.21279,-1,2.21279
David_Arquette_0001.jpg,3,1,2,1,0,0,-1,-1,-1
David_Ballantyne_0001.jpg,2,2,2,1,0,0,-1,-1,-1
David_Beckham_0001.jpg,3,1,2,1,0,0,-1,-1,-1
David_Bisbal_0001.jpg,3,1,2,1,1,1,0.636541,0.934753,0.785647
David_Blaine_0001.jpg,3,2,2,1,1,1,1.55338,0.757336,1.15536
David_Bowie_0001.jpg,3,2,2,1,1,0,0.627699,-1,0.627699
David_Braley_0001.jpg,3,1,2,1,1,1,0.791822,0.883562,0.837692
David_Brent_0001.jpg,3,2,2,1,1,1,0.865903,1.21044,1.03817
David_Brown_0001.jpg,3,2,2,1,0,0,-1,-1,-1
David_Caraway_0001.jpg,4,2,2,1,1,1,0.818276,0.557531,0.687903
David_Carradine_0001.jpg,3,2,2,1,1,1,1.49206,0.765187,1.12863
David_Caruso_0001.jpg,3,2,2,2,0,0,-1,-1,-1
David_Chase_0001.jpg,2,2,2,1,1,1,2.91941,3.21105,3.06523
David_Collenette_0001.jpg,2,2,1,1,1,1,2.20959,0.982929,1.59626
David_Coulthard_0001.jpg,3,2,2,1,0,0,-1,-1,-1
David_Dewhurst_0001.jpg,3,2,2,1,1,1,0.792607,0.421958,0.607283
David_Dodge_0001.jpg,3,2,1,1,0,0,-1,-1,-1
David_Donohue_0001.jpg,4,2,1,1,1,1,1.0144,0.676902,0.845652
David_Dorfman_0001.jpg,3,1,2,1,1,0,1.84881,-1,1.84881
David_Duval_0001.jpg,3,1,2,1,0,0,-1,-1,-1
David_Eldon_0001.jpg,3,2,1,1,0,0,-1,-1,-1
David_Gest_0001.jpg,3,1,1,1,1,1,0.796122,0.16378,0.479951
David_Glenn_0001.jpg,3,1,1,1,1,1,0.705776,0.330565,0.518171
David_Hannay_0001.jpg,3,2,2,1,1,1,0.742862,0.0588235,0.400843
David_Hanson_0001.jpg,3,1,2,1,1,1,1.24474,0.539263,0.892002
David_Hasselhoff_0001.jpg,3,1,2,1,0,0,-1,-1,-1
David_Heymann_0001.jpg,3,2,2,1,1,1,1.41244,0.132097,0.772266
David_Hilt_0001.jpg,3,1,2,1,1,1,0.487315,0.762859,0.625087
David_Ho_0001.jpg,3,1,1,1,1,1,1.11133,0.661369,0.886348
David_Howard_0001.jpg,2,2,1,1,1,1,1.14538,0.728869,0.937122
David_Leahy_0001.jpg,4,2,1,1,0,0,-1,-1,-1
David_McCullough_0001.jpg,2,2,2,1,1,1,2.25491,0.242536,1.24872
David_Millar_0001.jpg,3,1,2,1,1,0,0.487922,-1,0.487922
David_Modell_0001.jpg,3,1,1,1,0,0,-1,-1,-1
David_Montoya_0001.jpg,3,1,2,1,1,0,0.99662,-1,0.99662
David_Provost_0001.jpg,4,1,2,1,1,1,0.531587,0.372104,0.451846
David_Przybyszewski_0001.jpg,3,2,2,1,1,1,1.73323,2.44642,2.08983
David_Rivkin_Jr_0001.jpg,3,2,1,1,1,1,1.0438,0.137361,0.590582
David_Shayler_0001.jpg,3,1,2,1,0,0,-1,-1,-1
David_Sibleyk_0001.jpg,3,2,2,1,1,1,1.29601,0.763322,1.02967
David_Sousa_0001.jpg,3,1,2,1,1,1,0.554045,1.13209,0.84307
David_Spade_0001.jpg,3,1,2,1,1,1,0.705784,1.10084,0.903314
David_Stern_0001.jpg,4,1,1,1,0,0,-1,-1,-1
David_Suazo_0001.jpg,2,1,2,1,1,1,3.17842,3.15587,3.16715
David_Surrett_0001.jpg,3,2,1,1,0,0,-1,-1,-1
David_Trimble_0001.jpg,3,2,1,1,1,1,1.87056,1.12203,1.4963
David_Wolf_0001.jpg,4,2,2,1,1,1,1.00914,1.28763,1.14839
David_Zeplowitz_0001.jpg,3,1,2,1,1,0,1.41021,-1,1.41021
Davis_Love_III_0001.jpg,3,2,2,1,1,0,1.11196,-1,1.11196
Dean_Barker_0001.jpg,3,2,2,1,0,0,-1,-1,-1
Dean_Jacek_0001.jpg,3,2,2,1,1,1,1.03739,0.212718,0.625055
Dean_Sheremet_0001.jpg,2,1,2,1,1,1,2.76694,3.56552,3.16623
Debbie_Reynolds_0001.jpg,3,1,2,2,1,1,0.635379,0.563054,0.599217
Debra_Brown_0001.jpg,4,1,2,2,1,1,0.666531,1.00992,0.838224
Debra_Messing_0001.jpg,3,1,2,2,0,0,-1,-1,-1
Debra_Rose_0001.jpg,3,2,2,2,1,1,1.65409,0.554482,1.10428
Debra_Shank_0001.jpg,4,2,2,2,1,1,0.913088,0.806893,0.859991
Debra_Yang_0001.jpg,3,2,2,2,1,1,0.749062,0.198253,0.473657
Deena_Burnett_0001.jpg,3,2,2,1,0,0,-1,-1,-1
Deepa_Mehta_0001.jpg,4,1,2,2,1,1,0.498372,0.727515,0.612943
Della_Clara_0001.jpg,3,1,2,2,0,0,-1,-1,-1
Delphine_Chuillot_0001.jpg,2,1,2,2,0,0,-1,-1,-1
Demetrin_Veal_0001.jpg,3,2,2,1,1,0,0.796019,-1,0.796019
Demetrius_Ferraciu_0001.jpg,3,2,2,1,1,1,0.591382,0.806562,0.698972
Demi_Moore_0001.jpg,3,1,2,2,1,1,1.2898,0.617876,0.953839
Denise_Johnson_0001.jpg,3,2,2,1,1,1,2.01497,0.771301,1.39313
Denis_Coderre_0001.jpg,3,2,1,1,1,1,0.506656,0.226707,0.366681
Denis_Fassou-Nguesso_0001.jpg,3,1,2,1,1,1,1.64893,0.0719257,0.860427
Deniz_Baykal_0001.jpg,2,2,1,1,0,0,-1,-1,-1
Dennis_Hastert_0001.jpg,3,1,1,1,1,1,0.450401,0.0343706,0.242386
Dennis_Johnson_0001.jpg,3,2,2,1,1,1,1.06194,1.1689,1.11542
Dennis_Kozlowski_0001.jpg,3,2,2,1,1,1,0.836281,0.217878,0.52708
Dennis_Miller_0001.jpg,3,1,2,1,1,1,1.63729,2.5047,2.07099
Dennis_Oswald_0001.jpg,3,2,2,1,1,1,0.819188,0.997127,0.908157
Denzel_Washington_0001.jpg,3,1,2,1,1,1,1.29471,1.93511,1.61491
Dereck_Whittenburg_0001.jpg,3,2,2,1,1,1,0.778567,0.362971,0.570769
Derek_King_0001.jpg,3,2,2,1,1,0,1.03568,-1,1.03568
Derian_Hatcher_0001.jpg,3,1,2,1,1,1,0.584542,0.85596,0.720251
Derrick_Battie_0001.jpg,3,2,2,1,1,1,0.843857,0.498421,0.671139
Derrick_Rodgers_0001.jpg,3,2,1,1,1,0,1.49795,-1,1.49795
Desiree_Lemosi_0001.jpg,3,2,2,2,1,0,1.29083,-1,1.29083
Desiree_McKenzie_0001.jpg,3,1,2,2,1,1,1.08839,1.71043,1.39941
Desmon_Farmer_0001.jpg,3,2,2,1,1,1,0.459231,0.856608,0.65792
Des_Brown_0001.jpg,3,1,1,1,1,1,1.78315,0.303137,1.04314
Devin_Harris_0001.jpg,4,1,2,1,1,0,0.827899,-1,0.827899
Dewayne_White_0001.jpg,3,1,2,1,0,0,-1,-1,-1
Dexter_Jackson_0001.jpg,3,1,2,1,1,1,0.538159,0.478446,0.508303
Diana_Krall_0001.jpg,3,1,2,2,1,1,0.667813,0.78725,0.727532
Diana_Munz_0001.jpg,3,1,2,2,0,0,-1,-1,-1
Diana_Renee_Valdivieso_Dubon_0001.jpg,3,1,2,2,1,1,0.566876,0.834646,0.700761
Diana_Ross_0001.jpg,3,2,2,2,0,0,-1,-1,-1
Diana_Silvius_0001.jpg,3,1,1,2,1,1,0.898297,0.292488,0.595393
Diana_Taurasi_0001.jpg,3,1,2,2,1,1,0.629327,0.262008,0.445668
Diana_Taylor_0001.jpg,3,1,2,2,1,1,0.596982,0.634804,0.615893
Diane_Green_0001.jpg,2,2,1,2,1,1,2.59649,0.685747,1.64112
Diane_Ladd_0001.jpg,3,2,2,2,1,1,1.65873,1.2299,1.44432
Diane_Lane_0001.jpg,3,1,2,2,0,0,-1,-1,-1
Dianne_Feinstein_0001.jpg,3,2,2,2,1,1,0.607823,1.50747,1.05765
Dianne_Reeves_0001.jpg,3,1,1,2,1,1,0.534203,0.279428,0.406815
Dick_Cheney_0001.jpg,3,2,1,1,0,0,-1,-1,-1
Dick_Clark_0001.jpg,3,1,2,1,0,0,-1,-1,-1
Dick_Jauron_0001.jpg,3,2,2,1,0,0,-1,-1,-1
Dick_Latessa_0001.jpg,3,2,2,1,0,0,-1,-1,-1
Dick_Posthumus_0001.jpg,3,1,2,1,1,1,0.570693,0.773933,0.672313
Dick_Smothers_0001.jpg,3,1,2,1,0,0,-1,-1,-1
Diego_Armando_Maradona_0001.jpg,3,1,2,1,1,1,0.663681,0.786963,0.725322
Diego_Colorado_0001.jpg,3,2,2,1,1,1,1.24965,1.28612,1.26789
Diego_Diego_Lerman_0001.jpg,3,1,2,1,1,1,1.50495,0.566267,1.03561
Dieter_Holzer_0001.jpg,3,2,1,1,1,0,2.12482,-1,2.12482
Dieter_Zetsche_0001.jpg,3,2,1,1,0,0,-1,-1,-1
Dimitar_Berbatov_0001.jpg,4,2,2,1,1,1,1.01873,0.581823,0.800278
Dimitri_Perricos_0001.jpg,3,2,1,1,1,1,0.852319,0.602911,0.727615
Dinah_Turner_0001.jpg,4,1,2,2,1,0,1.36275,-1,1.36275
Dino_de_Laurentis_0001.jpg,3,2,2,1,0,0,-1,-1,-1
Din_Samsudin_0001.jpg,2,1,2,1,1,0,2.31468,-1,2.31468
Dionigi_Tettamanzi_0001.jpg,3,1,2,1,1,1,1.1701,0.776619,0.973358
Dionne_Warwick_0001.jpg,3,1,1,2,1,1,0.596424,0.905077,0.75075
Dion_Glover_0001.jpg,3,1,2,1,1,0,0.850246,-1,0.850246
Dita_Von_Tesse_0001.jpg,3,1,2,2,0,0,-1,-1,-1
Djabir_Said-Guerni_0001.jpg,3,2,2,1,1,1,0.871239,0.959737,0.915488
Doc_Rivers_0001.jpg,3,2,2,1,1,1,0.454179,0.761881,0.60803
Dolly_Parton_0001.jpg,3,1,2,2,1,1,1.20338,0.770389,0.986884
Dominick_Dunne_0001.jpg,3,2,2,1,1,1,2.3943,0.308834,1.35157
Dominic_Monaghan_0001.jpg,3,2,2,1,1,1,1.20298,0.548948,0.875963
Dominique_de_Villepin_0001.jpg,3,1,2,1,0,0,-1,-1,-1
Donald_Carty_0001.jpg,3,2,2,1,1,1,0.840879,0.845765,0.843322
Donald_Fehr_0001.jpg,3,2,2,1,1,1,1.09756,1.64369,1.37063
Donald_Hays_0001.jpg,3,2,1,1,0,0,-1,-1,-1
Donald_Keck_0001.jpg,3,1,1,1,0,0,-1,-1,-1
Donald_Keyser_0001.jpg,4,2,2,1,1,1,0.938493,0.561574,0.750034
Donald_Pettit_0001.jpg,3,1,1,1,1,1,1.2186,0.307545,0.763071
Donald_Regan_0001.jpg,3,2,2,1,1,1,0.549425,0.699709,0.624567
Donald_Rumsfeld_0001.jpg,3,1,1,1,1,1,0.454165,0.666703,0.560434
Donald_Trump_0001.jpg,3,2,2,1,1,1,0.649625,0.591194,0.62041
Donatella_Versace_0001.jpg,3,1,2,2,1,1,0.707217,1.09665,0.901935
Donna_Barrera_0001.jpg,3,2,1,2,1,1,0.861906,0.597048,0.729477
Donna_Brazile_0001.jpg,3,1,2,2,0,0,-1,-1,-1
Donna_Morrissey_0001.jpg,3,2,2,2,1,1,0.693923,1.12919,0.911557
Donna_Shalala_0001.jpg,2,1,2,2,1,1,1.50277,0.583095,1.04293
Donna_Walker_0001.jpg,3,2,1,2,1,1,1.62783,0.874153,1.25099
Donny_Osmond_0001.jpg,3,1,2,1,1,1,0.911271,0.904139,0.907705
Don_Boudria_0001.jpg,4,2,2,1,1,0,1.80242,-1,1.80242
Don_Flanagan_0001.jpg,3,1,2,1,0,0,-1,-1,-1
Don_Henley_0001.jpg,4,2,1,1,0,0,-1,-1,-1
Don_Hewitt_0001.jpg,3,1,2,1,1,1,0.867013,0.664738,0.765876
Don_King_0001.jpg,4,1,1,1,1,1,0.840331,0.502939,0.671635
Don_Lake_0001.jpg,3,1,2,1,0,0,-1,-1,-1
Don_Matthews_0001.jpg,3,2,2,1,0,0,-1,-1,-1
Don_Nickles_0001.jpg,3,2,2,1,0,0,-1,-1,-1
Don_Siegelman_0001.jpg,3,2,1,1,1,1,1.57978,1.153,1.36639
Dora_Bakoyianni_0001.jpg,3,1,2,2,0,0,-1,-1,-1
Doris_Schroeder_0001.jpg,4,1,2,2,0,0,-1,-1,-1
Dorothy_Lamour_0001.jpg,2,1,2,2,0,0,-1,-1,-1
Dorothy_Loudon_0001.jpg,3,1,2,2,0,0,-1,-1,-1
Dorothy_Wilson_0001.jpg,2,1,1,2,1,0,1.43583,-1,1.43583
Dorthy_Moxley_0001.jpg,3,1,1,2,0,0,-1,-1,-1
Dot_Helms_0001.jpg,3,2,2,2,1,1,0.642289,0.61532,0.628805
Douglas_Faneuil_0001.jpg,3,1,2,1,1,1,1.31716,0.60813,0.962643
Douglas_Gansler_0001.jpg,3,2,2,1,1,1,1.75604,0.60174,1.17889
Doug_Christie_0001.jpg,4,1,2,1,1,0,0.796681,-1,0.796681
Doug_Collins_0001.jpg,4,2,2,1,1,1,0.6999,0.564026,0.631963
Doug_Duncan_0001.jpg,3,2,2,1,1,1,0.505607,2.09967,1.30264
Doug_Melvin_0001.jpg,3,2,2,1,0,0,-1,-1,-1
Doug_Moe_0001.jpg,4,1,2,1,1,1,0.417477,0.759342,0.588409
Doug_Racine_0001.jpg,2,2,2,1,1,1,1.68472,0.393341,1.03903
Dragan_Covic_0001.jpg,3,2,2,1,1,1,1.628,3.05641,2.3422
Drew_Barrymore_0001.jpg,5,1,2,2,1,1,0.88661,1.12066,1.00364
Drew_Bledsoe_0001.jpg,3,1,2,1,1,1,1.19808,0.448478,0.823277
Duane_Barber_0001.jpg,3,1,2,1,1,1,2.45371,0.61522,1.53447
Dule_Hill_0001.jpg,3,1,2,1,1,1,0.589301,0.36566,0.47748
Duncan_Fletcher_0001.jpg,3,2,2,1,0,0,-1,-1,-1
Dunn_Lampton_0001.jpg,4,2,2,1,1,1,1.9981,0.269319,1.13371
Dustan_Mohr_0001.jpg,3,2,2,1,1,1,1.0892,1.27073,1.17996
Dustin_Brown_0001.jpg,3,1,2,1,0,0,-1,-1,-1
Du_Qinglin_0001.jpg,2,2,1,1,1,1,0.644506,0.997882,0.821194
Dwain_Kyles_0001.jpg,3,2,2,1,0,0,-1,-1,-1
Dwayne_Wade_0001.jpg,3,1,2,1,1,1,0.544764,0.644183,0.594474
Dyab_Abou_Jahjah_0001.jpg,4,2,2,1,1,1,1.38204,1.85578,1.61891
Dyana_Calub_0001.jpg,3,1,2,2,1,1,0.563465,0.651442,0.607454
Earl_Campbell_0001.jpg,3,2,2,1,1,1,1.35182,0.364216,0.858019
Earl_Counter_0001.jpg,4,2,2,1,1,1,1.40761,0.8701,1.13886
Earl_Fritts_0001.jpg,3,2,2,1,1,1,0.872978,1.02006,0.946517
Earl_Scruggs_0001.jpg,3,1,2,1,0,0,-1,-1,-1
Eddie_Compass_0001.jpg,3,2,2,1,1,1,0.562786,0.763789,0.663288
Eddie_Jordan_0001.jpg,3,1,2,1,1,1,0.877757,0.457733,0.667745
Eddie_Lewis_0001.jpg,3,2,2,1,0,0,-1,-1,-1
Eddie_Lucio_0001.jpg,3,2,2,1,1,1,1.5718,1.222,1.3969
Eddie_Murray_0001.jpg,3,1,2,1,1,0,0.796702,-1,0.796702
Eddie_Sutton_0001.jpg,4,1,2,1,1,1,0.873372,0.557423,0.715398
Eddy_Hartenstein_0001.jpg,2,2,1,1,1,1,1.44144,0.775723,1.10858
Eddy_Merckx_0001.jpg,3,1,2,1,1,1,1.55244,2.1272,1.83982
Edgar_Savisaar_0001.jpg,3,2,1,1,0,0,-1,-1,-1
Edie_Falco_0001.jpg,4,1,2,2,1,0,0.812048,-1,0.812048
Edina_Batar_0001.jpg,3,2,2,2,1,1,0.981704,1.28427,1.13298
Edith_Masai_0001.jpg,3,1,2,2,0,0,-1,-1,-1
Edouard_Michelin_0001.jpg,3,2,2,1,0,0,-1,-1,-1
Eduardo_Chillida_0001.jpg,4,2,2,1,1,1,1.63022,0.369145,0.999685
Eduardo_Duhalde_0001.jpg,3,2,2,1,1,1,1.92675,0.802896,1.36482
Eduardo_Fischer_0001.jpg,3,1,2,1,1,1,0.597945,0.62624,0.612092
Eduardo_Romero_0001.jpg,3,2,2,1,1,1,0.834932,0.511261,0.673097
Eduard_Limonov_0001.jpg,3,1,1,1,0,0,-1,-1,-1
Eduard_Shevardnadze_0001.jpg,3,2,2,1,0,0,-1,-1,-1
Edward_Albee_0001.jpg,4,2,2,1,0,0,-1,-1,-1
Edward_Burns_0001.jpg,3,1,2,1,1,1,1.2611,0.721938,0.991518
Edward_Egan_0001.jpg,2,2,2,1,0,0,-1,-1,-1
Edward_Flynn_0001.jpg,4,2,2,1,1,1,0.74267,0.673905,0.708288
Edward_Greenspan_0001.jpg,3,2,2,1,1,1,1.82276,0.0746186,0.948692
Edward_James_Olmos_0001.jpg,2,1,2,1,1,1,2.26766,0.79879,1.53322
Edward_Johnson_0001.jpg,3,2,1,1,1,1,0.625867,0.648141,0.637004
Edward_Kennedy_0001.jpg,4,2,2,1,1,1,1.63431,0.806144,1.22023
Edward_Lohn_0001.jpg,3,2,2,1,1,1,1.31038,0.394819,0.852597
Edward_Norton_0001.jpg,2,1,2,1,1,1,2.69604,1.22312,1.95958
Edward_Said_0001.jpg,3,2,2,1,1,1,0.753731,0.186177,0.469954
Edward_Seaga_0001.jpg,3,2,2,1,1,0,1.61975,-1,1.61975
Edwina_Currie_0001.jpg,3,2,2,2,0,0,-1,-1,-1
Edwin_Edwards_0001.jpg,2,2,2,1,0,0,-1,-1,-1
Ed_Case_0001.jpg,3,1,2,1,1,1,0.542311,0.756693,0.649502
Ed_Rosenthal_0001.jpg,3,1,2,1,0,0,-1,-1,-1
Ed_Smart_0001.jpg,3,1,2,1,1,1,1.23148,1.36481,1.29815
Ed_Sullivan_0001.jpg,3,2,2,1,0,0,-1,-1,-1
Ed_Wade_0001.jpg,3,1,1,1,1,1,1.18528,0.82596,1.00562
Efrain_Rios_Montt_0001.jpg,3,2,1,1,1,1,0.972591,0.107682,0.540136
Eglis_Yaima_Cruz_0001.jpg,3,1,2,1,1,1,0.990111,0.279152,0.634632
Eileen_Coparropa_0001.jpg,3,1,2,2,1,1,0.468051,0.455307,0.461679
Eileen_Spina_0001.jpg,2,2,2,2,1,1,1.7414,1.06609,1.40374
Einars_Repse_0001.jpg,3,1,2,1,1,1,1.92394,0.30839,1.11617
Ekaterina_Dmitriev_0001.jpg,3,1,2,2,1,1,1.39257,1.53206,1.46232
Ekke_Hard_Forberg_0001.jpg,3,2,2,1,1,1,1.87619,0.366703,1.12145
Eladio_Larez_0001.jpg,3,2,2,1,1,1,0.984707,1.28325,1.13398
Elaine_Chao_0001.jpg,3,2,2,2,1,1,1.1679,0.844797,1.00635
Elena_Dementieva_0001.jpg,3,2,2,2,1,1,0.906748,1.32529,1.11602
Elena_de_Chavez_0001.jpg,4,1,1,2,1,0,2.51013,-1,2.51013
Elena_Tihomirova_0001.jpg,3,1,2,2,0,0,-1,-1,-1
Elgin_Baylor_0001.jpg,3,2,2,1,1,1,0.56893,0.0231063,0.296018
Eliane_Karp_0001.jpg,3,1,2,2,1,1,1.27127,0.139546,0.70541
Elias_Attallah_0001.jpg,3,2,1,1,1,1,1.00081,1.48852,1.24467
Elijah_Wood_0001.jpg,3,1,2,1,1,1,1.34138,0.617337,0.979357
Elijan_Ingram_0001.jpg,3,2,2,1,1,1,0.852283,0.115175,0.483729
Elin_Nordegren_0001.jpg,3,2,1,2,1,1,0.581108,0.989399,0.785254
Eliott_Spitzer_0001.jpg,2,2,2,1,1,0,1.18487,-1,1.18487
Elisabeth_Schumacher_0001.jpg,3,1,2,2,1,1,0.832462,0.480353,0.656408
Elisabeth_Welch_0001.jpg,3,1,2,2,0,0,-1,-1,-1
Elisha_Cuthbert_0001.jpg,3,1,2,2,1,1,1.68362,0.525112,1.10436
Elizabeth_Berkeley_0001.jpg,3,1,2,2,1,0,1.23142,-1,1.23142
Elizabeth_Dole_0001.jpg,4,1,2,2,0,0,-1,-1,-1
Elizabeth_Hill_0001.jpg,3,2,2,2,1,1,0.953382,0.97585,0.964616
Elizabeth_Pena_0001.jpg,3,1,2,2,1,1,1.08252,0.633484,0.858002
Elizabeth_Regan_0001.jpg,3,1,2,2,0,0,-1,-1,-1
Elizabeth_Shue_0001.jpg,2,1,2,2,1,1,2.55033,1.15773,1.85403
Elizabeth_Smart_0001.jpg,3,2,2,2,1,1,1.05555,1.13356,1.09455
Elizabeth_Taylor_0001.jpg,3,1,2,2,1,1,0.702321,1.03566,0.868991
Eliza_Dushku_0001.jpg,3,2,2,2,1,1,0.990763,0.968982,0.979873
Eliza_Manningham-Buller_0001.jpg,3,1,2,2,1,1,0.77113,0.350452,0.560791
Eli_Broad_0001.jpg,3,2,1,1,0,0,-1,-1,-1
Eli_Rosenbaum_0001.jpg,4,2,2,1,1,1,0.670851,0.965242,0.818046
Eli_Stutsman_0001.jpg,4,2,2,1,1,1,0.673792,0.89554,0.784666
Ellen_DeGeneres_0001.jpg,3,1,2,2,1,1,1.76899,0.690842,1.22992
Ellen_Engleman_0001.jpg,4,2,1,2,1,1,1.03652,1.28554,1.16103
Ellen_Martin_0001.jpg,3,1,2,2,1,1,1.0092,0.166809,0.588003
Ellen_Pompeo_0001.jpg,3,1,2,2,1,1,1.44702,0.497752,0.972385
Ellen_Saracini_0001.jpg,4,2,2,2,1,1,0.75559,0.800144,0.777867
Elliott_Mincberg_0001.jpg,3,1,1,1,1,1,1.00593,1.08541,1.04567
Elmar_Brok_0001.jpg,3,2,1,1,0,0,-1,-1,-1
Elsa_Zylberstein_0001.jpg,2,1,2,2,1,1,0.858647,1.75797,1.30831
Elton_John_0001.jpg,3,2,1,1,1,1,0.689245,0.249047,0.469146
Elvis_Costello_0001.jpg,3,1,1,1,1,0,0.963546,-1,0.963546
Elvis_Presley_0001.jpg,3,2,2,1,0,0,-1,-1,-1
El_Hadji_Diouf_0001.jpg,3,2,2,1,1,0,0.809332,-1,0.809332
Emanuel_Ginobili_0001.jpg,3,2,2,1,1,1,0.818433,1.15633,0.98738
Emelie_Loit_0001.jpg,3,2,2,2,1,1,1.55638,1.33856,1.44747
Emile_Lahoud_0001.jpg,5,2,2,1,1,1,1.61667,0.380143,0.998404
Emilio_Azcarraga_Jean_0001.jpg,2,2,2,1,1,0,1.56525,-1,1.56525
Emily_Mason_0001.jpg,3,1,2,2,0,0,-1,-1,-1
Emily_Mortimer_0001.jpg,3,1,2,2,1,1,0.719107,0.407102,0.563104
Emily_Robison_0001.jpg,3,1,2,2,1,1,0.845659,1,0.922829
Eminem_0001.jpg,3,2,2,1,1,0,1.64605,-1,1.64605
Emmanuel_Filiberto_0001.jpg,3,2,2,1,1,1,0.653845,0.329112,0.491479
Emmanuel_Milingo_0001.jpg,3,2,1,1,1,1,1.69948,1.71697,1.70822
Emma_Nicholson_0001.jpg,4,2,2,2,1,1,2.25767,0.808637,1.53315
Emma_Watson_0001.jpg,3,1,2,2,0,0,-1,-1,-1
Emmit_Smith_0001.jpg,3,2,2,1,1,1,0.632709,0.295673,0.464191
Emyr_Jones_Parry_0001.jpg,4,2,2,1,0,0,-1,-1,-1
Enos_Slaughter_0001.jpg,3,2,2,1,0,0,-1,-1,-1
Enrica_Fico_0001.jpg,3,1,2,2,1,1,0.628995,0.792556,0.710776
Enrik_Vendt_0001.jpg,3,1,2,1,1,1,0.536887,0.499376,0.518132
Enrique_Haroldo_Gorriaran_Merlo_0001.jpg,3,1,2,1,0,0,-1,-1,-1
Enrique_Iglesias_0001.jpg,3,2,2,1,1,1,0.559524,0.665632,0.612578
Enrique_Medina_Gomez_0001.jpg,4,2,2,1,0,0,-1,-1,-1
Enrique_Oliu_0001.jpg,3,2,2,1,1,1,1.68568,0.501204,1.09344
Erick_Barkley_0001.jpg,3,2,2,1,0,0,-1,-1,-1
Eric_Bana_0001.jpg,3,1,2,1,0,0,-1,-1,-1
Eric_Benet_0001.jpg,3,1,2,1,1,1,0.933845,1.02202,0.977933
Eric_Christian_Olsen_0001.jpg,3,1,2,1,1,1,0.524335,0.958149,0.741242
Eric_Clapton_0001.jpg,3,2,1,1,1,0,1.33312,-1,1.33312
Eric_Daze_0001.jpg,3,1,2,1,1,1,0.515016,0.825628,0.670322
Eric_Dubin_0001.jpg,4,2,2,1,1,0,1.24956,-1,1.24956
Eric_Hinske_0001.jpg,3,2,2,1,1,0,0.45538,-1,0.45538
Eric_Idle_0001.jpg,3,2,2,1,1,1,0.41856,2.17294,1.29575
Eric_Lindros_0001.jpg,4,2,2,1,1,1,0.738803,1.75617,1.24749
Eric_Robert_Rudolph_0001.jpg,3,2,2,1,0,0,-1,-1,-1
Eric_Rosser_0001.jpg,3,2,2,1,1,1,2.92946,0.70183,1.81564
Eric_Ryan_Donnelly_0001.jpg,3,2,2,1,0,0,-1,-1,-1
Eric_Shinseki_0001.jpg,4,2,2,1,1,1,1.07154,1.13315,1.10235
Eric_Snow_0001.jpg,3,1,2,1,1,1,0.600968,1.30471,0.952838
Eric_Staal_0001.jpg,3,2,2,1,1,1,0.645046,0.777873,0.711459
Eric_Taino_0001.jpg,3,2,2,1,1,1,0.825467,0.478428,0.651947
Eric_Vigouroux_0001.jpg,3,2,2,1,1,1,0.973304,0.597803,0.785553
Erika_Christensen_0001.jpg,3,1,2,2,1,1,0.722809,1.48435,1.10358
Erika_Harold_0001.jpg,3,2,2,2,1,1,1.43858,0.810545,1.12456
Erika_Reyes_0001.jpg,3,1,2,2,1,1,0.671835,0.067082,0.369458
Eriko_Tamura_0001.jpg,3,1,2,2,1,1,0.885917,1.02464,0.955278
Ernesto_Zedillo_0001.jpg,3,2,1,1,1,1,0.76705,0.311115,0.539083
Ernest_Hollings_0001.jpg,2,2,2,1,1,1,1.15434,0.55199,0.853163
Ernie_Els_0001.jpg,3,2,2,1,1,1,1.04761,0.903223,0.975417
Ernie_Harwell_0001.jpg,3,2,1,1,0,0,-1,-1,-1
Ernie_Preate_0001.jpg,3,2,2,1,1,1,1.36723,0.520289,0.943759
Erwin_Abdullah_0001.jpg,3,2,2,1,1,1,0.615276,0.954805,0.785041
Erwin_Mapasseng_0001.jpg,3,2,1,1,1,1,0.561572,0.490734,0.526153
Esad_Landzo_0001.jpg,3,2,2,1,1,1,0.553929,0.518792,0.536361
Esteban_Cordoba-Velazquez_0001.jpg,4,2,2,1,1,1,1.06381,0.742489,0.903151
Estella_Warren_0001.jpg,3,1,2,2,1,1,0.86936,1.50729,1.18832
Estelle_Morris_0001.jpg,2,1,2,2,1,1,1.00741,0.876301,0.941855
Ester_Canadas_0001.jpg,3,2,2,2,1,1,0.958551,0.787107,0.872829
Ethan_Hawke_0001.jpg,3,2,2,1,1,1,1.65373,0.564236,1.10898
Eugene_Melnyk_0001.jpg,3,2,2,1,1,1,2.39032,2.46803,2.42917
Eugene_Teslovic_0001.jpg,3,1,2,2,1,1,0.852373,0.166091,0.509232
Eunice_Barber_0001.jpg,3,1,2,2,1,0,0.58699,-1,0.58699
Eurico_Guterres_0001.jpg,3,2,2,1,1,1,1.25106,0.376875,0.813968
Evander_Holyfield_0001.jpg,3,2,2,1,0,0,-1,-1,-1
Evan_Marriott_0001.jpg,3,2,2,1,1,1,0.839933,0.981429,0.910681
Evan_Rachel_Wood_0001.jpg,3,1,2,2,1,1,0.735732,1.21523,0.975483
Eva_Amurri_0001.jpg,3,1,2,2,1,1,0.810068,0.802932,0.8065
Eva_Herzigova_0001.jpg,2,2,2,2,1,1,1.29455,0.856097,1.07533
Eva_Marie_Saint_0001.jpg,3,1,2,2,1,1,1.81912,0.609468,1.21429
Eva_Mendes_0001.jpg,4,1,2,2,1,1,1.15536,0.740233,0.947797
Eve_Ensler_0001.jpg,3,1,2,2,0,0,-1,-1,-1
Eve_Pelletier_0001.jpg,3,2,2,2,1,1,1.38914,0.856266,1.1227
Evgeni_Plushenko_0001.jpg,3,1,2,1,1,1,0.868969,1.58752,1.22824
Evie_Lazarou_0001.jpg,4,1,2,2,1,1,0.571362,1.56216,1.06676
Evo_Morales_0001.jpg,4,2,2,1,0,0,-1,-1,-1
Ewan_McGregor_0001.jpg,3,1,2,1,1,1,0.640579,0.419939,0.530259
E_Clay_Shaw_0001.jpg,3,2,2,1,1,1,2.14445,0.501033,1.32274
Fabian_Vargas_0001.jpg,3,2,2,1,0,0,-1,-1,-1
Fabrice_Santoro_0001.jpg,3,2,2,1,1,0,1.48982,-1,1.48982
Fabricio_Oberto_0001.jpg,3,2,2,1,1,1,0.605908,0.675725,0.640816
Fann_Wong_0001.jpg,3,1,2,2,1,1,1.0501,1.63075,1.34043
Farida_Ragoonanan_0001.jpg,3,2,2,2,1,1,1.25418,1.06793,1.16105
Fatma_Kusibeh_0001.jpg,5,2,2,2,0,0,-1,-1,-1
Faye_Alibocus_0001.jpg,3,1,2,2,1,0,0.66037,-1,0.66037
Faye_Wong_0001.jpg,3,1,2,2,1,1,0.805799,0.095555,0.450677
Fayssal_Mekdad_0001.jpg,3,2,1,1,1,1,1.01674,1.01998,1.01836
Fazal-ur-Rehman_0001.jpg,3,2,2,1,0,0,-1,-1,-1
Federico_Castelan_Sayre_0001.jpg,3,2,2,1,1,1,0.860437,0.737297,0.798867
Federico_Fellini_0001.jpg,3,1,2,1,0,0,-1,-1,-1
Federico_Trillo_0001.jpg,1,2,2,1,1,1,5.0441,5.59133,5.31772
Feliciano_Lopez_0001.jpg,3,2,2,1,1,0,1.47477,-1,1.47477
Felipe_Fernandez_0001.jpg,3,1,2,1,1,1,0.860553,0.514737,0.687645
Felipe_Perez_Roque_0001.jpg,3,2,2,1,1,1,1.66141,2.17291,1.91716
Felix_Doh_0001.jpg,3,2,2,1,1,1,0.666748,0.654619,0.660684
Felix_Trinidad_0001.jpg,3,1,2,1,1,1,0.498569,0.381913,0.440241
Ferenc_Madl_0001.jpg,3,2,1,1,0,0,-1,-1,-1
Fernando_Hierro_0001.jpg,3,1,2,1,1,1,0.815052,0.741387,0.77822
Fernando_Leon_de_Aranoa_0001.jpg,3,2,2,1,1,0,2.01971,-1,2.01971
Fernando_Sanz_0001.jpg,3,2,2,1,1,1,3.59946,2.75195,3.17571
Fernando_Valenzuela_0001.jpg,3,1,2,1,0,0,-1,-1,-1
Fernando_Velardez_0001.jpg,3,2,2,1,1,1,0.959821,1.17625,1.06803
Festus_Mogae_0001.jpg,3,1,2,1,1,0,1.10368,-1,1.10368
Fidel_Castro_Daiz-Balart_0001.jpg,3,1,2,1,0,0,-1,-1,-1
Filippo_Inzaghi_0001.jpg,3,2,2,1,1,1,0.539742,0.837658,0.6887
Filip_De_Winter_0001.jpg,3,2,2,1,1,1,1.12651,0.845459,0.985983
Fiona_Milne_0001.jpg,3,1,2,2,1,1,0.492459,0.690461,0.59146
Flavia_Delaroli_0001.jpg,3,1,2,2,1,0,0.704847,-1,0.704847
Flavia_Pennetta_0001.jpg,3,2,2,2,0,0,-1,-1,-1
Florecita_Cobian_0001.jpg,3,1,2,2,1,1,0.632999,1.68046,1.15673
Floyd_Keith_0001.jpg,3,2,1,1,0,0,-1,-1,-1
Floyd_Mayweather_0001.jpg,3,1,2,1,0,0,-1,-1,-1
Francesco_Totti_0001.jpg,3,2,2,1,1,1,0.832302,1.06027,0.946286
Frances_Fisher_0001.jpg,3,1,2,2,1,0,0.80401,-1,0.80401
Francisco_Flores_0001.jpg,3,2,1,1,1,1,0.737287,0.658898,0.698092
Francisco_Garcia_0001.jpg,2,2,2,1,1,1,1.97707,1.05944,1.51825
Francisco_Maturana_0001.jpg,2,1,2,1,1,1,1.76552,0.834358,1.29994
Francisco_Santos_0001.jpg,3,1,1,2,1,1,0.416285,0.717348,0.566817
Francis_Collins_0001.jpg,3,2,1,1,0,0,-1,-1,-1
Francis_Ford_Coppola_0001.jpg,3,2,1,1,0,0,-1,-1,-1
Francis_George_0001.jpg,3,2,1,1,1,1,1.60323,0.253202,0.928214
Francis_Mer_0001.jpg,3,2,2,1,1,0,2.0228,-1,2.0228
Francis_Ricciardone_0001.jpg,3,2,2,1,0,0,-1,-1,-1
Franck_Cerutti_0001.jpg,3,1,2,1,1,1,1.27689,0.48234,0.879614
Francois_Ozon_0001.jpg,3,1,2,1,1,1,0.618193,0.958175,0.788184
Franco_Cangele_0001.jpg,3,2,2,1,1,1,0.591309,0.607865,0.599587
Franco_Frattini_0001.jpg,3,2,1,1,1,1,0.746109,0.233277,0.489693
Franko_Simatovic_0001.jpg,3,2,1,1,1,1,1.15095,1.01422,1.08258
Frank_Abagnale_Jr_0001.jpg,3,1,2,1,0,0,-1,-1,-1
Frank_Beamer_0001.jpg,3,2,2,1,0,0,-1,-1,-1
Frank_Cassell_0001.jpg,2,2,2,1,0,0,-1,-1,-1
Frank_Coraci_0001.jpg,2,1,1,1,0,0,-1,-1,-1
Frank_Dunham_Jr_0001.jpg,3,2,1,1,1,1,2.27867,0.154083,1.21638
Frank_Griswold_0001.jpg,3,2,1,1,0,0,-1,-1,-1
Frank_Hilldrup_0001.jpg,3,2,2,1,0,0,-1,-1,-1
Frank_Keating_0001.jpg,4,2,2,1,1,1,0.663638,0.68974,0.676689
Frank_Marshall_0001.jpg,3,2,2,1,0,0,-1,-1,-1
Frank_Murkowski_0001.jpg,3,2,2,1,1,1,0.862849,0.510882,0.686865
Frank_Pallone_0001.jpg,2,2,2,1,0,0,-1,-1,-1
Frank_Schmoekel_0001.jpg,3,2,1,1,1,1,0.806202,0.553497,0.679849
Frank_Sinatra_0001.jpg,2,1,2,1,0,0,-1,-1,-1
Frank_Taylor_0001.jpg,3,2,2,1,1,1,0.570389,0.734483,0.652436
Frank_Van_Ecke_0001.jpg,3,2,2,1,1,1,1.35297,1.04444,1.1987
Frank_Wycheck_0001.jpg,3,2,2,1,1,1,1.41388,0.128501,0.771193
Frank_Zappa_0001.jpg,3,2,2,1,0,0,-1,-1,-1
Franz_Beckenbauer_0001.jpg,3,1,1,1,1,1,0.645724,0.847144,0.746434
Franz_Fischler_0001.jpg,2,1,2,1,0,0,-1,-1,-1
Franz_Gsell_0001.jpg,3,2,2,1,1,1,0.748447,0.144871,0.446659
Franz_Muentefering_0001.jpg,2,1,1,1,1,1,0.895172,0.66549,0.780331
Fran_Drescher_0001.jpg,2,1,2,2,0,0,-1,-1,-1
Freddy_Garcia_0001.jpg,4,2,2,1,1,1,2.29498,0.82459,1.55978
Freddy_Vasques_Kinchokpe_0001.jpg,3,2,2,1,1,1,1.72003,1.35227,1.53615
Frederick_Madden_0001.jpg,3,2,2,1,1,1,0.924148,0.461569,0.692859
Fredric_Seaman_0001.jpg,3,1,1,1,1,1,1.67228,0.689961,1.18112
Fred_Durst_0001.jpg,3,1,2,1,0,0,-1,-1,-1
Fred_Eckhard_0001.jpg,3,2,1,1,0,0,-1,-1,-1
Fred_Funk_0001.jpg,3,1,2,1,1,1,0.83689,0.484982,0.660936
Fred_Swan_0001.jpg,3,1,2,1,0,0,-1,-1,-1
Fred_Wilpon_0001.jpg,3,2,2,1,1,1,1.10807,0.664703,0.886386
Fruit_Chan_0001.jpg,3,1,1,1,1,1,0.793261,0.782534,0.787897
Fujio_Cho_0001.jpg,3,1,1,1,0,0,-1,-1,-1
Fujio_Mitarai_0001.jpg,3,1,1,1,1,1,0.592265,0.884601,0.738433
Gabi_Zimmer_0001.jpg,4,2,2,2,0,0,-1,-1,-1
Gabriella_Bo_0001.jpg,3,1,2,2,1,1,0.803099,0.846122,0.82461
Gabrielle_Rose_0001.jpg,3,1,2,2,1,1,0.555807,0.653513,0.60466
Gabrielle_Union_0001.jpg,3,1,2,2,1,1,0.82391,1.05889,0.9414
Gabriel_Batistuta_0001.jpg,3,2,2,1,1,1,0.640673,0.404454,0.522563
Gabriel_Farhi_0001.jpg,3,2,1,1,1,1,0.652544,0.324651,0.488598
Gabriel_Hughes_0001.jpg,4,2,2,1,1,0,1.30762,-1,1.30762
Gabriel_Jorge_Ferreia_0001.jpg,3,2,1,1,1,1,0.991356,1.49696,1.24416
Gabriel_Valdes_0001.jpg,3,1,1,1,0,0,-1,-1,-1
Gael_Garcia_Bermal_0001.jpg,3,1,2,1,0,0,-1,-1,-1
Galen_Rowell_0001.jpg,3,1,2,1,1,1,1.52915,1.32675,1.42795
Gao_Qiang_0001.jpg,3,2,1,1,1,1,1.06616,0.365985,0.716072
Garry_Alejano_0001.jpg,3,2,2,1,1,0,1.08789,-1,1.08789
Garry_Kasparov_0001.jpg,3,2,2,1,1,1,1.25865,0.59344,0.926047
Garry_McCoy_0001.jpg,4,1,2,1,0,0,-1,-1,-1
Garry_Witherall_0001.jpg,3,2,2,1,1,1,0.715998,0.606756,0.661377
Garth_Drabinsky_0001.jpg,3,2,1,1,1,1,1.45912,0.105246,0.782181
Gary_Bald_0001.jpg,5,2,1,1,0,0,-1,-1,-1
Gary_Barnett_0001.jpg,3,2,2,1,1,1,0.721987,0.70158,0.711784
Gary_Bauer_0001.jpg,2,2,2,1,1,0,3.86707,-1,3.86707
Gary_Bettman_0001.jpg,4,2,2,1,1,1,1.63453,0.586995,1.11076
Gary_Carter_0001.jpg,3,1,2,1,1,1,0.886718,0.637564,0.762141
Gary_Coleman_0001.jpg,3,2,2,1,1,1,1.23899,0.0499376,0.644462
Gary_Forsee_0001.jpg,3,1,2,1,0,0,-1,-1,-1
Gary_Gero_0001.jpg,3,1,2,1,1,1,1.06196,0.399798,0.730877
Gary_Gitnick_0001.jpg,3,1,2,1,0,0,-1,-1,-1
Gary_Leon_Ridgway_0001.jpg,3,2,1,1,1,1,1.42735,2.25144,1.83939
Gary_Locke_0001.jpg,3,2,1,1,1,1,1.07714,1.57666,1.3269
Gary_Marshall_0001.jpg,3,1,2,1,1,1,2.88704,0.445789,1.66642
Gary_Paer_0001.jpg,3,2,2,1,1,1,1.4309,0.646416,1.03866
Gary_Sayler_0001.jpg,3,2,1,1,1,1,1.13309,0.295985,0.714538
Gary_Sinise_0001.jpg,3,1,2,1,1,1,0.644458,0.57458,0.609519
Gary_Stevens_0001.jpg,3,1,2,1,1,1,1.22334,0.455961,0.839649
Gary_Williams_0001.jpg,3,2,2,1,1,1,1.65132,0.903581,1.27745
Gary_Winnick_0001.jpg,3,1,2,1,1,1,0.552381,0.460865,0.506623
Gavyn_Arthur_0001.jpg,3,1,2,1,1,1,2.17297,0.25,1.21148
Gavyn_Davies_0001.jpg,3,1,1,1,0,0,-1,-1,-1
Gene_Keady_0001.jpg,3,2,2,1,0,0,-1,-1,-1
Gennifer_Flowers_0001.jpg,3,2,2,2,1,1,1.51223,0.294086,0.903158
Geno_Auriemma_0001.jpg,4,2,1,1,1,1,1.01394,0.776493,0.895218
Geoff_Dixon_0001.jpg,3,2,2,1,0,0,-1,-1,-1
Geoff_Hoon_0001.jpg,3,2,2,1,1,1,1.05883,0.767939,0.913385
George_Blaney_0001.jpg,3,2,1,1,1,0,0.840853,-1,0.840853
George_Brumley_0001.jpg,3,1,1,1,1,1,1.58233,0.724307,1.15332
George_Clooney_0001.jpg,4,1,2,1,1,0,1.1163,-1,1.1163
George_Foreman_0001.jpg,3,1,2,1,1,1,1.02104,1.00061,1.01083
George_Galloway_0001.jpg,3,2,2,1,1,1,0.603284,0.476477,0.53988
George_Karl_0001.jpg,3,2,2,1,1,1,0.955809,0.804793,0.880301
George_Lopez_0001.jpg,3,2,2,1,0,0,-1,-1,-1
George_Lucas_0001.jpg,3,1,2,1,1,1,1.20967,0.714661,0.962163
George_Maxwell_Richards_0001.jpg,4,2,1,1,0,0,-1,-1,-1
George_Murphy_0001.jpg,3,2,1,1,1,1,1.16163,0.404396,0.783012
George_Pataki_0001.jpg,3,2,2,1,1,1,0.923812,0.636087,0.779949
George_Roy_Hill_0001.jpg,3,1,2,1,1,0,2.34096,-1,2.34096
George_Ryan_0001.jpg,3,2,1,1,1,1,1.25974,0.795285,1.02751
George_Tenet_0001.jpg,3,1,2,1,1,1,1.62884,0.45068,1.03976
George_W_Bush_0001.jpg,3,1,2,1,1,1,0.646127,0.836926,0.741527
Georgia_Giddings_0001.jpg,3,1,2,2,1,1,1.17094,0.766251,0.968595
Georgina_Papin_0001.jpg,3,2,2,2,1,1,0.752819,0.839268,0.796043
Georgi_Parvanov_0001.jpg,3,1,2,1,1,1,1.0431,0.323443,0.68327
Geraldo_Rivera_0001.jpg,3,1,1,1,1,1,1.06768,0.226815,0.647246
Gerald_Barbarito_0001.jpg,3,1,1,1,0,0,-1,-1,-1
Gerald_Calabrese_0001.jpg,3,2,1,1,1,1,1.88576,0.617558,1.25166
Gerald_Fitch_0001.jpg,3,2,2,1,1,1,1.12231,1.44361,1.28296
Gerald_Ford_0001.jpg,2,2,2,1,0,0,-1,-1,-1
Gerald_Riley_0001.jpg,3,2,2,1,1,1,0.589503,0.604551,0.597027
Gerard_Depardieu_0001.jpg,2,2,2,1,1,1,1.22209,0.721817,0.971954
Gerard_Kleisterlee_0001.jpg,3,1,2,1,0,0,-1,-1,-1
Gerard_Tronche_0001.jpg,3,1,1,1,1,1,0.568535,0.521536,0.545036
Gerhard_Schroeder_0001.jpg,3,1,2,1,0,0,-1,-1,-1
Gerrit_Zalm_0001.jpg,3,1,1,1,1,1,2.16789,0.339018,1.25346
Gerry_Kelly_0001.jpg,2,2,1,1,1,1,2.91918,2.09853,2.50886
Ghassan_Elashi_0001.jpg,3,2,1,1,1,0,0.661448,-1,0.661448
Gianna_Angelopoulos-Daskalaki_0001.jpg,4,1,2,2,1,1,1.23723,0.620963,0.929098
Giannina_Facio_0001.jpg,4,1,2,2,1,1,1.43001,0.951993,1.191
Gianni_Agnelli_0001.jpg,3,2,2,1,1,1,0.722207,1.37958,1.05089
Gian_Marco_0001.jpg,4,1,2,1,1,1,1.15236,1.17192,1.16214
Gideon_Black_0001.jpg,3,2,1,1,1,1,1.6081,0.047036,0.82757
Gideon_Yago_0001.jpg,3,1,1,1,1,1,0.540493,0.460977,0.500735
Gilberto_Rodriguez_Orejuela_0001.jpg,2,2,2,1,0,0,-1,-1,-1
Gillian_Anderson_0001.jpg,3,1,2,2,1,1,1.49427,0.691137,1.0927
Gil_Cates_0001.jpg,3,1,1,1,1,1,1.13279,0.408912,0.770853
Gil_de_Ferran_0001.jpg,3,2,2,1,1,1,1.04688,2.15002,1.59845
Gina_Gershon_0001.jpg,3,1,2,2,1,1,1.05491,0.747852,0.901382
Gina_Lollobrigida_0001.jpg,3,2,2,2,1,1,2.06498,0.340056,1.20252
Gina_Torres_0001.jpg,2,1,2,2,1,1,1.51807,1.79494,1.6565
Gisele_Bundchen_0001.jpg,3,2,2,2,1,1,1.00224,0.391121,0.696681
Giulietta_Masina_0001.jpg,3,1,2,2,0,0,-1,-1,-1
Giulio_Andreotti_0001.jpg,3,2,1,1,1,1,1.8644,0.634421,1.24941
Glafcos_Clerides_0001.jpg,3,1,2,1,0,0,-1,-1,-1
Glenn_Rivers_0001.jpg,3,2,2,1,1,1,1.39291,1.12952,1.26121
Glenn_Tilton_0001.jpg,3,2,1,1,1,1,1.69268,0.464951,1.07882
Glen_Clark_0001.jpg,3,1,2,1,1,1,1.80171,0.365688,1.0837
Glen_DaSilva_0001.jpg,3,1,1,1,1,0,0.692197,-1,0.692197
Gloria_Allred_0001.jpg,2,2,2,2,0,0,-1,-1,-1
Gloria_Gaynor_0001.jpg,3,2,2,2,1,1,1.16192,1.0354,1.09866
Gloria_Macapagal_Arroyo_0001.jpg,3,1,2,2,1,1,0.927744,0.943007,0.935375
Gloria_Trevi_0001.jpg,3,2,2,2,1,1,0.637688,0.372371,0.505029
GL_Peiris_0001.jpg,3,2,1,1,1,0,0.624963,-1,0.624963
Goh_Kun_0001.jpg,3,2,2,1,1,1,1.48608,2.41205,1.94907
Goldie_Hawn_0001.jpg,3,1,2,2,0,0,-1,-1,-1
Gong_Li_0001.jpg,3,1,2,2,1,1,0.716487,0.853287,0.784887
Gonzalo_Sanchez_de_Lozada_0001.jpg,3,1,2,1,0,0,-1,-1,-1
Goran_Persson_0001.jpg,3,2,2,1,0,0,-1,-1,-1
Goran_Zivkovic_0001.jpg,3,2,2,1,0,0,-1,-1,-1
Gordana_Grubin_0001.jpg,3,2,2,2,1,1,1.04668,1.01137,1.02903
Gorden_Tallis_0001.jpg,3,2,2,1,1,1,1.53925,0.583588,1.06142
Gordon_Campbell_0001.jpg,3,2,1,1,0,0,-1,-1,-1
Gordon_Cooper_0001.jpg,3,2,2,1,1,1,1.10201,0.683977,0.892991
Gordon_Lightfoot_0001.jpg,3,1,2,1,0,0,-1,-1,-1
Gordon_McDonald_0001.jpg,3,1,2,1,1,0,0.724744,-1,0.724744
Gore_Verbinski_0001.jpg,3,1,2,1,1,1,1.41853,0.914732,1.16663
Grace_Brinell_0001.jpg,3,2,2,2,1,1,1.03176,0.710445,0.871104
Grace_Dodd_0001.jpg,3,1,2,2,1,1,0.80728,1.24808,1.02768
Graciano_Rocchigiani_0001.jpg,3,1,2,1,1,0,1.05245,-1,1.05245
Grady_Irvin_Jr_0001.jpg,3,2,2,1,1,1,1.44793,2.25109,1.84951
Graham_Bentley_0001.jpg,3,2,2,1,0,0,-1,-1,-1
Grant_Hackett_0001.jpg,3,1,2,1,1,0,0.722015,-1,0.722015
Grant_Rossenmeyer_0001.jpg,3,2,2,1,0,0,-1,-1,-1
Gray_Davis_0001.jpg,3,2,2,1,1,1,0.576076,0.629972,0.603024
Gregg_Berhalter_0001.jpg,3,2,2,1,1,1,1.30261,1.10269,1.20265
Gregg_Popovich_0001.jpg,2,2,2,1,1,1,2.01804,1.16602,1.59203
Gregorio_Honasan_0001.jpg,3,2,1,1,1,1,0.682506,0.684372,0.683439
Gregorio_Rosal_0001.jpg,3,2,2,1,1,1,0.931692,1.14898,1.04034
Gregory_Hines_0001.jpg,3,2,1,1,1,1,1.7798,1.58046,1.68013
Gregor_Gysi_0001.jpg,4,2,1,1,0,0,-1,-1,-1
Greg_Frers_0001.jpg,3,1,2,1,0,0,-1,-1,-1
Greg_Gilbert_0001.jpg,4,2,2,1,1,1,0.897546,0.439813,0.668679
Greg_Hennigar_0001.jpg,3,2,2,1,1,1,0.753235,0.262527,0.507881
Greg_Kinnear_0001.jpg,3,2,2,1,1,1,0.557268,0.482995,0.520131
Greg_Kinsey_0001.jpg,3,2,2,1,1,0,0.711894,-1,0.711894
Greg_Ostertag_0001.jpg,3,2,1,1,1,1,1.3737,1.07785,1.22578
Greg_Rusedski_0001.jpg,3,2,2,1,1,1,1.14616,0.811663,0.978909
Gretchen_Mol_0001.jpg,3,1,2,2,0,0,-1,-1,-1
Gro_Harlem_Brundtland_0001.jpg,3,2,2,2,1,1,1.64269,0.689057,1.16587
Guangdong_Ou_Guangyuan_0001.jpg,3,1,2,1,1,1,0.877256,1.17828,1.02777
Guennadi_Chipouline_0001.jpg,3,2,2,1,0,0,-1,-1,-1
Guillaume_Cannet_0001.jpg,3,1,2,1,1,1,1.39507,1.02852,1.21179
Guillaume_Depardieu_0001.jpg,3,2,2,1,1,1,0.880431,0.494464,0.687447
Guillermo_Coria_0001.jpg,3,2,2,1,1,0,0.680798,-1,0.680798
Guillermo_Monroy_0001.jpg,3,1,1,1,1,0,2.27593,-1,2.27593
Guillermo_Ortiz_0001.jpg,3,1,1,1,1,0,1.96894,-1,1.96894
Guillermo_Ruiz_Polanco_0001.jpg,3,2,1,1,1,1,0.562122,0.706943,0.634533
Gunter_Pleuger_0001.jpg,2,2,1,1,0,0,-1,-1,-1
Gustavo_Cisneros_0001.jpg,3,1,2,1,1,1,0.754329,2.69906,1.7267
Gustavo_Franco_0001.jpg,3,1,1,1,1,1,0.788082,0.283928,0.536005
Gustavo_Kuerten_0001.jpg,3,2,2,1,1,1,1.75436,1.09551,1.42494
Gustavo_Noboa_0001.jpg,3,1,1,1,1,0,1.4144,-1,1.4144
Gus_Frerotte_0001.jpg,3,1,2,1,1,1,0.654579,0.428746,0.541663
Gus_Van_Sant_0001.jpg,3,1,2,1,1,1,1.59345,0.338565,0.96601
Guy_Hemmings_0001.jpg,3,2,2,1,0,0,-1,-1,-1
Guy_Ritchie_0001.jpg,4,1,2,1,0,0,-1,-1,-1
Gwendal_Peizerat_0001.jpg,3,1,2,1,1,1,1.08121,0.927128,1.00417
Gwen_Stefani_0001.jpg,3,1,2,2,1,1,1.07511,0.671458,0.873286
Gwyneth_Paltrow_0001.jpg,3,1,2,2,1,0,1.45936,-1,1.45936
Habib_Hisham_0001.jpg,3,2,2,1,1,1,1.0262,0.192945,0.609571
Habib_Rizieq_0001.jpg,3,1,1,1,1,1,1.32044,0.2755,0.797969
Hadley_Bilger_0001.jpg,3,1,2,2,1,1,0.81798,0.525588,0.671784
Halbert_Fillinger_0001.jpg,3,2,1,1,0,0,-1,-1,-1
Halle_Berry_0001.jpg,3,1,2,2,1,1,0.797516,0.85056,0.824038
Hal_Gehman_0001.jpg,4,2,2,1,1,1,0.569471,1.16572,0.867597
Hal_Sellers_0001.jpg,3,2,2,1,1,1,0.96991,1.10491,1.03741
Hal_Sutton_0001.jpg,3,1,2,1,1,1,0.648174,0.324538,0.486356
Hamad_Bin_Isa_al-Khalifa_0001.jpg,3,1,2,1,1,1,0.609213,0.50237,0.555791
Hamad_Bin_Jassim_0001.jpg,3,2,2,1,0,0,-1,-1,-1
Hama_Arba_Diallo_0001.jpg,3,1,2,1,1,1,0.897478,0.138984,0.518231
Hamid_Efendi_0001.jpg,3,2,2,1,1,1,1.35316,0.273888,0.813524
Hamid_Karzai_0001.jpg,3,1,2,1,0,0,-1,-1,-1
Hamzah_Haz_0001.jpg,3,2,2,1,1,1,1.78318,0.470688,1.12693
Hamza_Atiya_Muhsen_0001.jpg,3,2,2,1,1,1,0.834923,0.107304,0.471114
Ham_Pong-sil_0001.jpg,3,1,2,2,1,1,0.927656,0.663978,0.795817
Hanan_Ashrawi_0001.jpg,3,2,2,2,1,1,0.608791,1.17625,0.892518
Hana_Makhmalbaf_0001.jpg,3,1,2,2,1,1,0.535563,0.437048,0.486306
Hana_Sadiq_0001.jpg,3,1,2,2,1,1,0.549766,0.553944,0.551855
Hana_Urushima_0001.jpg,2,1,2,2,1,1,3.94278,1.16655,2.55467
Hank_Aaron_0001.jpg,3,1,2,1,1,0,0.823837,-1,0.823837
Hank_Azaria_0001.jpg,2,1,2,1,0,0,-1,-1,-1
Hanns_Schumacher_0001.jpg,4,2,1,1,1,1,0.515469,0.877045,0.696257
Hans-Christian_Schmid_0001.jpg,2,1,2,1,1,1,1.63296,0.987105,1.31003
Hans_Eichel_0001.jpg,3,1,1,1,0,0,-1,-1,-1
Hans_Leistritz_0001.jpg,3,2,1,1,1,1,0.9854,0.200376,0.592888
Hans_Peter_Briegel_0001.jpg,3,2,2,1,1,1,1.56473,0.301332,0.933033
Han_Sung_Joo_0001.jpg,3,2,1,1,1,1,0.61584,0.478758,0.547299
Harland_Braun_0001.jpg,3,2,2,1,0,0,-1,-1,-1
Harold_Brown_0001.jpg,3,2,2,1,1,1,1.22945,0.316045,0.772747
Harriet_Lessy_0001.jpg,3,1,2,2,1,1,0.713343,0.40994,0.561641
Harrison_Ford_0001.jpg,3,1,2,1,1,1,0.520482,0.713524,0.617003
Harry_Belafonte_0001.jpg,4,1,2,1,1,1,0.714959,0.167574,0.441267
Harry_Schmidt_0001.jpg,2,2,2,1,0,0,-1,-1,-1
Hartmut_Mehdorn_0001.jpg,1,2,2,1,1,1,5.65031,1.84391,3.74711
Harvey_Fierstein_0001.jpg,3,1,1,1,0,0,-1,-1,-1
Harvey_Wachsman_0001.jpg,3,2,2,1,0,0,-1,-1,-1
Harvey_Weinstein_0001.jpg,3,1,2,1,0,0,-1,-1,-1
Hasan_Wirayuda_0001.jpg,3,2,1,1,0,0,-1,-1,-1
Hashan_Tillakaratne_0001.jpg,3,2,2,1,1,0,0.712964,-1,0.712964
Hashim_Thaci_0001.jpg,3,1,2,1,1,0,1.10156,-1,1.10156
Hassanal_Bolkiah_0001.jpg,3,2,2,1,0,0,-1,-1,-1
Hassan_Nasrallah_0001.jpg,3,1,1,1,0,0,-1,-1,-1
Hassan_Wirajuda_0001.jpg,3,1,1,1,1,1,1.5035,1.12943,1.31646
Haydar_Aliyev_0001.jpg,3,2,2,1,0,0,-1,-1,-1
Hayden_Panettiere_0001.jpg,3,1,2,2,0,0,-1,-1,-1
Hayley_Tullett_0001.jpg,3,1,2,2,1,1,0.649093,0.514068,0.58158
Heather_Locklear_0001.jpg,3,1,2,2,1,1,1.07522,1.68037,1.37779
Heather_Mills_0001.jpg,3,1,2,2,0,0,-1,-1,-1
Heather_Whitestone_McCallum_0001.jpg,3,1,2,2,0,0,-1,-1,-1
Heather_Willson_0001.jpg,3,2,1,1,0,0,-1,-1,-1
Hector_Babenco_0001.jpg,3,2,2,1,0,0,-1,-1,-1
Hector_Grullon_0001.jpg,3,1,1,1,1,0,0.845642,-1,0.845642
Hector_Mitelman_0001.jpg,3,1,2,1,1,1,0.637953,0.809008,0.723481
Hedayat_Amin_Arsala_0001.jpg,3,2,2,1,0,0,-1,-1,-1
Hee-Won_Han_0001.jpg,3,2,2,2,1,1,1.13397,2.08717,1.61057
Heidi_Fleiss_0001.jpg,3,2,2,2,1,1,0.918291,0.171344,0.544818
Heidi_Klum_0001.jpg,3,1,2,2,1,1,1.00172,0.704308,0.853016
Heinrich_Wolfgang_0001.jpg,3,2,1,1,1,0,0.654348,-1,0.654348
Heinz_Feldmann_0001.jpg,3,2,2,1,0,0,-1,-1,-1
Helena_Schneider_0001.jpg,3,1,2,2,1,1,1.06398,2.24448,1.65423
Helene_Eksterowicz_0001.jpg,3,1,2,2,1,1,0.744951,0.613071,0.679011
Helen_Alvare_0001.jpg,3,2,2,2,1,1,0.982974,0.90881,0.945892
Helen_Clark_0001.jpg,3,2,2,2,1,1,0.767443,0.112651,0.440047
Helen_Darling_0001.jpg,3,2,2,2,1,1,1.34039,2.77272,2.05655
Helmut_Panke_0001.jpg,3,2,2,1,1,1,0.481097,0.790971,0.636034
Henk_Bekedam_0001.jpg,3,1,1,1,1,1,0.558903,1.01904,0.788971
Henri_Proglio_0001.jpg,3,1,2,1,1,1,0.776458,1.34975,1.06311
Henry_Castellanos_0001.jpg,3,2,2,1,0,0,-1,-1,-1
Henry_Hilow_0001.jpg,4,2,2,1,0,0,-1,-1,-1
Henry_Hyde_0001.jpg,3,2,1,1,0,0,-1,-1,-1
Henry_Kissinger_0001.jpg,4,2,1,1,1,1,0.809251,0.470392,0.639821
Henry_Suazo_0001.jpg,3,1,1,1,1,1,1.17641,1.29282,1.23461
Herbie_Hancock_0001.jpg,3,1,1,1,1,1,0.57593,0.472845,0.524388
Herb_Brooks_0001.jpg,2,1,1,1,1,1,2.91815,0.965734,1.94194
Herb_Dhaliwal_0001.jpg,3,2,2,1,0,0,-1,-1,-1
Herb_Sendek_0001.jpg,2,1,2,1,1,1,4.03813,1.55299,2.79556
Hermann_Maier_0001.jpg,3,1,2,1,1,0,1.46709,-1,1.46709
Herman_Edwards_0001.jpg,3,2,2,1,1,1,0.647982,0.607882,0.627932
Herman_Moore_0001.jpg,3,1,2,1,1,1,0.593377,0.260144,0.426761
Hermes_Gamonal_0001.jpg,3,2,2,1,1,1,0.829049,0.265644,0.547346
Hermogenes_Ebdane_Jr_0001.jpg,3,2,1,1,1,1,2.26696,0.68365,1.47531
Hichiro_Naemura_0001.jpg,3,2,2,1,1,1,1.86074,0.308909,1.08482
Hideki_Matsui_0001.jpg,3,1,2,1,0,0,-1,-1,-1
Hideki_Sato_0001.jpg,3,1,2,1,1,1,1.88537,0.0242536,0.954809
Hidetoshi_Nakata_0001.jpg,3,2,2,1,0,0,-1,-1,-1
Hikmat_al-Azzawi_0001.jpg,3,2,2,1,0,0,-1,-1,-1
Hilary_Duff_0001.jpg,3,1,2,2,1,1,0.821773,0.503917,0.662845
Hilda_Fortune_0001.jpg,3,1,1,2,1,1,0.62087,1.22311,0.921988
Hillary_Clinton_0001.jpg,3,1,2,2,1,1,0.628688,0.723241,0.675964
Hilmi_Akin_Zorlu_0001.jpg,3,1,1,1,0,0,-1,-1,-1
Hilmi_Ozkok_0001.jpg,3,2,1,1,0,0,-1,-1,-1
Himmler_Rebu_0001.jpg,3,2,1,1,0,0,-1,-1,-1
Hipolito_Mejia_0001.jpg,3,1,1,1,0,0,-1,-1,-1
Hiroki_Gomi_0001.jpg,3,2,1,1,1,1,0.995703,1.00871,1.00221
Hiroyuki_Yoshino_0001.jpg,3,1,2,1,1,1,1.17628,0.947978,1.06213
Hisao_Oguchi_0001.jpg,3,1,2,1,1,1,0.775717,0.486762,0.63124
Hisashi_Owada_0001.jpg,3,1,1,1,1,1,0.981497,0.399416,0.690457
Hisham_Halawi_0001.jpg,3,2,2,1,1,1,1.70295,1.30117,1.50206
Hitomi_Soga_0001.jpg,2,2,2,2,0,0,-1,-1,-1
Hitoshi_Oshitani_0001.jpg,3,2,1,1,1,1,0.693205,0.503645,0.598425
Hitoshi_Tanaka_0001.jpg,3,1,2,1,0,0,-1,-1,-1
Hoda_Asfor_0001.jpg,3,2,2,2,1,1,1.48177,0.749307,1.11554
Holly_Hunter_0001.jpg,2,1,2,2,1,0,1.59447,-1,1.59447
Holly_Robinson_Peete_0001.jpg,3,1,2,2,1,1,0.941836,0.708906,0.825371
Hong_Myung_0001.jpg,3,2,2,1,1,1,1.36245,0.333241,0.847844
Horace_Newcomb_0001.jpg,3,1,1,1,1,0,1.17362,-1,1.17362
Horacio_Julio_Pina_0001.jpg,3,2,2,1,1,1,0.778118,0.769065,0.773591
Horst_Koehler_0001.jpg,3,2,2,1,1,1,1.75739,0.0701172,0.913755
Hosni_Mubarak_0001.jpg,3,1,2,1,0,0,-1,-1,-1
Howard_Dean_0001.jpg,3,2,2,1,0,0,-1,-1,-1
Howard_Ross_0001.jpg,3,1,1,1,0,0,-1,-1,-1
Howard_Schultz_0001.jpg,3,1,2,1,0,0,-1,-1,-1
Howard_Stern_0001.jpg,3,2,1,1,1,1,0.834029,0.938782,0.886406
Howard_Stringer_0001.jpg,3,1,1,1,0,0,-1,-1,-1
Howard_Wilkinson_0001.jpg,3,1,2,1,0,0,-1,-1,-1
Hrithik_Roshan_0001.jpg,3,2,2,1,1,1,1.38483,1.41174,1.39828
Huang_Suey-Sheng_0001.jpg,3,2,1,1,1,1,1.18258,0.637377,0.90998
Hugh_Campbell_0001.jpg,3,1,2,1,1,1,1.51296,0.219265,0.866112
Hugh_Carey_0001.jpg,3,2,2,1,0,0,-1,-1,-1
Hugh_Grant_0001.jpg,3,1,2,1,0,0,-1,-1,-1
Hugh_Hefner_0001.jpg,3,1,2,1,0,0,-1,-1,-1
Hugo_Chavez_0001.jpg,3,2,2,1,0,0,-1,-1,-1
Hugo_Colace_0001.jpg,3,2,2,1,1,1,1.75634,0.447214,1.10177
Humberto_Coelho_0001.jpg,3,2,2,1,1,1,0.668309,1.0502,0.859252
Humberto_Espinoza_0001.jpg,3,2,2,1,1,0,1.68475,-1,1.68475
Hung_Wan-ting_0001.jpg,3,2,2,2,1,1,1.82436,0.339313,1.08184
Hunter_Bates_0001.jpg,3,2,2,1,1,1,1.15821,1.21228,1.18524
Hunter_Kemper_0001.jpg,3,1,2,1,1,1,1.05639,1.23937,1.14788
Hushiar_Zebari_0001.jpg,3,2,2,1,1,1,0.919112,0.429314,0.674213
Hussein_Malik_0001.jpg,3,2,2,1,1,1,1.06559,0.367226,0.716407
Hutomo_Mandala_Putra_0001.jpg,3,1,2,1,1,1,1.30889,1.19491,1.2519
Hu_Maoyuan_0001.jpg,3,1,2,1,0,0,-1,-1,-1
Hwang_Doo-yun_0001.jpg,3,1,1,1,1,1,1.80108,2.4076,2.10434
Iain_Anderson_0001.jpg,3,2,2,1,1,1,0.658625,0.284779,0.471702
Iain_Duncan_Smith_0001.jpg,3,1,2,1,1,1,1.36213,0.660749,1.01144
Iain_Richmond_0001.jpg,3,2,2,1,0,0,-1,-1,-1
Ian_Campbell_0001.jpg,2,2,1,1,1,0,1.99345,-1,1.99345
Ian_Gillan_0001.jpg,3,1,2,1,1,1,1.43917,1.49006,1.46462
Ian_Huntley_0001.jpg,3,2,2,1,1,1,0.83566,0.849419,0.842539
Ian_Knop_0001.jpg,3,1,1,1,1,1,0.768526,0.629193,0.69886
Ian_McKellen_0001.jpg,3,1,2,1,1,0,1.64329,-1,1.64329
Ian_Moran_0001.jpg,3,2,2,1,0,0,-1,-1,-1
Ian_Smith_0001.jpg,3,2,2,1,1,1,1.6031,0.31754,0.960319
Ian_Wilmut_0001.jpg,3,1,1,1,1,1,1.57234,1.86336,1.71785
Ibrahim_Al-Marashi_0001.jpg,3,2,2,1,0,0,-1,-1,-1
Ibrahim_Jaafari_0001.jpg,3,2,2,1,1,1,1.12741,1.37398,1.25069
Ibrahim_Rugova_0001.jpg,3,1,1,1,0,0,-1,-1,-1
Idi_Amin_0001.jpg,3,2,2,1,0,0,-1,-1,-1
Ignacio_Antonio_Velasco_0001.jpg,3,2,1,1,1,1,0.837087,1.01855,0.927817
Igor_Ivanov_0001.jpg,3,2,2,1,0,0,-1,-1,-1
Ilan_Goldfajn_0001.jpg,3,2,1,1,1,1,0.678485,0.909393,0.793939
Ilan_Ramon_0001.jpg,3,1,2,1,0,0,-1,-1,-1
Ilham_Aliev_0001.jpg,3,2,2,1,1,1,0.606975,0.342127,0.474551
Ilie_Nastase_0001.jpg,3,2,2,1,1,1,0.594409,0.247548,0.420978
Imad_Khadduri_0001.jpg,3,1,1,1,1,1,0.675743,0.410259,0.543001
Imad_Moustapha_0001.jpg,3,1,2,1,1,1,1.09185,0.4,0.745924
Imam_Samudra_0001.jpg,3,1,2,1,1,0,1.03606,-1,1.03606
Imelda_Marcos_0001.jpg,3,1,2,2,1,1,1.65155,0.90496,1.27825
Imran_Khan_0001.jpg,3,1,2,1,1,1,2.21911,0.203935,1.21152
Inam-ul-Haq_0001.jpg,3,1,1,1,0,0,-1,-1,-1
Infanta_Cristina_0001.jpg,3,1,2,2,0,0,-1,-1,-1
Inga_Hall_0001.jpg,3,2,2,2,1,1,1.25472,0.691258,0.972988
Inocencio_Arias_0001.jpg,3,2,2,1,0,0,-1,-1,-1
Intisar_Ajouri_0001.jpg,3,1,2,2,1,1,1.08626,3.04537,2.06582
Ion_Tiriac_0001.jpg,3,2,1,1,1,1,0.669166,0.486707,0.577936
Ira_Einhorn_0001.jpg,4,2,2,1,1,1,0.603749,0.433361,0.518555
Irfan_Ahmed_0001.jpg,3,2,2,1,1,1,0.750691,0.852186,0.801438
Irina_Framtsova_0001.jpg,3,2,2,2,1,0,0.837086,-1,0.837086
Irina_Lobacheva_0001.jpg,4,1,2,2,1,1,1.14395,0.877901,1.01092
Irv_Nathan_0001.jpg,3,2,1,1,0,0,-1,-1,-1
Irwan_Fadzi_Idris_0001.jpg,3,2,2,1,1,1,0.836022,0.992928,0.914475
Isabela_Moraes_0001.jpg,3,1,2,2,1,1,0.73463,0.422643,0.578636
Isabella_Rossellini_0001.jpg,2,1,2,2,1,1,2.19498,1.77591,1.98544
Isabelle_Huppert_0001.jpg,3,1,2,2,1,1,0.97734,1.01516,0.996253
Isabel_Orellana_0001.jpg,3,2,2,1,0,0,-1,-1,-1
Isaiah_Washington_0001.jpg,3,1,1,1,1,1,0.661318,0.521012,0.591165
Isidro_Pastor_0001.jpg,4,1,2,1,1,1,0.455725,0.96801,0.711868
Islam_Karimov_0001.jpg,3,1,2,1,1,1,1.20279,0.562911,0.882849
Ismail_Abu_Shanab_0001.jpg,4,2,2,1,1,1,1.0258,1.50709,1.26645
Ismail_Cem_0001.jpg,3,1,1,1,1,1,0.963131,0.804849,0.88399
Ismail_Khan_0001.jpg,3,1,2,1,1,1,0.623749,0.283302,0.453526
Ismail_Merchant_0001.jpg,4,1,2,1,1,1,1.45547,1.05668,1.25608
Itamar_Franco_0001.jpg,3,2,1,1,1,1,1.03873,0.404189,0.721457
Itzhak_Perlman_0001.jpg,4,1,1,1,1,1,0.494284,0.371689,0.432987
Ivana_Trump_0001.jpg,3,1,2,2,1,1,0.574663,0.52798,0.551322
Ivan_Lee_0001.jpg,3,1,1,1,1,1,0.861076,1.3091,1.08509
Ivan_Stambolic_0001.jpg,3,1,2,1,0,0,-1,-1,-1
Iva_Majoli_0001.jpg,3,2,2,2,1,1,2.18633,0.519373,1.35285
Iveta_Benesova_0001.jpg,3,2,2,2,1,1,0.918059,1.50576,1.21191
Ivo_Dubs_0001.jpg,3,1,2,1,1,1,1.05874,1.84198,1.45036
Jaap_de_Hoop_Scheffer_0001.jpg,3,1,2,1,0,0,-1,-1,-1
Jackie_Chan_0001.jpg,3,1,2,1,0,0,-1,-1,-1
Jackie_Dennis_0001.jpg,3,2,1,2,1,1,0.626654,1.20244,0.914546
Jacky_Cheung_0001.jpg,3,2,2,1,1,1,1.09434,0.800943,0.947642
Jack_Grubman_0001.jpg,3,2,2,1,1,1,0.566293,0.20727,0.386782
Jack_Knowlton_0001.jpg,4,1,2,1,1,1,0.48994,0.399173,0.444556
Jack_LaLanne_0001.jpg,2,1,2,1,0,0,-1,-1,-1
Jack_Nicholson_0001.jpg,3,2,1,1,1,1,0.571868,0.131334,0.351601
Jack_Osbourne_0001.jpg,3,1,1,1,1,1,0.763374,1.35135,1.05736
Jack_Straw_0001.jpg,3,2,1,1,1,1,0.873254,0.341987,0.60762
Jack_Welch_0001.jpg,3,2,2,1,1,1,1.09188,1.14265,1.11727
Jacob_Frenkel_0001.jpg,3,1,1,1,0,0,-1,-1,-1
Jacqueline_Gold_0001.jpg,3,1,2,2,1,1,0.729435,0.870879,0.800157
Jacqueline_Marris_0001.jpg,2,2,2,2,1,1,1.1682,0.30909,0.738642
Jacques_Chirac_0001.jpg,3,2,2,1,1,1,0.763604,0.123129,0.443366
Jacques_Kallis_0001.jpg,3,2,2,1,0,0,-1,-1,-1
Jacques_Rogge_0001.jpg,2,2,2,1,0,0,-1,-1,-1
Jacques_Villeneuve_0001.jpg,3,1,1,1,1,1,0.634265,1.05357,0.843916
Jada_Pinkett_Smith_0001.jpg,3,1,2,2,1,1,0.416663,0.93837,0.677516
Jade_Jagger_0001.jpg,3,1,2,2,1,1,1.36522,1.01394,1.18958
Jaime_Orti_0001.jpg,2,1,2,1,1,1,2.80287,0.570471,1.68667
Jaime_Pressly_0001.jpg,3,1,2,2,1,1,0.640494,0.349505,0.494999
Jake_Brace_0001.jpg,3,2,2,1,0,0,-1,-1,-1
Jake_Gyllenhaal_0001.jpg,3,1,2,1,1,1,1.88598,0.59634,1.24116
Jake_Plummer_0001.jpg,3,2,2,1,1,1,0.651049,0.695532,0.673291
Jalal_Talabani_0001.jpg,3,1,1,1,0,0,-1,-1,-1
Jalen_Rose_0001.jpg,3,1,2,1,1,1,0.802031,0.50444,0.653235
James_Baker_0001.jpg,3,2,2,1,1,1,1.71791,0.437237,1.07757
James_Ballenger_0001.jpg,3,2,2,1,1,1,1.43902,1.04661,1.24281
James_Barksdale_0001.jpg,3,2,2,1,0,0,-1,-1,-1
James_Becker_0001.jpg,4,2,2,1,0,0,-1,-1,-1
James_Blake_0001.jpg,3,2,2,1,1,1,0.769661,1.11331,0.941486
James_Brazelton_0001.jpg,3,2,2,1,1,1,1.50342,0.439331,0.971375
James_Brosnahan_0001.jpg,3,2,1,1,0,0,-1,-1,-1
James_Caan_0001.jpg,3,1,2,1,1,1,0.799413,0.720765,0.760089
James_Cameron_0001.jpg,3,1,1,1,1,1,0.820948,0.56477,0.692859
James_Carville_0001.jpg,2,2,1,1,1,1,1.19343,1.09535,1.14439
James_Coburn_0001.jpg,3,2,2,1,1,1,0.828583,1.00933,0.918955
James_Coviello_0001.jpg,3,2,1,1,0,0,-1,-1,-1
James_Cunningham_0001.jpg,3,2,2,1,0,0,-1,-1,-1
James_Dingemans_0001.jpg,3,2,2,1,1,1,1.99191,0.301617,1.14676
James_Franco_0001.jpg,3,1,2,1,1,1,1.16092,0.4,0.780459
James_Gandolfini_0001.jpg,3,1,2,1,1,1,0.934808,0.243488,0.589148
James_Gibson_0001.jpg,4,1,2,1,1,0,0.804205,-1,0.804205
James_Hakett_0001.jpg,3,1,2,1,0,0,-1,-1,-1
James_Harris_0001.jpg,3,2,2,1,1,1,0.556299,0.918813,0.737556
James_Hill_0001.jpg,3,2,1,1,0,0,-1,-1,-1
James_Hoffa_0001.jpg,3,1,2,1,0,0,-1,-1,-1
James_Ivory_0001.jpg,3,1,2,1,1,1,2.17852,0.229296,1.20391
James_Kelly_0001.jpg,3,1,2,1,1,0,0.585773,-1,0.585773
James_Kirtley_0001.jpg,3,2,2,1,1,1,0.755782,0.510514,0.633148
James_Kopp_0001.jpg,3,2,1,1,1,1,0.85585,0.512018,0.683934
James_Layug_0001.jpg,3,2,2,1,1,0,0.819613,-1,0.819613
James_Lockhart_0001.jpg,2,2,1,1,1,1,2.01052,2.15783,2.08418
James_Maguire_0001.jpg,3,2,1,1,1,1,0.552504,0.890625,0.721564
James_McGreevey_0001.jpg,3,1,2,1,1,1,1.75794,0.630593,1.19427
James_McMahon_0001.jpg,3,2,1,1,0,0,-1,-1,-1
James_McPherson_0001.jpg,3,1,2,1,1,1,1.22729,0.235973,0.731633
James_Meeks_0001.jpg,3,2,2,1,1,1,2.07021,2.37268,2.22144
James_Meredeth_0001.jpg,3,1,2,1,0,0,-1,-1,-1
James_Morris_0001.jpg,3,1,2,1,0,0,-1,-1,-1
James_Murdoch_0001.jpg,3,1,1,1,0,0,-1,-1,-1
James_Phelps_0001.jpg,3,1,2,1,1,1,2.06247,0.199812,1.13114
James_Robertson_Jr_0001.jpg,3,1,2,1,1,1,1.42081,0.790522,1.10567
James_Sensenbrenner_0001.jpg,3,2,1,1,1,1,1.78755,0.99613,1.39184
James_Smith_0001.jpg,3,2,1,1,0,0,-1,-1,-1
James_Spalding_0001.jpg,3,2,1,1,1,1,0.809673,1.27539,1.04253
James_Traficant_0001.jpg,3,2,1,1,0,0,-1,-1,-1
James_Wallack_0001.jpg,3,2,2,1,1,0,1.97827,-1,1.97827
James_Watt_0001.jpg,3,1,1,1,1,1,0.477765,0.577108,0.527437
James_Williams_0001.jpg,3,1,1,1,1,1,1.21823,0.419941,0.819086
James_Wolfensohn_0001.jpg,3,1,2,1,1,1,0.694919,0.342428,0.518673
James_W_Kennedy_0001.jpg,3,1,2,1,0,0,-1,-1,-1
James_Young_0001.jpg,3,2,2,1,1,0,2.26738,-1,2.26738
Jamie_Carey_0001.jpg,3,1,2,2,0,0,-1,-1,-1
Jamie_Dimon_0001.jpg,3,2,2,1,0,0,-1,-1,-1
Jamie_King_0001.jpg,4,1,2,2,0,0,-1,-1,-1
Jamie_Martin_0001.jpg,3,2,2,1,0,0,-1,-1,-1
Jamie_Olis_0001.jpg,3,1,2,1,1,1,1.53902,0.259019,0.899019
Jamie_Villafane_0001.jpg,3,2,2,1,1,1,1.03303,0.529188,0.781109
Jamir_Miller_0001.jpg,3,1,2,1,1,1,0.615141,0.562878,0.58901
Jamling_Norgay_0001.jpg,3,1,2,1,0,0,-1,-1,-1
Jan-Michael_Gambill_0001.jpg,3,2,2,1,1,1,1.59913,0.387626,0.99338
Jana_Henke_0001.jpg,3,2,2,1,1,1,1.27114,0.592729,0.931935
Janela_Jara_0001.jpg,3,2,2,2,0,0,-1,-1,-1
Janette_Husarova_0001.jpg,2,1,2,2,1,1,0.70657,0.0810811,0.393826
Janet_Chandler_0001.jpg,3,1,2,2,0,0,-1,-1,-1
Janet_Crawford_0001.jpg,3,2,1,2,0,0,-1,-1,-1
Janet_Ecker_0001.jpg,3,2,1,2,1,1,1.16848,0.728787,0.948635
Janet_Horvath_0001.jpg,2,2,1,2,1,0,2.4977,-1,2.4977
Janet_Leigh_0001.jpg,3,1,2,2,1,1,1.19229,0.415483,0.803885
Janet_Napolitano_0001.jpg,3,1,2,2,0,0,-1,-1,-1
Janet_Thorpe_0001.jpg,3,2,2,2,1,1,0.67824,1.26944,0.973838
Janez_Drnovsek_0001.jpg,3,1,2,1,0,0,-1,-1,-1
Jane_Clayson_0001.jpg,3,1,2,2,1,1,1.71192,0.472527,1.09222
Jane_Fonda_0001.jpg,3,1,1,2,1,1,0.724397,0.620174,0.672285
Jane_Kaczmarek_0001.jpg,3,1,2,2,1,1,1.00001,0.984157,0.992082
Jane_Krakowski_0001.jpg,3,1,2,2,1,1,1.48772,1.51017,1.49895
Jane_Leeves_0001.jpg,3,1,2,2,1,0,1.41688,-1,1.41688
Jane_Menelaus_0001.jpg,3,1,2,2,1,1,1.56566,0.766965,1.16631
Jane_Pauley_0001.jpg,3,1,2,2,0,0,-1,-1,-1
Jane_Riley_0001.jpg,3,1,1,2,0,0,-1,-1,-1
Jane_Rooney_0001.jpg,3,1,2,2,1,1,1.55984,0.884312,1.22208
Jane_Russell_0001.jpg,3,1,2,2,0,0,-1,-1,-1
Jane_Walker_Wood_0001.jpg,3,1,2,2,1,1,1.37254,0.982419,1.17748
Janica_Kostelic_0001.jpg,3,1,2,2,0,0,-1,-1,-1
Janice_Abreu_0001.jpg,3,1,2,2,0,0,-1,-1,-1
Janice_Goldfinger_0001.jpg,2,1,1,2,1,1,1.89079,1.45521,1.673
Janis_Ruth_Coulter_0001.jpg,3,1,2,2,1,1,0.855807,0.778657,0.817232
Janusz_Kaminski_0001.jpg,3,1,1,1,1,1,0.966268,0.484954,0.725611
Jan_De_Bont_0001.jpg,3,1,2,1,1,0,0.628943,-1,0.628943
Jan_Pronk_0001.jpg,3,2,1,1,1,1,0.767275,2.50028,1.63378
Jan_van_Breda_Kolff_0001.jpg,3,1,2,1,1,0,0.575393,-1,0.575393
Jason_Biggs_0001.jpg,3,1,2,1,0,0,-1,-1,-1
Jason_Campbell_0001.jpg,3,2,2,1,1,1,0.590098,0.804259,0.697179
Jason_Kapono_0001.jpg,3,1,2,1,1,1,0.571585,0.973276,0.77243
Jason_Keep_0001.jpg,2,1,2,1,0,0,-1,-1,-1
Jason_Kidd_0001.jpg,3,2,2,1,1,1,0.689733,1.1989,0.944317
Jason_Mewes_0001.jpg,4,1,2,1,0,0,-1,-1,-1
Jason_Petty_0001.jpg,3,1,2,1,1,1,0.565131,0.935666,0.750399
Jason_Priestley_0001.jpg,3,2,2,1,1,1,0.557351,0.754902,0.656127
Jason_Sorens_0001.jpg,3,1,2,1,1,1,0.928437,1.60858,1.26851
Jason_Statham_0001.jpg,3,1,2,1,1,1,1.37788,0.83909,1.10849
Jason_Vale_0001.jpg,3,1,2,1,0,0,-1,-1,-1
Javier_Camara_0001.jpg,3,1,1,1,1,1,1.06196,1.28407,1.17302
Javier_Saviola_0001.jpg,3,1,2,1,1,1,0.78572,0.341321,0.563521
Javier_Vargas_0001.jpg,3,1,2,1,1,1,0.963882,1.80044,1.38216
Javier_Vazquez_0001.jpg,3,2,2,1,1,1,0.812435,1.18585,0.999145
Javier_Zanetti_0001.jpg,3,2,2,1,1,1,0.621366,1.10372,0.862544
Jawad_Boulus_0001.jpg,3,2,1,1,1,1,0.639265,0.20112,0.420193
Jaymon_Crabb_0001.jpg,4,1,2,1,1,0,0.821443,-1,0.821443
Jayne_Yarris_0001.jpg,4,2,2,2,1,0,0.778148,-1,0.778148
Jayson_Williams_0001.jpg,3,2,2,1,1,0,2.19913,-1,2.19913
Jay_Garner_0001.jpg,3,2,1,1,0,0,-1,-1,-1
Jay_Leno_0001.jpg,3,2,2,1,0,0,-1,-1,-1
Jay_Rasulo_0001.jpg,3,2,1,1,1,0,0.547272,-1,0.547272
Jean-Claude_Braquet_0001.jpg,3,2,2,1,1,1,0.667128,0.654827,0.660977
Jean-Claude_Juncker_0001.jpg,3,2,1,1,1,1,1.31959,0.558804,0.939196
Jean-Claude_Trichet_0001.jpg,3,1,2,1,1,1,0.985205,2.04029,1.51275
Jean-Claude_Van_Damme_0001.jpg,3,1,2,1,0,0,-1,-1,-1
Jean-David_Levitte_0001.jpg,3,2,1,1,1,1,1.33431,0.685789,1.01005
Jean-Francois_Pontal_0001.jpg,3,1,2,1,0,0,-1,-1,-1
Jean-Luc_Bideau_0001.jpg,3,1,2,1,1,1,1.64166,0.881851,1.26176
Jean-Marc_de_La_Sabliere_0001.jpg,4,1,1,1,1,1,0.625442,0.565489,0.595466
Jean-Pierre_Bemba_0001.jpg,3,2,2,1,1,1,0.766356,0.78471,0.775533
Jean-Rene_Fourtou_0001.jpg,3,1,2,1,0,0,-1,-1,-1
Jeane_Kirkpatrick_0001.jpg,3,2,2,2,1,1,0.66781,0.607882,0.637846
Jeannette_Biedermann_0001.jpg,3,1,1,2,1,1,1.23586,1.24449,1.24017
Jeanne_Anne_Schroeder_0001.jpg,3,1,2,2,1,1,0.725637,0.769675,0.747656
Jean_Brumley_0001.jpg,3,1,2,2,1,1,1.44333,0.737405,1.09037
Jean_Carnahan_0001.jpg,3,2,2,2,1,1,1.33051,0.754601,1.04255
Jean_Charest_0001.jpg,3,1,2,1,1,1,0.679566,0.247163,0.463365
Jean_Chretien_0001.jpg,2,1,2,1,0,0,-1,-1,-1
Jean_Nagel_0001.jpg,3,1,2,2,0,0,-1,-1,-1
Jean_Todt_0001.jpg,2,1,2,1,1,1,1.34714,1.59553,1.47133
Jefferson_Perez_0001.jpg,2,2,2,1,1,1,1.11074,1.3233,1.21702
Jeffery_Hendren_0001.jpg,2,1,1,1,1,1,2.14943,0.813571,1.4815
Jeffrey_Archer_0001.jpg,2,1,1,1,0,0,-1,-1,-1
Jeffrey_Ashby_0001.jpg,3,1,2,1,0,0,-1,-1,-1
Jeffrey_Jones_0001.jpg,3,2,2,1,0,0,-1,-1,-1
Jeffrey_Scott_Postell_0001.jpg,3,1,2,1,1,1,1.17166,0.068002,0.619831
Jeff_Bridges_0001.jpg,3,1,2,1,1,1,1.533,0.511149,1.02208
Jeff_Dederian_0001.jpg,3,2,2,1,1,1,1.18447,0.437237,0.810854
Jeff_Hornacek_0001.jpg,3,2,2,1,1,1,0.897913,0.82278,0.860346
Jeff_Roehm_0001.jpg,3,2,2,1,1,1,0.918157,0.594489,0.756323
Jeff_Schiffner_0001.jpg,2,2,2,1,1,1,1.8084,0.496958,1.15268
Jeff_Van_Gundy_0001.jpg,3,2,2,1,1,1,0.845272,0.278833,0.562053
Jelena_Dokic_0001.jpg,3,2,2,2,1,1,0.985602,0.290856,0.638229
Jenna_Elfman_0001.jpg,3,1,2,2,1,1,0.807296,0.501319,0.654308
Jennette_Bradley_0001.jpg,3,1,2,2,1,1,0.647103,0.590115,0.618609
Jennie_Finch_0001.jpg,3,2,2,2,1,1,0.875431,1.24793,1.06168
Jennie_Garth_0001.jpg,3,1,2,2,1,1,0.729019,0.560103,0.644561
Jennifer_Connelly_0001.jpg,3,1,2,2,1,1,0.945869,0.849653,0.897761
Jennifer_Furminger_0001.jpg,2,2,2,2,1,1,0.871309,0.414214,0.642762
Jennifer_Garner_0001.jpg,3,1,2,2,1,1,1.29336,0.712177,1.00277
Jennifer_Granholm_0001.jpg,3,2,2,2,1,1,1.50594,1.0144,1.26017
Jennifer_Gratz_0001.jpg,4,2,2,2,1,1,1.5853,1.08169,1.33349
Jennifer_Keller_0001.jpg,3,2,2,2,1,1,1.21636,0.447214,0.831785
Jennifer_Lopez_0001.jpg,3,1,2,2,1,1,0.842079,0.814503,0.828291
Jennifer_Love_Hewitt_0001.jpg,3,1,2,2,1,1,0.738851,0.514773,0.626812
Jennifer_McCoy_0001.jpg,2,2,2,2,1,1,1.43676,1.01391,1.22533
Jennifer_Pena_0001.jpg,3,2,2,2,1,1,1.32977,1.10816,1.21897
Jennifer_Rodriguez_0001.jpg,3,2,2,2,1,1,1.0307,0.237648,0.634173
Jennifer_Tilly_0001.jpg,3,1,2,2,1,1,0.594761,0.593836,0.594299
Jenny_Romero_0001.jpg,3,2,2,2,0,0,-1,-1,-1
Jens_Lehmann_0001.jpg,3,2,2,1,1,1,1.13834,2.59636,1.86735
Jen_Schefft_0001.jpg,3,1,2,2,1,0,1.35452,-1,1.35452
Jeong_Se-hyun_0001.jpg,3,2,1,1,1,1,0.966637,0.75887,0.862753
Jerelle_Kraus_0001.jpg,3,2,2,2,1,1,0.881251,0.740233,0.810742
Jeremy_Gompertz_0001.jpg,4,2,2,1,0,0,-1,-1,-1
Jeremy_Wotherspoon_0001.jpg,3,2,2,1,1,1,1.24294,0.845053,1.044
Jeri_Ryan_0001.jpg,3,1,2,2,1,1,1.06932,0.575104,0.822211
Jerome_Golmard_0001.jpg,3,2,2,1,1,1,0.716013,0.616259,0.666136
Jerome_Jenkins_0001.jpg,3,2,2,1,1,1,0.627961,0.185499,0.40673
Jerry_Angelo_0001.jpg,3,2,1,1,1,1,1.21279,0.921883,1.06734
Jerry_Colangelo_0001.jpg,3,1,2,1,0,0,-1,-1,-1
Jerry_Falwell_0001.jpg,3,1,2,1,0,0,-1,-1,-1
Jerry_Hall_0001.jpg,3,1,2,2,1,1,0.859566,0.971354,0.91546
Jerry_Jones_0001.jpg,3,1,2,1,1,1,1.35897,0.263776,0.811373
Jerry_Lewis_0001.jpg,3,2,2,1,1,1,0.375265,0.897232,0.636249
Jerry_Oliver_0001.jpg,2,2,2,1,1,0,1.77136,-1,1.77136
Jerry_Pauley_0001.jpg,3,2,1,1,0,0,-1,-1,-1
Jerry_Seinfeld_0001.jpg,3,1,2,1,0,0,-1,-1,-1
Jerry_Sexton_0001.jpg,3,1,2,1,1,1,1.91494,0.623114,1.26902
Jerry_Springer_0001.jpg,3,2,1,1,0,0,-1,-1,-1
Jerry_Tarkanian_0001.jpg,3,1,1,1,0,0,-1,-1,-1
Jesse_Helms_0001.jpg,2,1,1,1,1,1,1.57473,0.0783795,0.826553
Jesse_James_0001.jpg,3,2,2,1,1,1,0.792895,0.104116,0.448506
Jesse_James_Leija_0001.jpg,3,2,2,1,1,1,1.18626,1.08967,1.13796
Jesse_Ventura_0001.jpg,4,2,2,1,1,1,0.690389,0.848428,0.769408
Jessica_Alba_0001.jpg,3,1,2,2,1,1,0.634975,0.859411,0.747193
Jessica_Biel_0001.jpg,3,1,2,2,1,1,1.66558,0.488754,1.07717
Jessica_Brungo_0001.jpg,4,2,2,2,1,1,1.27043,1.67086,1.47064
Jessica_Capshaw_0001.jpg,3,1,2,2,1,0,1.61285,-1,1.61285
Jessica_Lange_0001.jpg,3,1,1,2,1,1,0.701523,0.981482,0.841502
Jessica_Lynch_0001.jpg,3,1,2,2,1,0,1.36511,-1,1.36511
Jessica_Simpson_0001.jpg,3,1,2,2,1,1,1.06414,0.502836,0.783488
Jesus_Cardenal_0001.jpg,2,2,2,1,1,1,2.27106,0.276399,1.27373
Jewel_Howard-Taylor_0001.jpg,3,1,2,2,1,1,0.589404,0.212718,0.401061
Jimmy_Carter_0001.jpg,3,2,2,1,1,1,1.04904,0.529698,0.789371
Jimmy_Gurule_0001.jpg,3,2,2,1,1,1,0.752628,0.185296,0.468962
Jimmy_Iovine_0001.jpg,2,1,1,1,1,1,1.59739,1.70207,1.64973
Jimmy_Jimenez_0001.jpg,3,1,1,1,0,0,-1,-1,-1
Jimmy_Kimmel_0001.jpg,3,1,2,1,1,1,1.75404,0.774446,1.26424
Jimmy_Lee_0001.jpg,3,2,1,1,0,0,-1,-1,-1
Jimmy_Smits_0001.jpg,3,1,1,1,1,1,0.71622,0.174895,0.445557
Jimmy_Szymanski_0001.jpg,3,2,2,1,1,1,1.23949,0.647884,0.943686
Jim_Abbott_0001.jpg,3,1,2,1,0,0,-1,-1,-1
Jim_Ahern_0001.jpg,3,1,2,1,0,0,-1,-1,-1
Jim_Anderson_0001.jpg,3,1,2,1,1,1,0.690536,0.724815,0.707676
Jim_Beattie_0001.jpg,2,2,2,1,1,0,2.00059,-1,2.00059
Jim_Bollman_0001.jpg,3,2,2,1,1,1,1.3974,0.106137,0.751769
Jim_Bunning_0001.jpg,3,1,1,1,0,0,-1,-1,-1
Jim_Calhoun_0001.jpg,4,2,2,1,1,1,1.36813,0.879136,1.12363
Jim_Doyle_0001.jpg,4,1,2,1,1,1,0.649604,0.69795,0.673777
Jim_Fassel_0001.jpg,3,2,2,1,0,0,-1,-1,-1
Jim_Flaherty_0001.jpg,3,2,2,1,0,0,-1,-1,-1
Jim_Freudenberg_0001.jpg,3,2,2,1,0,0,-1,-1,-1
Jim_Furyk_0001.jpg,3,2,2,1,1,1,1.07613,1.03771,1.05692
Jim_Greenwood_0001.jpg,3,2,1,1,1,1,0.8398,0.567209,0.703504
Jim_Hahn_0001.jpg,3,1,2,1,0,0,-1,-1,-1
Jim_Hardin_0001.jpg,2,2,2,1,0,0,-1,-1,-1
Jim_Harrick_0001.jpg,4,1,2,1,1,0,0.688173,-1,0.688173
Jim_Haslett_0001.jpg,2,2,2,1,1,1,2.02145,1.04593,1.53369
Jim_Jeffords_0001.jpg,3,1,2,1,1,1,2.07904,0.846829,1.46293
Jim_Kelly_0001.jpg,4,1,2,1,0,0,-1,-1,-1
Jim_Leach_0001.jpg,3,1,2,1,0,0,-1,-1,-1
Jim_Letten_0001.jpg,3,2,2,1,1,1,0.603429,0.771484,0.687457
Jim_Nochols_0001.jpg,3,1,2,1,1,1,1.50582,0.984223,1.24502
Jim_OBrien_0001.jpg,3,1,2,1,1,1,0.8885,0.920621,0.904561
Jim_Otto_0001.jpg,4,1,2,1,0,0,-1,-1,-1
Jim_Parque_0001.jpg,3,2,2,1,1,1,1.18234,0.598469,0.890406
Jim_Ryan_0001.jpg,3,1,2,1,1,1,1.02096,0.821872,0.921416
Jim_Schwarz_0001.jpg,3,1,1,1,0,0,-1,-1,-1
Jim_Sterk_0001.jpg,3,2,1,1,1,1,0.734953,0.265754,0.500354
Jim_Talent_0001.jpg,3,2,1,1,0,0,-1,-1,-1
Jim_Taylor_0001.jpg,4,1,2,1,0,0,-1,-1,-1
Jim_Thome_0001.jpg,3,1,2,1,1,1,1.60947,2.30279,1.95613
Jim_Tressel_0001.jpg,3,1,2,1,0,0,-1,-1,-1
Jim_Wall_0001.jpg,3,1,1,1,1,1,0.986772,0.43004,0.708406
Jim_Wessling_0001.jpg,3,1,2,1,1,1,2.19954,0.90974,1.55464
Jim_Wong_0001.jpg,3,2,1,1,1,1,3.23053,0.518466,1.8745
JJ_Redick_0001.jpg,3,2,2,1,1,1,1.51398,0.849677,1.18183
JK_Rowling_0001.jpg,3,1,2,2,1,1,0.685011,0.560839,0.622925
Joanna_Poitier_0001.jpg,3,1,2,2,1,1,0.893238,0.870745,0.881991
Joanne_Woodward_0001.jpg,3,1,2,2,1,1,1.16779,1.54033,1.35406
Joan_Collins_0001.jpg,3,1,2,2,1,1,0.740392,0.351103,0.545747
Joan_Jett_0001.jpg,3,1,2,2,1,1,1.18181,1.38496,1.28338
Joan_Laporta_0001.jpg,3,1,2,1,1,1,1.61419,0.675463,1.14483
Joao_Rocha_0001.jpg,2,2,1,1,1,1,1.06538,0.194342,0.629859
Joaquim_Levy_0001.jpg,3,1,1,1,1,1,0.872251,1.61434,1.24329
Joaquin_Sanchez_0001.jpg,2,2,2,1,1,1,3.42224,1.41421,2.41823
Job_Cohen_0001.jpg,3,1,2,1,1,1,0.765903,1.18982,0.977863
Jodie_Foster_0001.jpg,4,1,2,2,1,0,0.832156,-1,0.832156
Jodie_Henry_0001.jpg,3,1,2,2,0,0,-1,-1,-1
Jodie_Kidd_0001.jpg,3,1,2,2,1,1,0.693456,0.937261,0.815358
Jody_Richards_0001.jpg,3,1,1,1,1,1,0.901672,0.808608,0.85514
Joel_Gallen_0001.jpg,3,1,2,1,0,0,-1,-1,-1
Joel_Todd_0001.jpg,3,2,1,1,0,0,-1,-1,-1
Joerg_Haider_0001.jpg,3,2,2,1,1,1,1.46841,0.372022,0.920217
Joey_Harrington_0001.jpg,3,1,2,1,1,1,1.39981,0.483073,0.941443
Joey_Mantia_0001.jpg,3,1,1,1,1,1,0.630892,0.522182,0.576537
Joe_Calzaghe_0001.jpg,3,1,2,1,1,1,0.885178,0.980581,0.93288
Joe_Darrell_0001.jpg,3,1,2,1,1,1,1.32707,0.771954,1.04951
Joe_DeLamielleure_0001.jpg,3,1,2,1,1,1,1.34432,0.681815,1.01307
Joe_Dicaro_0001.jpg,3,2,2,1,0,0,-1,-1,-1
Joe_Dumars_0001.jpg,3,1,2,1,1,0,0.684789,-1,0.684789
Joe_Garner_0001.jpg,3,1,2,1,1,1,1.23048,0.549132,0.889806
Joe_Gatti_0001.jpg,3,1,2,1,1,1,1.54208,1.20462,1.37335
Joe_Glover_0001.jpg,3,2,2,1,1,0,0.840467,-1,0.840467
Joe_Lieberman_0001.jpg,3,1,2,1,0,0,-1,-1,-1
Joe_Mantegna_0001.jpg,2,2,2,1,1,1,1.56566,1.29047,1.42807
Joe_Metz_0001.jpg,3,1,2,1,1,1,2.0616,0.486362,1.27398
Joe_Nichols_0001.jpg,2,1,2,1,1,1,1.00308,0.495336,0.749208
Joe_Paterno_0001.jpg,3,1,1,1,0,0,-1,-1,-1
Joe_Strummer_0001.jpg,3,2,2,1,1,0,1.83607,-1,1.83607
Joe_Torre_0001.jpg,2,1,2,1,1,1,1.4339,0.386159,0.910029
Joe_Vandever_0001.jpg,4,2,1,1,0,0,-1,-1,-1
Johannes_Rau_0001.jpg,3,1,2,1,0,0,-1,-1,-1
Johnnie_Lynn_0001.jpg,3,1,2,1,1,1,0.612038,0.898846,0.755442
Johnny_Benson_0001.jpg,3,1,2,1,0,0,-1,-1,-1
Johnny_Carson_0001.jpg,3,1,2,1,0,0,-1,-1,-1
Johnny_Htu_0001.jpg,3,2,2,2,1,1,1.38498,2.69856,2.04177
Johnny_Unitas_0001.jpg,3,1,2,1,0,0,-1,-1,-1
Johnson_Panjaitan_0001.jpg,3,2,2,1,0,0,-1,-1,-1
John_Allen_Muhammad_0001.jpg,3,2,2,1,1,1,0.997006,2.23074,1.61388
John_Baldacci_0001.jpg,3,2,2,1,1,1,1.83606,2.7266,2.28133
John_Belushi_0001.jpg,3,1,2,1,0,0,-1,-1,-1
John_Blaney_0001.jpg,3,2,1,1,0,0,-1,-1,-1
John_Bolton_0001.jpg,3,2,1,1,1,1,1.84701,0.319361,1.08319
John_Bond_0001.jpg,3,2,1,1,1,1,1.31554,0.367879,0.841709
John_Burnett_0001.jpg,3,2,2,1,0,0,-1,-1,-1
John_Coomber_0001.jpg,3,2,1,1,1,1,0.59692,0.755675,0.676298
John_Cornyn_0001.jpg,3,2,2,1,1,1,0.852166,0.438329,0.645248
John_Cruz_0001.jpg,3,1,1,1,1,1,1.09889,0.180253,0.639571
John_Dallager_0001.jpg,3,2,1,1,0,0,-1,-1,-1
John_Danforth_0001.jpg,3,1,2,1,0,0,-1,-1,-1
John_Darby_0001.jpg,3,1,2,1,1,1,0.708618,0.640184,0.674401
John_Duprey_0001.jpg,3,2,2,1,0,0,-1,-1,-1
John_Eastman_0001.jpg,3,2,2,1,0,0,-1,-1,-1
John_Eder_0001.jpg,3,1,2,1,1,0,1.18995,-1,1.18995
John_Edwards_0001.jpg,3,2,2,1,1,1,1.28888,0.801617,1.04525
John_Elway_0001.jpg,3,2,2,1,1,1,1.18185,1.0314,1.10662
John_Engler_0001.jpg,3,2,1,1,1,1,1.96904,1.16619,1.56762
John_Fox_0001.jpg,3,2,2,1,0,0,-1,-1,-1
John_Franco_0001.jpg,3,2,2,1,1,1,1.30832,1.04116,1.17474
John_F_Kennedy_Jr_0001.jpg,3,2,2,1,1,1,0.803063,0.834017,0.81854
John_Garamendi_0001.jpg,3,1,2,1,0,0,-1,-1,-1
John_Geoghan_0001.jpg,4,1,2,1,1,1,0.851028,0.421879,0.636453
John_Goold_0001.jpg,3,2,1,1,0,0,-1,-1,-1
John_Gordnick_0001.jpg,3,2,2,1,1,0,1.99847,-1,1.99847
John_Gruden_0001.jpg,3,2,2,1,1,1,0.759453,0.476349,0.617901
John_Hartson_0001.jpg,3,2,2,1,1,1,1.01471,1.03003,1.02237
John_Henry_0001.jpg,4,2,1,2,1,1,0.885258,1.01624,0.950748
John_Herrington_0001.jpg,3,1,2,1,0,0,-1,-1,-1
John_Howard_0001.jpg,3,1,1,1,0,0,-1,-1,-1
John_Jones_0001.jpg,3,1,2,1,0,0,-1,-1,-1
John_Kerr_0001.jpg,3,2,2,1,0,0,-1,-1,-1
John_Kerry_0001.jpg,3,2,2,1,1,1,0.896524,0.0292979,0.462911
John_Lawrence_0001.jpg,3,2,1,1,1,1,2.61692,0.508601,1.56276
John_Lennon_0001.jpg,3,2,2,1,0,0,-1,-1,-1
John_Lisowski_0001.jpg,3,2,2,1,1,1,0.768775,0.942292,0.855534
John_Lithgow_0001.jpg,3,2,2,1,0,0,-1,-1,-1
John_Lynch_0001.jpg,3,2,2,1,1,1,1.4402,0.545856,0.993027
John_Mabry_0001.jpg,3,2,2,1,1,1,1.52848,0.880728,1.2046
John_Madden_0001.jpg,3,2,2,1,0,0,-1,-1,-1
John_Malkovich_0001.jpg,3,1,2,1,0,0,-1,-1,-1
John_Manley_0001.jpg,3,2,2,1,0,0,-1,-1,-1
John_Mayer_0001.jpg,3,1,2,1,0,0,-1,-1,-1
