image,pose,smile,glasses,gender,eye_detected,mouth_detected,eye_nme,mouth_nme,combined_nme
Aaron_Eckhart_0001.jpg,3,2,2,1,1,1,0.78345,0.436462,0.609956
Aaron_Guiel_0001.jpg,3,1,2,1,1,1,0.506639,0.362577,0.434608
Aaron_Peirsol_0001.jpg,3,1,2,1,1,1,0.564703,0.203865,0.384284
Aaron_Pena_0001.jpg,3,2,2,1,1,0,1.33415,-1,1.33415
Aaron_Sorkin_0001.jpg,3,1,2,1,1,1,0.528483,0.460578,0.494531
Aaron_Tippin_0001.jpg,4,2,2,1,1,0,0.53904,-1,0.53904
Abba_Eban_0001.jpg,3,1,1,1,1,1,0.610637,0.170804,0.390721
Abdel_Aziz_Al-Hakim_0001.jpg,4,1,1,1,1,1,0.662949,0.128942,0.395945
Abdel_Nasser_Assidi_0001.jpg,3,2,2,1,1,1,0.718684,0.364527,0.541605
Abdulaziz_Kamilov_0001.jpg,3,2,2,1,1,1,0.620993,0.41739,0.519191
Abdullah_0001.jpg,3,2,2,1,1,1,0.868899,0.605918,0.737408
Abdullah_al-Attiyah_0001.jpg,2,2,2,1,0,0,-1,-1,-1
Abdullah_Gul_0001.jpg,3,2,2,1,1,1,0.949846,0.107246,0.528546
Abdullatif_Sener_0001.jpg,3,2,2,1,1,1,0.838073,0.238812,0.538443
Abdul_Majeed_Shobokshi_0001.jpg,5,2,1,1,1,1,0.525904,0.718306,0.622105
Abel_Aguilar_0001.jpg,3,2,2,1,1,1,0.634186,0.721649,0.677918
Abner_Martinez_0001.jpg,3,1,2,1,1,1,0.545859,0.483579,0.514719
Adam_Ant_0001.jpg,3,2,2,1,1,1,1.18403,0.240424,0.712229
Adam_Herbert_0001.jpg,3,2,1,1,1,1,0.774732,0.290827,0.53278
Adam_Mair_0001.jpg,3,2,2,1,1,1,1.11204,0.230705,0.671371
Adam_Rich_0001.jpg,3,2,2,1,1,1,0.833046,0.372896,0.602971
Adelina_Avila_0001.jpg,3,2,1,2,1,1,0.958257,0.490575,0.724416
Adel_Al-Jubeir_0001.jpg,3,2,2,1,1,1,0.575409,0.133535,0.354472
Adisai_Bodharamik_0001.jpg,3,2,1,1,1,0,0.535946,-1,0.535946
Adolfo_Aguilar_Zinser_0001.jpg,3,2,1,1,1,1,0.792784,0.511388,0.652086
Adoor_Gopalakarishnan_0001.jpg,3,2,1,1,1,1,0.567427,0.273954,0.42069
Adriana_Perez_Navarro_0001.jpg,3,1,2,2,1,1,0.695652,0.354877,0.525265
Adrianna_Zuzic_0001.jpg,3,2,2,2,1,0,0.4892,-1,0.4892
Adrian_Annus_0001.jpg,4,2,2,1,1,1,0.521756,0.995476,0.758616
Adrian_Fernandez_0001.jpg,3,1,1,1,1,1,0.870451,0.414812,0.642631
Adrian_Murrell_0001.jpg,3,2,2,1,1,1,0.658506,0.200236,0.429371
Adrian_Nastase_0001.jpg,3,2,2,1,1,1,0.505311,0.495664,0.500487
Adrien_Brody_0001.jpg,4,1,2,1,1,1,0.505717,0.323549,0.414633
Afton_Smith_0001.jpg,3,1,2,2,1,1,0.790025,0.0857251,0.437875
Agbani_Darego_0001.jpg,3,1,2,2,1,1,1.19216,0.134588,0.663377
Agnelo_Queiroz_0001.jpg,2,2,2,1,1,1,1.76063,0.418638,1.08964
Ahmed_Ahmed_0001.jpg,3,2,2,1,1,1,1.06882,0.289328,0.679076
Ahmed_Chalabi_0001.jpg,3,1,2,1,1,1,0.613868,0.0604245,0.337146
Ahmed_Ibrahim_Bilal_0001.jpg,3,2,2,1,1,1,0.969099,0.186419,0.577759
Ahmed_Lopez_0001.jpg,3,1,2,1,1,1,0.653396,0.404888,0.529142
Ahmed_Qureia_0001.jpg,3,1,1,1,1,1,0.702944,0.0914044,0.397174
Ahmet_Demir_0001.jpg,4,2,1,1,1,1,0.547296,0.551828,0.549562
Ahmet_Necdet_Sezer_0001.jpg,3,2,2,1,1,0,0.924241,-1,0.924241
Aicha_El_Ouafi_0001.jpg,3,2,2,2,1,1,0.634894,0.21464,0.424767
Aidan_Quinn_0001.jpg,3,1,2,1,1,1,0.688722,0.107933,0.398328
Aileen_Riggin_Soule_0001.jpg,3,1,2,2,1,1,0.477517,0.392982,0.435249
Ainsworth_Dyer_0001.jpg,3,2,2,1,1,0,0.682847,-1,0.682847
Ain_Seppik_0001.jpg,3,2,1,1,1,0,0.715494,-1,0.715494
Aishwarya_Rai_0001.jpg,3,1,2,2,1,1,0.527936,0.329804,0.42887
Aitor_Gonzalez_0001.jpg,3,1,2,1,1,0,0.702512,-1,0.702512
Aiysha_Smith_0001.jpg,4,2,2,2,1,0,0.468719,-1,0.468719
Ajit_Agarkar_0001.jpg,3,1,2,1,1,1,0.602862,0.121268,0.362065
AJ_Cook_0001.jpg,2,1,2,2,0,0,-1,-1,-1
AJ_Lamas_0001.jpg,3,1,2,1,1,1,0.567283,0.355728,0.461505
Akbar_Al_Baker_0001.jpg,3,1,2,1,1,1,0.581663,0.423076,0.50237
Akbar_Hashemi_Rafsanjani_0001.jpg,3,2,2,1,1,1,0.610594,0.404796,0.507695
Akiko_Morigami_0001.jpg,3,2,2,2,1,1,0.93765,0.331253,0.634451
Akmal_Taher_0001.jpg,3,1,2,1,1,1,0.748712,0.0876281,0.41817
Alanis_Morissette_0001.jpg,2,1,2,2,1,1,0.79915,0.0727153,0.435933
Alanna_Ubach_0001.jpg,4,1,2,2,1,1,0.506233,0.496658,0.501445
Alan_Dershowitz_0001.jpg,3,2,1,1,1,1,1.13062,0.282703,0.70666
Alan_Dreher_0001.jpg,3,2,2,1,0,0,-1,-1,-1
Alan_Greenspan_0001.jpg,3,2,1,1,1,1,0.689851,0.323478,0.506665
Alan_Greer_0001.jpg,3,2,2,1,0,0,-1,-1,-1
Alan_Jackson_0001.jpg,3,1,2,1,1,1,0.611247,0.418222,0.514735
Alan_Mulally_0001.jpg,3,2,2,1,1,1,0.630772,0.255655,0.443213
Alan_Stonecipher_0001.jpg,3,2,2,1,1,1,0.721631,0.202444,0.462037
Alan_Tang_Kwong-wing_0001.jpg,3,2,2,1,1,1,0.584276,0.48982,0.537048
Alan_Trammell_0001.jpg,3,1,2,1,1,1,0.669629,0.248267,0.458948
Alan_Zemaitis_0001.jpg,3,2,2,1,1,1,0.783929,0.0941502,0.439039
Alastair_Johnston_0001.jpg,3,1,2,1,1,1,0.564701,0.11291,0.338805
Albaro_Recoba_0001.jpg,3,2,2,1,1,1,0.633091,0.158033,0.395562
Alberta_Lee_0001.jpg,3,1,2,2,1,1,0.620869,0.111664,0.366266
Alberto_Acosta_0001.jpg,3,2,2,1,1,1,0.632916,1.16264,0.897776
Alberto_Fujimori_0001.jpg,3,1,1,1,1,0,0.735362,-1,0.735362
Alberto_Gonzales_0001.jpg,3,1,1,1,1,0,0.839279,-1,0.839279
Alberto_Ruiz_Gallardon_0001.jpg,3,2,1,1,1,1,0.500456,0.411031,0.455744
Alberto_Sordi_0001.jpg,3,1,2,1,1,1,0.648281,0.177032,0.412657
Albert_Brooks_0001.jpg,3,1,2,1,1,1,0.621953,0.147325,0.384639
Albert_Costa_0001.jpg,2,2,2,1,1,1,0.892418,0.265789,0.579103
Albert_Montanes_0001.jpg,3,2,2,1,1,1,0.606995,0.536034,0.571515
Albrecht_Mentz_0001.jpg,3,2,1,1,1,1,0.886243,0.0934539,0.489849
Aldo_Paredes_0001.jpg,2,1,2,1,1,1,0.872973,0.74678,0.809877
Alecos_Markides_0001.jpg,3,2,1,1,1,1,0.886762,0.0905643,0.488663
Alec_Baldwin_0001.jpg,4,1,2,1,1,1,0.531077,0.457366,0.494222
Alejandro_Atchugarry_0001.jpg,3,1,2,1,1,1,0.658098,0.453697,0.555898
Alejandro_Avila_0001.jpg,3,2,2,1,1,0,0.673471,-1,0.673471
Alejandro_Fernandez_0001.jpg,3,1,2,1,1,1,0.720082,0.118454,0.419268
Alejandro_Gonzalez_Inarritu_0001.jpg,3,1,2,1,1,1,0.623788,0.126764,0.375276
Alejandro_Lembo_0001.jpg,3,1,2,1,1,1,0.978596,0.259255,0.618925
Alejandro_Lerner_0001.jpg,4,1,2,1,1,1,0.624264,0.646825,0.635544
Alejandro_Toledo_0001.jpg,3,2,1,1,1,1,0.93874,0.377548,0.658144
Aleksander_Kwasniewski_0001.jpg,3,1,2,1,0,0,-1,-1,-1
Aleksander_Voloshin_0001.jpg,4,1,2,1,1,1,0.580912,0.199865,0.390389
Alessandra_Cerna_0001.jpg,4,2,2,2,1,1,0.513508,0.393487,0.453497
Alexander_Downer_0001.jpg,4,1,1,1,1,1,0.531488,0.329361,0.430424
Alexandra_Jackson_0001.jpg,2,2,2,1,1,1,0.922101,0.330911,0.626506
Alexandra_Rozovskaya_0001.jpg,2,2,2,2,1,1,1.00119,0.21693,0.609059
Alexandra_Spann_0001.jpg,3,1,2,2,1,0,0.617745,-1,0.617745
Alexandra_Vodjanikova_0001.jpg,3,2,2,2,1,1,0.693802,0.438529,0.566165
Alexandre_Daigle_0001.jpg,3,1,2,1,1,1,0.670044,0.425694,0.547869
Alexandre_Despatie_0001.jpg,3,1,2,1,1,1,0.58616,0.351799,0.46898
Alexandre_Herchcovitch_0001.jpg,3,2,2,1,1,1,0.606132,0.408658,0.507395
Alexa_Loren_0001.jpg,3,2,2,2,1,1,0.990397,0.159674,0.575035
Alexa_Vega_0001.jpg,3,2,2,2,1,1,0.581235,0.480569,0.530902
Alexis_Bledel_0001.jpg,3,1,2,2,1,1,0.689194,0.110648,0.399921
Alexis_Dennisoff_0001.jpg,3,2,2,1,1,1,1.25909,0.232119,0.745607
Alex_Cabrera_0001.jpg,3,2,2,1,1,1,0.670554,0.130632,0.400593
Alex_Cejka_0001.jpg,3,1,2,1,1,1,0.58501,0.315741,0.450376
Alex_Corretja_0001.jpg,3,2,2,1,1,0,0.556453,-1,0.556453
Alex_Gonzalez_0001.jpg,3,2,2,1,1,1,0.722621,0.452018,0.587319
Alex_Holmes_0001.jpg,3,1,2,1,1,1,0.778365,0.250943,0.514654
Alex_King_0001.jpg,3,2,2,2,1,1,0.756597,0.298474,0.527535
Alex_Penelas_0001.jpg,3,2,2,1,1,1,0.768038,0.543166,0.655602
Alex_Wallau_0001.jpg,3,1,2,2,1,1,0.691127,0.389393,0.54026
Alex_Zanardi_0001.jpg,3,1,2,1,1,1,0.795803,0.193766,0.494784
Alfonso_Cuaron_0001.jpg,3,2,2,1,1,1,0.667703,0.294174,0.480939
Alfonso_Portillo_0001.jpg,3,1,2,1,1,1,0.61456,0.16873,0.391645
Alfonso_Soriano_0001.jpg,3,1,2,1,1,1,0.685655,0.116437,0.401046
Alfredo_Moreno_0001.jpg,3,1,2,1,1,1,0.7305,0.0915545,0.411027
Alfredo_Pena_0001.jpg,3,2,1,1,1,1,0.571058,0.581672,0.576365
Alfred_Ford_0001.jpg,5,2,2,1,1,1,0.516285,0.802038,0.659162
Alfred_Sant_0001.jpg,3,2,2,1,1,1,0.688171,0.352117,0.520144
Alice_Fisher_0001.jpg,3,2,2,2,1,1,0.735949,0.49244,0.614195
Alicia_Keys_0001.jpg,3,1,2,2,1,1,0.643878,0.142857,0.393367
Alicia_Molik_0001.jpg,3,2,2,2,1,1,0.712648,0.275473,0.49406
Alicia_Silverstone_0001.jpg,3,1,2,2,1,0,0.750588,-1,0.750588
Alicia_Witt_0001.jpg,3,1,2,2,1,1,0.663469,0.281297,0.472383
Alimzhan_Tokhtakhounov_0001.jpg,3,2,2,1,1,0,0.700564,-1,0.700564
Alina_Kabaeva_0001.jpg,3,1,2,2,1,1,0.494921,0.360555,0.427738
Aline_Chretien_0001.jpg,3,1,2,2,1,1,0.388679,0.168577,0.278628
Alisha_Richman_0001.jpg,3,2,1,2,1,0,0.480462,-1,0.480462
Alistair_MacDonald_0001.jpg,3,1,2,1,1,1,0.468824,0.0857493,0.277287
Ali_Abbas_0001.jpg,2,1,2,1,1,1,0.90479,0.12898,0.516885
Ali_Abdullah_Saleh_0001.jpg,4,2,2,1,1,1,0.414755,0.953746,0.68425
Ali_Ahmeti_0001.jpg,3,2,2,1,1,1,0.608573,0.334963,0.471768
Ali_Bin_Hussein_0001.jpg,3,2,2,1,1,1,0.610516,0.379951,0.495233
Ali_Fallahian_0001.jpg,3,2,1,1,1,1,0.764748,0.168838,0.466793
Ali_Naimi_0001.jpg,3,2,1,1,1,1,0.517474,0.457651,0.487562
Allan_Kemakeza_0001.jpg,3,1,2,1,1,1,0.765426,0.0942004,0.429813
Allan_Wagner_0001.jpg,3,2,1,1,1,1,1.03554,0.176628,0.606082
Allen_Iverson_0001.jpg,3,2,2,1,1,1,0.72773,0.810785,0.769258
Allison_Janney_0001.jpg,3,2,2,2,1,1,0.950138,0.284236,0.617187
Allison_Searing_0001.jpg,3,2,2,2,1,1,0.941801,0.0253632,0.483582
Allyson_Felix_0001.jpg,3,2,2,2,1,1,0.632157,0.133118,0.382637
Ally_Sheedy_0001.jpg,3,1,2,2,1,1,0.867345,0.0916246,0.479485
Alma_Powell_0001.jpg,2,1,1,2,1,0,0.871096,-1,0.871096
Almeida_Baptista_0001.jpg,3,2,2,1,1,1,0.941869,0.207309,0.574589
Alonzo_Mourning_0001.jpg,3,2,1,1,1,1,0.770027,0.398929,0.584478
Alvaro_Silva_Calderon_0001.jpg,3,1,1,1,1,0,0.847748,-1,0.847748
Alvaro_Uribe_0001.jpg,3,2,1,1,1,1,0.767527,0.41364,0.590584
Alyse_Beaupre_0001.jpg,3,1,2,2,1,1,0.561824,0.309689,0.435756
Aly_Wagner_0001.jpg,3,1,2,2,1,1,0.586017,0.242246,0.414132
Al_Cardenas_0001.jpg,4,2,2,1,1,1,0.692757,0.438216,0.565487
Al_Davis_0001.jpg,3,1,2,1,1,1,0.577423,0.310087,0.443755
Al_Gore_0001.jpg,2,2,2,1,1,1,0.876003,0.228709,0.552356
Al_Leiter_0001.jpg,3,1,2,1,1,1,0.803584,0.138675,0.47113
Al_Pacino_0001.jpg,3,1,2,1,1,1,0.731869,0.228847,0.480358
Al_Sharpton_0001.jpg,3,2,2,1,1,1,1.03298,0.525119,0.779049
Amanda_Beard_0001.jpg,3,1,2,2,1,1,0.504927,0.380533,0.44273
Amanda_Bynes_0001.jpg,3,1,2,2,1,1,0.675952,0.323166,0.499559
Amanda_Coetzer_0001.jpg,4,2,2,2,1,1,0.610013,0.548468,0.57924
Amanda_Marsh_0001.jpg,4,1,2,2,1,1,0.472012,0.141843,0.306927
Amanda_Plumer_0001.jpg,4,1,2,2,1,1,0.57823,0.382349,0.480289
Amber_Tamblyn_0001.jpg,2,2,2,2,1,1,0.902068,0.0760286,0.489048
Amer_al-Saadi_0001.jpg,2,2,2,1,1,1,2.83731,1.67211,2.25471
Amporn_Falise_0001.jpg,3,1,2,2,1,1,1.22076,0.111563,0.66616
Amram_Mitzna_0001.jpg,3,2,1,1,1,1,0.766395,0.501552,0.633973
Amy_Cotton_0001.jpg,3,1,2,2,1,1,0.555895,1.26176,0.908829
Amy_Redford_0001.jpg,3,1,2,2,1,1,0.636905,0.26481,0.450858
Anastasia_Kelesidou_0001.jpg,4,1,2,2,1,1,0.532305,0.232873,0.382589
Anastasia_Myskina_0001.jpg,3,2,2,2,1,1,0.714473,0.133174,0.423823
Anatoliy_Kinakh_0001.jpg,4,2,2,1,1,0,0.582136,-1,0.582136
Ana_Claudia_Talancon_0001.jpg,3,1,2,2,1,1,0.661616,0.597694,0.629655
Ana_Guevara_0001.jpg,2,1,2,2,1,1,0.80928,0.103005,0.456143
Ana_Isabel_Sanchez_0001.jpg,3,1,2,2,1,1,0.628138,0.193013,0.410576
Ana_Paula_Gerard_0001.jpg,3,1,2,2,1,1,0.525378,0.345397,0.435388
Ana_Sebastiao_0001.jpg,3,1,2,2,1,0,0.74398,-1,0.74398
Anderson_Varejao_0001.jpg,3,1,2,2,1,0,0.683607,-1,0.683607
Anders_Ebbeson_0001.jpg,4,1,2,1,1,1,1.41373,1.00347,1.2086
Anders_Fogh_Rasmussen_0001.jpg,3,2,2,1,1,1,1.30973,0.462616,0.886175
Andreas_Vinciguerra_0001.jpg,3,2,2,1,1,0,1.01529,-1,1.01529
Andrea_De_Cruz_0001.jpg,3,1,2,2,1,1,0.596015,0.395701,0.495858
Andrea_Kiser_0001.jpg,3,2,2,2,0,0,-1,-1,-1
Andrea_Yates_0001.jpg,3,2,2,2,1,1,1.339,0.175412,0.757207
Andrei_Konchalovsky_0001.jpg,3,1,1,1,1,0,0.660787,-1,0.660787
Andrei_Mikhnevich_0001.jpg,3,1,2,1,1,1,0.551139,0.336718,0.443928
Andres_DAlessandro_0001.jpg,3,1,2,1,1,1,0.548867,0.290856,0.419861
Andres_Manuel_Lopez_Obrador_0001.jpg,3,1,2,1,1,1,0.736678,0.0649844,0.400831
Andres_Pastrana_0001.jpg,3,2,2,1,1,1,0.713321,0.600878,0.6571
Andrew_Caldecott_0001.jpg,3,1,2,1,1,1,0.529551,0.574488,0.552019
Andrew_Cuomo_0001.jpg,3,2,2,1,1,1,0.777834,0.190204,0.484019
Andrew_Firestone_0001.jpg,2,1,2,1,1,1,0.71402,0.145187,0.429604
Andrew_Gilligan_0001.jpg,3,1,2,1,1,1,0.525129,0.6027,0.563915
Andrew_Jarecki_0001.jpg,3,2,2,1,1,1,0.670917,0.213125,0.442021
Andrew_Sabey_0001.jpg,3,1,2,1,1,1,0.574235,0.562285,0.56826
Andrew_Shutley_0001.jpg,3,2,2,1,1,0,0.609526,-1,0.609526
Andre_Agassi_0001.jpg,3,1,2,1,1,0,0.610986,-1,0.610986
Andre_Bucher_0001.jpg,3,2,1,1,1,1,0.687943,0.48106,0.584502
Andre_Techine_0001.jpg,3,2,1,1,1,1,0.914261,0.204563,0.559412
Andrzej_Tyszkiewicz_0001.jpg,3,2,2,1,1,1,0.751078,0.14072,0.445899
Andy_Bryant_0001.jpg,3,1,1,1,1,1,0.857785,0.480305,0.669045
Andy_Garcia_0001.jpg,3,1,2,1,1,1,0.624403,0.129925,0.377164
Andy_Griffith_0001.jpg,3,1,1,1,1,1,0.654527,0.194096,0.424311
Andy_Griggs_0001.jpg,3,1,1,1,1,1,0.57046,0.101797,0.336129
Andy_Hebb_0001.jpg,4,2,2,1,1,1,0.877792,0.806068,0.84193
Andy_Madikians_0001.jpg,3,1,2,1,1,1,0.569974,0.46731,0.518642
Andy_North_0001.jpg,3,1,2,1,0,0,-1,-1,-1
Andy_Perez_0001.jpg,3,1,1,1,1,1,0.788889,0.0573304,0.42311
Andy_Roddick_0001.jpg,3,2,2,1,1,1,1.49024,0.163714,0.826978
Andy_Rooney_0001.jpg,3,1,2,1,1,1,0.56055,0.379729,0.47014
Andy_Warhol_0001.jpg,3,2,1,2,1,1,0.872859,0.25351,0.563184
Andy_Wisecarver_0001.jpg,4,2,2,1,1,0,0.49967,-1,0.49967
AnFernce_Negron_0001.jpg,3,1,2,1,1,1,0.656762,0.246914,0.451838
Angela_Alvarado_Rosa_0001.jpg,3,2,2,2,1,1,1.18667,0.142334,0.664503
Angela_Lansbury_0001.jpg,3,1,2,2,1,1,1.85552,0.768618,1.31207
Angela_Merkel_0001.jpg,2,1,2,2,1,1,0.968404,0.151455,0.559929
Angelina_Jolie_0001.jpg,3,1,2,2,1,1,0.539691,0.356335,0.448013
Angelo_Genova_0001.jpg,4,1,1,1,1,1,0.550179,0.304686,0.427432
Angelo_Reyes_0001.jpg,2,2,1,1,1,1,0.875701,0.164616,0.520158
Angel_Maza_0001.jpg,3,1,2,1,1,1,0.61911,0.205898,0.412504
Angie_Arzola_0001.jpg,4,2,2,2,1,1,0.466359,0.368762,0.417561
Angie_Martinez_0001.jpg,2,1,1,2,1,1,1.00656,0.200988,0.603772
Anita_DeFrantz_0001.jpg,3,1,2,2,1,1,0.973951,0.169774,0.571862
Anjum_Hussain_0001.jpg,3,2,2,1,1,1,0.76332,0.252178,0.507749
Anna_Chicherova_0001.jpg,3,2,2,2,1,0,0.560875,-1,0.560875
Anna_Faris_0001.jpg,3,1,2,2,1,1,0.990454,0.0717035,0.531079
Anna_Jones_0001.jpg,3,2,2,2,1,1,1.11344,0.378131,0.745786
Anna_Kournikova_0001.jpg,3,2,2,2,1,1,0.737275,0.369749,0.553512
Anneli_Jaatteenmaki_0001.jpg,3,2,2,2,1,1,0.739047,0.0792056,0.409126
Annette_Bening_0001.jpg,3,1,2,2,1,1,0.691425,0.16613,0.428778
Annette_Lu_0001.jpg,3,1,1,2,1,0,0.617332,-1,0.617332
Anne_Cavers_0001.jpg,3,2,2,2,1,1,0.810934,0.433107,0.62202
Anne_Donovan_0001.jpg,4,2,2,2,1,1,0.553374,0.442981,0.498177
Anne_Heche_0001.jpg,2,1,2,2,1,1,0.958793,0.376402,0.667598
Anne_Krueger_0001.jpg,3,2,1,2,1,0,0.549952,-1,0.549952
Anne_McLellan_0001.jpg,3,1,1,2,1,1,1.02256,0.355967,0.689263
Annie_Chaplin_0001.jpg,4,1,2,2,1,1,0.485716,0.399298,0.442507
Annie_Machon_0001.jpg,3,1,2,2,1,1,1.26387,0.130588,0.697228
Ann_Godbehere_0001.jpg,3,2,2,2,1,1,0.54484,0.59044,0.56764
Ann_Veneman_0001.jpg,3,2,2,2,1,1,0.753045,0.226411,0.489728
Antanas_Valionis_0001.jpg,3,1,2,1,1,1,0.981527,0.171341,0.576434
Anthony_Carter_0001.jpg,3,2,2,1,1,1,0.739346,0.186339,0.462842
Anthony_Corso_0001.jpg,4,1,2,1,1,1,0.425553,0.372646,0.3991
Anthony_Ervin_0001.jpg,4,1,2,1,1,1,0.490912,0.614014,0.552463
Anthony_Fauci_0001.jpg,3,1,1,1,1,0,0.68086,-1,0.68086
Anthony_Garotinho_0001.jpg,5,1,2,1,1,1,0.35522,0.242742,0.298981
Anthony_Hazen_0001.jpg,3,2,1,1,1,1,1.1467,0.580102,0.863403
Anthony_Hopkins_0001.jpg,3,2,2,1,1,1,0.670743,0.690332,0.680538
Anthony_LaPaglia_0001.jpg,4,1,2,1,1,1,0.788633,0.307785,0.548209
Anthony_Mazur_0001.jpg,3,2,2,1,1,1,0.675497,1.75929,1.21739
Anthony_Pico_0001.jpg,3,1,1,1,1,0,0.817364,-1,0.817364
Anthony_Principi_0001.jpg,3,2,1,1,1,1,0.936717,0.40953,0.673124
Anthony_Rackauckas_0001.jpg,3,2,2,1,1,1,0.946642,0.347351,0.646997
Anthony_Scott_Miller_0001.jpg,3,1,2,1,1,0,0.582338,-1,0.582338
Antonio_Bernardo_0001.jpg,3,2,2,1,1,1,0.652211,0.356228,0.504219
Antonio_Cassano_0001.jpg,3,2,2,1,1,1,0.770701,0.538364,0.654532
Antonio_Catania_0001.jpg,3,1,2,1,1,1,0.888381,0.279123,0.583752
Antonio_Elias_Saca_0001.jpg,3,2,2,1,1,1,0.81687,1.18066,0.998764
Antonio_Palocci_0001.jpg,4,2,2,1,1,1,0.625046,0.454059,0.539553
Antonio_Trillanes_0001.jpg,3,2,2,1,1,1,1.47072,0.0288435,0.749781
Antwun_Echols_0001.jpg,3,2,1,1,1,1,0.543467,0.180637,0.362052
Anwar_Ibrahim_0001.jpg,3,2,1,1,1,1,0.783064,0.184355,0.48371
Anzori_Kikalishvili_0001.jpg,3,1,2,1,1,1,0.834423,0.684397,0.75941
Aparna_Pillai_0001.jpg,3,1,2,2,1,1,0.612233,0.0875544,0.349893
Aram_Adler_0001.jpg,3,2,2,1,1,0,0.667094,-1,0.667094
Aretha_Franklin_0001.jpg,3,1,2,2,1,1,0.702804,0.204006,0.453405
Arianna_Huffington_0001.jpg,2,1,2,2,1,0,1.02092,-1,1.02092
Ariel_Sharon_0001.jpg,3,1,2,1,1,1,0.691192,0.339658,0.515425
Arie_Haan_0001.jpg,3,2,2,1,1,1,0.76437,0.54295,0.65366
Ari_Bousbib_0001.jpg,3,1,2,1,1,1,0.736802,0.161591,0.449196
Ari_Fleischer_0001.jpg,3,1,1,1,1,1,0.643845,0.326898,0.485371
Armando_Avila_Panchame_0001.jpg,3,2,2,1,1,1,0.521746,0.747055,0.6344
Armando_Calderon_Sol_0001.jpg,3,2,2,1,1,0,0.67734,-1,0.67734
Armando_Carrillo_0001.jpg,3,2,2,1,1,1,0.533021,0.0920358,0.312529
Armand_Sargen_0001.jpg,3,2,2,1,1,1,0.690282,0.447214,0.568748
Arminio_Fraga_0001.jpg,5,2,2,1,1,1,0.770015,0.304691,0.537353
Arnaud_Clement_0001.jpg,3,2,2,1,1,1,0.734944,0.673043,0.703993
Arnaud_Lagardere_0001.jpg,3,2,2,1,1,1,0.805724,0.0841257,0.444925
Arnoldo_Aleman_0001.jpg,3,2,1,1,1,1,0.719855,0.523382,0.621619
Arnold_Palmer_0001.jpg,3,1,2,1,1,1,0.675673,0.0519875,0.36383
Arnold_Schwarzenegger_0001.jpg,4,1,2,1,1,1,0.558353,0.503864,0.531108
Aron_Ralston_0001.jpg,3,2,2,1,1,1,0.639473,0.451243,0.545358
Arsinee_Khanjian_0001.jpg,3,1,2,2,1,1,0.580588,0.233591,0.40709
Arthur_Martinez_0001.jpg,3,2,2,1,1,1,0.521916,0.201464,0.36169
Arturo_Gatti_0001.jpg,3,2,2,1,1,1,1.0076,0.0750164,0.541306
Art_Cooper_0001.jpg,4,1,2,1,1,1,0.586756,0.448981,0.517868
Art_Hoffmann_0001.jpg,2,1,2,1,1,1,1.46577,0.059655,0.762712
Art_Howe_0001.jpg,3,1,2,1,1,0,0.977386,-1,0.977386
Arye_Mekel_0001.jpg,3,2,1,1,1,1,0.952737,0.990581,0.971659
Asa_Hutchinson_0001.jpg,3,1,2,1,0,0,-1,-1,-1
Ascencion_Barajas_0001.jpg,3,2,2,1,1,1,0.657467,0.453095,0.555281
Ashlea_Talbot_0001.jpg,2,1,2,2,1,1,0.94048,0.321403,0.630941
Ashley_Judd_0001.jpg,3,1,2,2,1,0,0.666742,-1,0.666742
Ashley_Olsen_0001.jpg,2,1,2,2,0,0,-1,-1,-1
Ashraf_Ghani_0001.jpg,4,2,2,1,1,1,0.67159,0.312996,0.492293
Asmaa_Assad_0001.jpg,3,1,2,2,1,1,0.727172,0.317949,0.522561
Assad_Ahmadi_0001.jpg,3,2,2,1,1,0,0.732638,-1,0.732638
Astou_Ndiaye-Diatta_0001.jpg,3,1,2,2,1,1,0.886538,0.250934,0.568736
Astrid_Betancourt_0001.jpg,3,2,2,2,1,1,0.735406,0.252392,0.493899
Astrid_Eyzaguirre_0001.jpg,3,1,2,2,1,1,0.603892,0.425614,0.514753
Atal_Bihari_Vajpayee_0001.jpg,2,1,2,1,0,0,-1,-1,-1
Ataollah_Mohajerani_0001.jpg,3,2,2,1,1,1,0.674805,0.500978,0.587891
Atiabet_Ijan_Amabel_0001.jpg,2,1,2,2,1,1,0.873307,0.30631,0.589809
Audrey_Lacroix_0001.jpg,3,1,2,2,1,1,0.464486,0.363106,0.413796
Audrey_Sauret_0001.jpg,3,2,2,2,1,1,0.78083,0.754082,0.767456
Augustin_Calleri_0001.jpg,3,2,2,1,1,1,0.632393,0.403826,0.518109
Augusto_Pinochet_0001.jpg,3,1,2,1,1,1,0.64812,0.254785,0.451452
Augusto_Roa_Bastos_0001.jpg,3,2,2,1,1,1,0.54812,0.42893,0.488525
Aung_San_Suu_Kyi_0001.jpg,2,2,2,2,1,1,1.04069,0.0749532,0.55782
Austin_Kearns_0001.jpg,3,1,2,1,1,1,0.484396,0.272136,0.378266
Azmi_Bishara_0001.jpg,3,2,2,1,1,1,1.32886,0.363378,0.84612
Azra_Akin_0001.jpg,3,1,2,2,1,1,0.728215,0.0614006,0.394808
Babe_Ruth_0001.jpg,3,2,2,1,1,0,0.71766,-1,0.71766
Baburam_Bhattari_0001.jpg,3,2,2,1,1,0,0.954014,-1,0.954014
Bak_Chang-Ryun_0001.jpg,3,2,1,1,1,1,0.841121,0.584705,0.712913
Barbara_Boxer_0001.jpg,2,2,2,2,1,1,0.690179,0.173355,0.431767
Barbara_Brezigar_0001.jpg,3,1,2,2,1,1,0.739035,0.336137,0.537586
Barbara_De_Brun_0001.jpg,3,2,1,2,1,1,1.10512,0.100472,0.602794
Barbara_Felt-Miller_0001.jpg,3,2,2,2,1,1,0.647719,0.374451,0.511085
Barbara_Roberts_0001.jpg,3,2,1,2,1,1,0.632378,0.464474,0.548426
Barbara_Walters_0001.jpg,3,1,2,2,1,1,0.74751,0.0740233,0.410767
Barbora_Strycova_0001.jpg,3,1,2,2,1,1,0.499938,0.472098,0.486018
Barrett_Jackman_0001.jpg,4,1,2,1,1,1,0.961676,0.187463,0.57457
Barry_Bonds_0001.jpg,3,2,2,1,1,1,0.552974,0.0812981,0.317136
Barry_Collier_0001.jpg,3,2,2,1,1,1,0.77863,0.179954,0.479292
Barry_Diller_0001.jpg,3,2,2,1,1,0,0.569582,-1,0.569582
Barry_Ford_0001.jpg,3,1,2,2,1,1,0.726165,0.492903,0.609534
Barry_Hinson_0001.jpg,3,2,1,1,1,0,0.652622,-1,0.652622
Barry_Nakell_0001.jpg,2,2,1,1,1,0,0.735842,-1,0.735842
Barry_Switzer_0001.jpg,3,2,2,1,1,0,0.707865,-1,0.707865
Barry_Williams_0001.jpg,3,1,2,1,1,1,0.62298,0.374156,0.498568
Bart_Freundlich_0001.jpg,4,2,2,1,1,1,0.506279,0.422716,0.464497
Bart_Hendricks_0001.jpg,3,2,2,1,1,1,0.625977,0.627585,0.626781
Basdeo_Panday_0001.jpg,3,2,1,1,1,1,0.598407,0.413597,0.506002
Baz_Luhrmann_0001.jpg,3,2,2,1,1,1,0.648067,0.410583,0.529325
BB_King_0001.jpg,3,1,1,1,1,0,0.633349,-1,0.633349
Beatrice_Dalle_0001.jpg,2,1,2,2,1,1,0.81358,0.653559,0.73357
Beatriz_Merino_0001.jpg,3,1,2,2,1,1,0.802249,0.133245,0.467747
Beecher_Ray_Kirby_0001.jpg,3,1,2,1,1,0,0.734675,-1,0.734675
Bela_Karolyi_0001.jpg,3,1,2,1,1,1,1.02104,0.148865,0.584954
Benicio_Del_Toro_0001.jpg,3,1,2,1,1,1,0.67393,0.132142,0.403036
Benito_Santiago_0001.jpg,3,2,2,1,1,1,0.741497,0.11095,0.426224
Benjamin_Bratt_0001.jpg,3,1,2,1,1,1,0.95964,0.165584,0.562612
Benjamin_Martinez_0001.jpg,3,1,2,1,1,1,0.664132,0.47262,0.568376
Benjamin_McKenzie_0001.jpg,3,2,2,1,1,0,0.836334,-1,0.836334
Benjamin_Neulander_0001.jpg,3,2,2,1,1,1,0.578356,0.369116,0.473736
Ben_Affleck_0001.jpg,3,1,2,1,1,1,0.620921,0.306786,0.463854
Ben_Braun_0001.jpg,3,2,2,1,1,1,0.573998,0.187748,0.380873
Ben_Broussard_0001.jpg,3,2,2,1,1,0,0.850696,-1,0.850696
Ben_Cahoon_0001.jpg,3,1,2,1,1,1,0.857194,0.0223328,0.439763
Ben_Cohen_0001.jpg,2,2,2,1,1,1,0.816402,0.162841,0.489621
Ben_Curtis_0001.jpg,3,1,2,1,0,0,-1,-1,-1
Ben_Davis_0001.jpg,3,1,2,1,1,1,1.12781,0.154861,0.641333
Ben_Glisan_0001.jpg,4,2,2,1,1,1,0.413232,0.55832,0.485776
Ben_Howland_0001.jpg,3,1,2,1,1,1,0.842882,0.0854358,0.464159
Ben_Kingsley_0001.jpg,3,1,2,1,1,1,0.64977,0.349403,0.499587
Ben_Stein_0001.jpg,3,2,1,1,1,1,0.84665,0.23671,0.54168
Bernardo_Segura_0001.jpg,3,1,2,1,1,1,0.515938,0.444741,0.480339
Bernard_Ebbers_0001.jpg,3,2,2,1,1,0,0.669321,-1,0.669321
Bernard_Giraudeau_0001.jpg,3,1,2,1,1,1,0.582314,0.936121,0.759218
Bernard_Kerik_0001.jpg,4,1,2,1,1,1,0.665455,0.247486,0.45647
Bernard_Law_0001.jpg,3,2,1,1,1,1,1.0568,0.0907966,0.573799
Bernard_Siegel_0001.jpg,3,2,1,1,1,1,0.793101,0.0450606,0.419081
Bernice_Wong_0001.jpg,3,1,2,2,1,1,0.826928,0.110116,0.468522
Bertie_Ahern_0001.jpg,2,2,2,1,0,0,-1,-1,-1
Bertrand_Delanoe_0001.jpg,3,1,2,1,1,1,0.753556,0.108318,0.430937
Beth_Blough_0001.jpg,3,2,2,2,1,1,0.829993,0.14834,0.489167
Beth_Jones_0001.jpg,3,2,2,2,1,1,0.848668,0.457398,0.653033
Betsy_Coffin_0001.jpg,4,2,2,2,1,1,0.555242,0.371391,0.463316
Betsy_Smith_0001.jpg,3,1,2,2,1,1,0.503279,0.108947,0.306113
Betty_Garrison_0001.jpg,3,1,1,2,1,1,0.761025,0.0812981,0.421161
Beyonce_Knowles_0001.jpg,3,2,2,2,1,1,0.57995,0.529233,0.554591
Bijan_Darvish_0001.jpg,4,2,2,1,1,1,0.545366,0.395717,0.470542
Bijan_Namdar_Zangeneh_0001.jpg,3,2,2,1,1,1,0.833083,0.160199,0.496641
Bilal_Erdogan_0001.jpg,3,1,1,1,1,1,0.692824,0.023051,0.357938
Biljana_Plavsic_0001.jpg,3,2,2,2,1,0,0.570884,-1,0.570884
Billy_Andrade_0001.jpg,3,2,2,1,0,0,-1,-1,-1
Billy_Beane_0001.jpg,2,1,2,1,1,1,0.808916,0.0301786,0.419547
Billy_Bob_Thornton_0001.jpg,3,1,1,1,1,1,0.994535,0.124035,0.559285
Billy_Crawford_0001.jpg,3,1,2,1,1,0,0.616598,-1,0.616598
Billy_Crystal_0001.jpg,3,1,2,1,1,1,1.0362,0.351665,0.693931
Billy_Edelin_0001.jpg,3,2,2,1,1,0,0.620231,-1,0.620231
Billy_Graham_0001.jpg,4,2,2,1,1,1,0.461002,0.469075,0.465039
Billy_Joel_0001.jpg,4,1,2,1,1,1,0.531464,0.877605,0.704534
Billy_Rork_0001.jpg,4,2,2,1,1,1,0.427523,0.624562,0.526042
Billy_Tibbets_0001.jpg,3,1,2,1,1,1,0.580473,0.461308,0.52089
Bill_Belichick_0001.jpg,2,2,2,1,1,1,1.12853,0.25,0.689267
Bill_Bradley_0001.jpg,3,1,2,1,1,1,0.632007,0.427453,0.52973
Bill_Byrne_0001.jpg,3,1,1,1,1,1,0.693516,0.103532,0.398524
Bill_Callahan_0001.jpg,3,2,2,1,1,1,0.682485,0.276533,0.479509
Bill_Carmody_0001.jpg,3,2,2,1,1,1,0.66961,0.0651558,0.367383
Bill_Cartwright_0001.jpg,3,2,1,1,1,1,0.755928,0.164441,0.460184
Bill_Clancy_0001.jpg,3,2,2,1,1,1,0.573577,0.583095,0.578336
Bill_Clinton_0001.jpg,3,2,2,1,1,1,0.671784,0.373223,0.522503
Bill_Curry_0001.jpg,3,1,1,1,1,1,0.779802,0.113182,0.446492
Bill_Duffey_0001.jpg,2,2,1,1,1,1,0.886412,0.114882,0.500647
Bill_Elliott_0001.jpg,3,2,2,1,1,1,1.50791,0.132164,0.820038
Bill_Fennelly_0001.jpg,3,1,2,1,1,1,0.78468,0.0357485,0.410214
Bill_Frist_0001.jpg,3,2,2,1,1,1,0.662576,0.217186,0.439881
Bill_Gates_0001.jpg,3,2,1,1,1,0,0.895771,-1,0.895771
Bill_Graham_0001.jpg,2,2,1,1,1,1,0.82429,0.249463,0.536876
Bill_Herrion_0001.jpg,3,2,2,1,1,1,0.700941,0.122536,0.411738
Bill_Hughes_0001.jpg,3,1,2,1,1,0,0.655719,-1,0.655719
Bill_King_0001.jpg,2,2,1,1,1,1,0.742553,0.218039,0.480296
Bill_Kong_0001.jpg,3,1,2,1,1,0,0.679859,-1,0.679859
Bill_Lerach_0001.jpg,3,2,1,1,1,1,0.60216,0.0243252,0.313243
Bill_Mauldin_0001.jpg,3,1,2,1,1,0,0.580001,-1,0.580001
Bill_McBride_0001.jpg,3,1,2,1,1,0,0.612528,-1,0.612528
Bill_Nelson_0001.jpg,3,1,2,1,1,0,0.554648,-1,0.554648
Bill_OReilly_0001.jpg,3,1,2,1,1,1,1.16118,0.23671,0.698943
Bill_Paxton_0001.jpg,3,1,2,1,1,0,0.597778,-1,0.597778
Bill_Pryor_0001.jpg,3,1,2,1,1,0,0.544231,-1,0.544231
Bill_Rainer_0001.jpg,3,2,1,1,1,1,0.580147,0.438347,0.509247
Bill_Readdy_0001.jpg,4,2,2,1,0,0,-1,-1,-1
Bill_Self_0001.jpg,3,2,2,1,1,1,0.58431,0.175427,0.379869
Bill_Simon_0001.jpg,3,2,1,1,1,1,0.793641,0.471405,0.632523
Bill_Sizemore_0001.jpg,3,2,2,1,1,0,0.522227,-1,0.522227
Bill_Stein_0001.jpg,3,1,2,1,1,1,0.482226,0.510178,0.496202
Binyamin_Ben-Eliezer_0001.jpg,4,2,2,1,1,1,0.621451,1.03673,0.829089
Bison_Dele_0001.jpg,3,1,2,1,1,1,0.775374,0.244432,0.509903
Bixente_LIzarazu_0001.jpg,3,1,2,1,1,0,0.713578,-1,0.713578
BJ_Habibie_0001.jpg,3,1,2,1,1,1,0.585366,0.264824,0.425095
Blas_Ople_0001.jpg,3,1,2,1,1,1,0.679607,0.382592,0.531099
Bobby_Goldwater_0001.jpg,4,2,1,1,1,1,0.400471,0.546404,0.473438
Bobby_Kielty_0001.jpg,3,1,2,1,1,1,0.614869,0.0436187,0.329244
Bobby_Robson_0001.jpg,3,2,2,1,1,1,0.595046,0.15069,0.372868
Bobo_Balde_0001.jpg,3,2,2,1,1,1,0.501639,1.04542,0.773527
Bob_Alper_0001.jpg,3,1,1,1,1,0,0.73985,-1,0.73985
Bob_Bowlsby_0001.jpg,3,1,2,1,1,1,0.908918,0.182387,0.545653
Bob_Cantrell_0001.jpg,3,2,1,1,1,1,0.823959,0.770108,0.797033
Bob_Colvin_0001.jpg,3,2,2,1,1,1,0.530234,0.405257,0.467746
Bob_Curtis_0001.jpg,3,2,2,1,1,1,0.978101,0.240807,0.609454
Bob_Ferguson_0001.jpg,2,1,2,1,1,1,0.843884,0.13002,0.486952
Bob_Geldof_0001.jpg,3,1,2,1,1,1,0.774784,0.204386,0.489585
Bob_Goldman_0001.jpg,3,1,2,1,1,0,0.65737,-1,0.65737
Bob_Guccione_0001.jpg,3,2,2,1,0,0,-1,-1,-1
Bob_Hartley_0001.jpg,3,1,2,1,1,1,0.595684,0.384203,0.489943
Bob_Hayes_0001.jpg,3,1,2,1,1,0,0.682892,-1,0.682892
Bob_Herz_0001.jpg,2,1,1,1,1,1,0.768653,0.0780869,0.42337
Bob_Holden_0001.jpg,4,2,1,1,1,1,0.561016,0.462536,0.511776
Bob_Hope_0001.jpg,3,2,2,1,1,0,0.725041,-1,0.725041
Bob_Huggins_0001.jpg,3,2,2,1,1,0,0.474394,-1,0.474394
Bob_Iger_0001.jpg,3,1,2,1,1,1,0.739154,0.113278,0.426216
Bob_Krueger_0001.jpg,3,2,2,1,1,1,0.671458,0.215813,0.443635
Bob_Melvin_0001.jpg,3,1,2,1,1,1,0.512415,0.110897,0.311656
Bob_Menendez_0001.jpg,3,1,1,1,1,1,0.659642,0.272136,0.465889
Bob_Newhart_0001.jpg,3,1,2,1,1,1,0.763017,0.0993127,0.431165
Bob_Petrino_0001.jpg,3,2,2,1,1,0,0.579622,-1,0.579622
Bob_Riley_0001.jpg,2,2,2,1,1,1,0.891592,0.333637,0.612615
Bob_Stoops_0001.jpg,2,1,2,1,1,0,0.882586,-1,0.882586
Bob_Taft_0001.jpg,4,2,1,1,1,1,0.466146,0.59509,0.530618
Bob_Wright_0001.jpg,3,1,2,1,1,1,0.889883,0.0939987,0.491941
Bode_Miller_0001.jpg,3,1,2,1,1,1,0.700311,0.0774055,0.388858
Bonnie_Hunt_0001.jpg,4,1,2,2,1,1,0.42804,0.484679,0.45636
Bono_0001.jpg,2,1,2,1,1,0,0.746101,-1,0.746101
Boris_Berezovsky_0001.jpg,3,2,2,1,1,1,0.593908,0.161488,0.377698
Boris_Henry_0001.jpg,4,1,2,1,1,1,0.506285,0.545612,0.525949
Boris_Jordan_0001.jpg,3,1,2,1,1,1,0.620394,0.147764,0.384079
Boris_Yeltsin_0001.jpg,3,1,2,1,1,1,0.574607,0.635216,0.604911
Bo_Ryan_0001.jpg,3,2,2,1,1,1,0.653778,0.712284,0.683031
Brady_Rodgers_0001.jpg,3,2,2,1,1,1,0.824017,0.0573304,0.440674
Brad_Alexander_Smith_0001.jpg,3,1,2,1,1,0,0.543908,-1,0.543908
Brad_Brownell_0001.jpg,3,1,2,1,1,1,0.813735,0.535775,0.674755
Brad_Garrett_0001.jpg,3,1,2,1,1,1,0.836146,1.0156,0.925873
Brad_Gushue_0001.jpg,3,1,2,1,1,0,0.726581,-1,0.726581
Brad_Pitt_0001.jpg,3,2,1,1,1,1,0.734624,0.227893,0.481258
Brad_Smith_0001.jpg,3,1,2,1,0,0,-1,-1,-1
Brad_Wilk_0001.jpg,3,1,2,1,1,0,0.976109,-1,0.976109
Brajesh_Mishra_0001.jpg,4,2,2,1,1,0,0.642148,-1,0.642148
Brandon_Hammond_0001.jpg,3,2,2,1,1,1,0.687928,0.197524,0.442726
Brandon_Inge_0001.jpg,3,1,2,1,1,1,0.688227,0.447767,0.567997
Brandon_Knight_0001.jpg,4,2,2,1,1,1,0.593686,0.161332,0.377509
Brandon_Larson_0001.jpg,3,1,2,1,1,1,0.449576,0.184039,0.316807
Brandon_Lloyd_0001.jpg,3,2,2,1,1,0,0.489958,-1,0.489958
Brandon_Robinson_0001.jpg,3,2,2,1,1,1,0.704266,0.127501,0.415883
Brandon_Spann_0001.jpg,3,2,2,1,1,1,0.643557,0.368383,0.50597
Brawley_King_0001.jpg,3,2,2,1,0,0,-1,-1,-1
Brendan_Fraser_0001.jpg,3,1,2,1,1,1,0.585869,0.406397,0.496133
Brendan_Hansen_0001.jpg,3,1,2,1,1,1,0.551551,0.357876,0.454713
Brendan_Stai_0001.jpg,3,1,2,1,1,1,0.704339,0.224529,0.464434
Brenda_Magana_0001.jpg,3,1,2,2,1,1,0.608291,0.217707,0.412999
Brenda_van_Dam_0001.jpg,3,2,2,2,1,1,0.554871,0.793074,0.673972
Brenda_Wilson_0001.jpg,3,1,1,2,1,1,0.847482,0.126918,0.4872
Brennon_Leighton_0001.jpg,3,2,2,1,1,0,0.684428,-1,0.684428
Brett_Boone_0001.jpg,3,2,2,1,1,1,1.17283,0.0785674,0.625698
Brett_Hawke_0001.jpg,3,1,2,1,1,1,0.614142,0.152057,0.383099
Brian_Billick_0001.jpg,2,1,1,1,1,1,0.89162,0.447214,0.669417
Brian_Campbell_0001.jpg,3,1,2,1,1,1,0.65188,0.328687,0.490284
Brian_Cashman_0001.jpg,3,1,2,1,1,1,0.803616,0.286744,0.54518
Brian_Clemens_0001.jpg,3,1,2,1,1,0,0.666228,-1,0.666228
Brian_De_Palma_0001.jpg,3,1,2,1,1,1,1.50035,0.173061,0.836705
Brian_Florence_0001.jpg,3,2,1,1,1,1,0.661168,0.488846,0.575007
Brian_Grazier_0001.jpg,3,1,2,1,1,1,0.489502,0.377755,0.433629
Brian_Gregory_0001.jpg,3,2,2,1,1,1,0.64502,0.43256,0.53879
Brian_Griese_0001.jpg,3,1,2,1,1,1,0.626955,0.149104,0.388029
Brian_Heidik_0001.jpg,2,1,2,1,1,1,0.77351,0.300421,0.536966
Brian_Henson_0001.jpg,3,1,2,1,1,0,0.742862,-1,0.742862
Brian_Kerr_0001.jpg,3,1,2,1,1,0,0.634712,-1,0.634712
Brian_Lara_0001.jpg,3,1,2,1,1,1,0.405832,0.473134,0.439483
Brian_Meadors_0001.jpg,3,1,1,1,1,1,0.703283,0.256435,0.479859
Brian_Pavlich_0001.jpg,3,2,2,1,1,1,1.02175,0.43269,0.72722
Brian_Scalabrine_0001.jpg,4,2,2,1,1,1,1.94012,1.0643,1.50221
Brian_Schneider_0001.jpg,3,2,2,1,0,0,-1,-1,-1
Brian_Van_Dusen_0001.jpg,3,1,2,1,1,0,0.995219,-1,0.995219
Brian_Weaver_0001.jpg,3,1,2,1,1,1,0.717293,0.0338449,0.375569
Brian_Williams_0001.jpg,3,1,2,1,1,1,0.673197,0.189792,0.431495
Bridgette_Wilson-Sampras_0001.jpg,3,1,2,2,1,1,0.734145,0.0441942,0.38917
Bridget_Fonda_0001.jpg,2,1,2,2,1,1,0.910819,0.109632,0.510225
Brigitte_Boisselier_0001.jpg,4,1,2,2,1,1,0.417355,0.374945,0.39615
Britney_Spears_0001.jpg,3,1,2,2,1,1,0.617442,0.142994,0.380218
Brittany_Snow_0001.jpg,3,1,2,2,1,1,0.551534,0.28797,0.419752
Bronson_Arroyo_0001.jpg,3,2,2,1,1,0,0.680512,-1,0.680512
Brooke_Gordon_0001.jpg,3,1,2,2,1,1,0.655289,0.165052,0.410171
Brooke_Shields_0001.jpg,3,1,2,2,1,1,0.671573,0.194365,0.432969
Brook_Robinson_0001.jpg,3,1,2,1,1,1,0.701151,0.121157,0.411154
Bruce_Arena_0001.jpg,3,2,2,1,1,1,0.714113,0.1155,0.414806
Bruce_Gebhardt_0001.jpg,3,2,2,1,1,1,1.00718,0.384023,0.695603
Bruce_Lunsford_0001.jpg,2,1,2,1,1,1,0.634929,0.441927,0.538428
Bruce_Paltrow_0001.jpg,3,1,1,1,1,1,1.17916,0.137361,0.658262
Bruce_Van_De_Velde_0001.jpg,3,2,2,1,1,0,0.688125,-1,0.688125
Bruce_Weber_0001.jpg,3,2,2,1,1,1,0.831072,0.0609032,0.445988
Bruce_Willis_0001.jpg,2,2,2,1,1,1,1.01423,0.352341,0.683284
Bruna_Colosio_0001.jpg,3,2,2,2,1,1,0.691383,0.0850782,0.38823
Bruno_Junquiera_0001.jpg,3,1,1,1,1,1,0.932596,0.254338,0.593467
Bryan_Adams_0001.jpg,4,1,2,1,1,1,0.487804,0.688492,0.588148
Bryan_Chui_0001.jpg,3,1,2,1,1,1,0.54874,0.291184,0.419962
Bryan_Cooley_0001.jpg,3,2,2,1,1,1,0.629907,0.0998752,0.364891
Bryan_Murray_0001.jpg,3,2,2,1,1,1,0.519997,0.521249,0.520623
Bryan_Thomas_0001.jpg,3,2,2,1,1,1,1.04563,0.166206,0.605916
Buck_Rodgers_0001.jpg,2,2,2,1,1,1,0.762745,0.231269,0.497007
Buddy_Ryan_0001.jpg,3,1,1,1,0,0,-1,-1,-1
Budd_Schulberg_0001.jpg,5,1,2,1,0,0,-1,-1,-1
Buford_Blount_0001.jpg,3,1,2,1,1,1,0.551467,0.466697,0.509082
Bustam_A_Zedan_Aljanabi_0001.jpg,4,2,2,1,1,0,0.537033,-1,0.537033
Butch_Davis_0001.jpg,3,2,2,1,1,1,0.735436,0.0815892,0.408512
Buzz_Hargrove_0001.jpg,4,1,1,1,1,0,0.496699,-1,0.496699
Byron_Scott_0001.jpg,3,2,2,1,1,0,0.87125,-1,0.87125
Cabas_0001.jpg,3,1,2,1,1,1,0.633473,0.149104,0.391289
Caio_Blat_0001.jpg,3,1,2,1,1,1,0.810701,0.0743294,0.442515
Calbert_Cheaney_0001.jpg,3,1,2,1,1,1,0.869956,0.268171,0.569064
Calista_Flockhart_0001.jpg,4,1,2,2,1,1,0.423605,0.50794,0.465772
Calvin_Harrison_0001.jpg,3,1,2,1,1,0,0.77593,-1,0.77593
Calvin_Joseph_Coleman_0001.jpg,3,2,2,1,0,0,-1,-1,-1
Cameron_Diaz_0001.jpg,4,1,2,2,1,1,0.457589,0.316491,0.38704
Camilla_Parker_Bowles_0001.jpg,3,1,2,2,1,1,0.565471,0.307678,0.436575
Camille_Colvin_0001.jpg,5,1,2,2,1,1,0.405531,0.485341,0.445436
Camille_Lewis_0001.jpg,3,1,2,2,1,1,0.654488,0.119618,0.387053
Candie_Kung_0001.jpg,3,1,2,2,0,0,-1,-1,-1
Carina_Lau_Ka-ling_0001.jpg,3,1,1,2,1,1,0.699498,0.513353,0.606425
Carla_Del_Ponte_0001.jpg,3,2,1,2,1,1,0.68271,0.318593,0.500651
Carla_Gugino_0001.jpg,4,1,2,2,0,0,-1,-1,-1
Carla_Moreno_0001.jpg,3,1,2,2,1,1,0.687912,0.0809776,0.384445
Carla_Myers_0001.jpg,3,1,2,2,1,1,0.68568,0.172089,0.428884
Carla_Tricoli_0001.jpg,3,1,2,2,1,1,0.647985,0.343294,0.495639
Carlos_Alberto_0001.jpg,3,2,2,1,1,0,0.572741,-1,0.572741
Carlos_Arroyo_0001.jpg,3,2,2,1,1,0,1.60457,-1,1.60457
Carlos_Barra_0001.jpg,3,2,2,1,1,1,0.662759,0.361418,0.512089
Carlos_Barragan_0001.jpg,3,2,2,1,1,0,0.945757,-1,0.945757
Carlos_Beltran_0001.jpg,3,2,2,1,1,1,0.780432,0.174475,0.477453
Carlos_Bianchi_0001.jpg,3,1,1,1,1,1,0.557007,0.292033,0.42452
Carlos_De_Abreu_0001.jpg,3,1,1,1,1,1,0.938279,0.123669,0.530974
Carlos_Fasciolo_0001.jpg,3,1,1,1,1,1,0.605801,0.104116,0.354958
Carlos_Ghosn_0001.jpg,3,2,2,1,1,1,0.764587,0.108786,0.436687
Carlos_Iturgaitz_0001.jpg,2,1,2,1,1,1,0.883016,0.298142,0.590579
Carlos_Juarez_0001.jpg,3,2,2,1,1,1,0.752054,0.284677,0.518366
Carlos_Lordkipanitse_0001.jpg,3,2,2,1,1,1,0.708853,0.681296,0.695074
Carlos_Menem_0001.jpg,3,2,2,1,1,1,0.846681,0.434707,0.640694
Carlos_Moya_0001.jpg,4,2,2,1,1,1,0.460244,0.567655,0.51395
Carlos_Ortega_0001.jpg,3,2,2,1,1,1,0.624675,0.0909091,0.357792
Carlos_Paternina_0001.jpg,3,2,2,1,1,0,0.796751,-1,0.796751
Carlos_Queiroz_0001.jpg,3,1,2,1,1,1,0.667564,0.0561656,0.361865
Carlos_Ruckauf_0001.jpg,3,2,2,1,1,1,0.807957,0.156174,0.482065
Carlos_Ruiz_0001.jpg,3,1,2,1,1,1,0.603796,0.295985,0.44989
Carlos_Salinas_0001.jpg,3,1,2,1,1,0,0.479932,-1,0.479932
Carlos_Savedra_0001.jpg,3,1,2,1,1,1,0.84469,0.478216,0.661453
Carlo_Ancelotti_0001.jpg,3,2,2,1,1,1,0.717835,0.404931,0.561383
Carlo_Azeglio_Ciampi_0001.jpg,3,2,2,1,1,1,0.875587,0.363492,0.61954
Carlton_Baugh_0001.jpg,3,1,2,1,1,1,0.729874,0.16599,0.447932
Carly_Fiorina_0001.jpg,3,2,2,2,1,1,1.04244,0.419246,0.730841
Carly_Gullickson_0001.jpg,3,2,2,2,1,1,0.629225,0.758636,0.693931
Carl_Pope_0001.jpg,3,2,2,1,1,1,0.767332,0.116795,0.442064
Carl_Reiner_0001.jpg,4,1,2,1,1,1,0.43631,0.740562,0.588436
Carolina_Barco_0001.jpg,2,1,2,2,1,1,1.03663,0.306468,0.671548
Carolina_Moraes_0001.jpg,3,1,2,2,1,1,0.658788,0.582384,0.620586
Caroline_Dhavernas_0001.jpg,3,1,2,2,1,1,0.865022,0.367911,0.616466
Caroline_Kennedy_0001.jpg,2,2,2,2,1,0,1.10913,-1,1.10913
Caroline_Link_0001.jpg,4,1,2,2,1,1,0.422511,0.0608018,0.241656
Carolyn_Kuhl_0001.jpg,3,1,1,2,1,0,0.766584,-1,0.766584
Carol_Burnett_0001.jpg,3,1,2,2,1,1,0.951768,0.290765,0.621267
Carol_Carmody_0001.jpg,3,2,2,2,1,1,0.820647,0.167228,0.493937
Carol_Williams_0001.jpg,3,2,2,2,1,1,1.03027,0.124925,0.577599
Carroll_Weimer_0001.jpg,3,2,2,1,1,1,0.81964,0.630244,0.724942
Carson_Palmer_0001.jpg,3,1,2,1,1,0,0.700363,-1,0.700363
Casey_Crowder_0001.jpg,3,1,2,2,1,1,0.627847,0.163901,0.395874
Casey_Mears_0001.jpg,3,1,2,1,1,1,0.80032,0.298329,0.549324
Cassandra_Heise_0001.jpg,3,1,1,2,1,1,1.04928,0.333806,0.691543
Cass_Ballenger_0001.jpg,3,2,1,1,1,1,0.914735,0.293402,0.604069
Casy_Preslar_0001.jpg,3,1,2,2,1,1,0.497538,0.373212,0.435375
Catherine_Deneuve_0001.jpg,3,1,2,2,1,0,0.439601,-1,0.439601
Catherine_Woodard_0001.jpg,3,2,2,2,1,1,0.613666,0.673994,0.64383
Catherine_Zeta-Jones_0001.jpg,3,1,2,2,1,1,0.491564,0.284325,0.387944
Cathryn_Crawford_0001.jpg,3,2,2,2,1,1,0.583118,0.359693,0.471405
Cathy_Chisholm_0001.jpg,4,1,1,2,1,1,0.621279,0.26572,0.443499
Cathy_Cunningham_0001.jpg,3,2,1,2,1,0,0.663613,-1,0.663613
Cathy_Freeman_0001.jpg,4,1,2,2,1,1,0.758411,0.356249,0.55733
Catriona_Le_May_Doan_0001.jpg,3,1,2,2,1,0,0.558179,-1,0.558179
Cecilia_Bolocco_0001.jpg,3,1,2,2,1,1,0.721089,0.154979,0.438034
Cecilia_Chang_0001.jpg,3,1,2,2,1,1,0.789261,0.0868744,0.438068
Cecilia_Cheung_0001.jpg,3,1,2,2,1,1,0.535969,0.0651359,0.300552
Cedric_Benson_0001.jpg,3,2,2,1,1,0,0.654479,-1,0.654479
Celia_Cruz_0001.jpg,3,1,2,2,1,1,0.58737,0.27826,0.432815
Celine_Dion_0001.jpg,3,1,2,2,1,1,0.788502,0.325305,0.556904
Celso_Amorim_0001.jpg,3,2,2,1,1,1,0.659934,0.233635,0.446785
Celso_Lafer_0001.jpg,3,2,1,1,1,1,0.825067,0.355646,0.590357
Cemil_Cicek_0001.jpg,3,1,1,1,1,1,0.684709,0.0726912,0.3787
Cesar_Gaviria_0001.jpg,3,2,1,1,1,1,0.513916,0.293349,0.403632
Chadha_Gurinder_0001.jpg,3,1,2,2,1,1,0.567899,0.272096,0.419998
Chakib_Khelil_0001.jpg,4,1,2,1,0,0,-1,-1,-1
Chance_Mock_0001.jpg,3,1,2,1,1,1,0.669523,0.0902317,0.379877
Chandrika_Kumaratunga_0001.jpg,2,2,2,2,1,1,0.864701,0.525504,0.695103
Chang_Dae-whan_0001.jpg,3,2,2,1,1,1,0.715729,0.0832223,0.399476
Chang_Jae_On_0001.jpg,3,2,1,1,1,0,1.00275,-1,1.00275
Chang_Saio-yue_0001.jpg,3,2,1,2,1,1,0.699758,0.165771,0.432764
Chang_Sang_0001.jpg,3,2,1,2,1,1,0.782375,0.172047,0.477211
Chang_Tso_0001.jpg,3,1,2,1,1,1,0.589426,0.303902,0.446664
Chan_Choi_0001.jpg,3,1,2,1,1,1,0.71258,0.712463,0.712521
Chan_Ho_Park_0001.jpg,4,2,2,1,0,0,-1,-1,-1
Charlene_Barshefsky_0001.jpg,3,1,2,2,1,0,0.689135,-1,0.689135
Charles_Bronson_0001.jpg,3,2,2,1,1,1,0.567775,0.11966,0.343717
Charles_Chandler_IV_0001.jpg,3,1,1,1,1,1,0.804749,0.118993,0.461871
Charles_Grassley_0001.jpg,3,2,1,1,1,1,0.765649,0.152867,0.459258
Charles_Holzner_0001.jpg,2,1,1,1,1,1,0.727589,0.261712,0.494651
Charles_Lebois_0001.jpg,3,1,2,1,1,1,0.544009,0.223553,0.383781
Charles_Moose_0001.jpg,3,2,2,1,1,1,0.589212,0.151282,0.370247
Charles_Pickering_0001.jpg,3,1,1,1,1,1,0.509356,0.42189,0.465623
Charles_Pouty_0001.jpg,3,2,1,1,1,1,0.737647,0.147529,0.442588
Charles_Rogers_0001.jpg,3,1,2,1,1,1,0.634592,0.525069,0.579831
Charles_Schumer_0001.jpg,3,2,2,1,1,1,0.82849,0.224662,0.526576
Charles_Tannok_0001.jpg,3,2,2,1,1,1,0.652882,0.136223,0.394552
Charles_Taylor_0001.jpg,3,1,2,1,1,1,1.08828,0.413476,0.750879
Charley_Armey_0001.jpg,4,2,1,1,1,1,0.976846,0.487755,0.732301
Charlie_Deane_0001.jpg,2,2,2,1,1,1,1.89067,0.214721,1.0527
Charlie_Garner_0001.jpg,3,1,2,1,1,1,0.548377,0.226955,0.387666
Charlie_Hunnam_0001.jpg,3,1,2,1,1,1,0.913561,0.389211,0.651386
Charlie_Sheen_0001.jpg,3,1,2,1,1,1,0.625466,0.0276818,0.326574
Charlie_Williams_0001.jpg,3,2,1,1,1,1,0.721528,0.150064,0.435796
Charlize_Theron_0001.jpg,3,2,2,2,0,0,-1,-1,-1
Charlotte_Casiraghi_0001.jpg,3,2,2,2,1,0,0.595636,-1,0.595636
Charlotte_Chambers_0001.jpg,3,2,2,2,1,1,0.520404,0.325652,0.423028
Charlotte_Church_0001.jpg,3,1,2,2,1,1,0.798094,0.0455961,0.421845
Charlotte_Rampling_0001.jpg,3,2,2,2,1,1,1.04487,0.342385,0.693627
Charlton_Heston_0001.jpg,3,2,1,1,1,1,1.03524,0.13502,0.585128
Charmaine_Crooks_0001.jpg,3,1,2,2,1,1,0.628576,0.276414,0.452495
Chawki_Armali_0001.jpg,2,1,2,1,1,1,0.778283,0.136973,0.457628
Cha_Yung-gu_0001.jpg,3,2,1,1,1,0,0.858883,-1,0.858883
Chelsea_Clinton_0001.jpg,3,1,2,2,1,1,0.757075,0.212091,0.484583
Chen_Kaige_0001.jpg,3,1,2,1,1,0,0.866607,-1,0.866607
Chen_Liang_Yu_0001.jpg,3,1,1,1,1,1,0.805603,0.505056,0.65533
Chen_Shui-bian_0001.jpg,3,2,1,1,1,0,0.679797,-1,0.679797
Chen_Tsai-chin_0001.jpg,3,2,1,1,1,1,0.732059,0.160189,0.446124
Cherie_Blair_0001.jpg,3,1,2,2,1,1,0.583624,0.0302061,0.306915
Cherry_Jones_0001.jpg,3,1,2,2,1,1,0.672653,0.201958,0.437305
Cheryl_Tiegs_0001.jpg,3,1,2,2,1,1,0.723821,0.0689246,0.396373
Chhouk_Rin_0001.jpg,3,2,2,1,1,1,0.545467,0.358323,0.451895
Chick_Hearn_0001.jpg,3,1,2,1,1,0,0.645316,-1,0.645316
Chin-Feng_Chen_0001.jpg,3,1,2,1,1,1,0.685992,0.649523,0.667758
Chin-Hui_Tsao_0001.jpg,3,1,2,1,1,1,0.587195,0.602839,0.595017
Chip_Ganassi_0001.jpg,3,1,2,1,1,1,0.502099,0.330877,0.416488
Chip_Knight_0001.jpg,3,1,2,1,1,1,0.503018,0.35139,0.427204
Chistian_Stahl_0001.jpg,3,1,2,1,1,1,0.763013,0.281872,0.522443
Chita_Rivera_0001.jpg,3,1,2,2,1,1,0.721948,0.0214521,0.3717
Chloe_Sevigny_0001.jpg,2,2,2,2,1,1,1.00141,0.0683906,0.534901
Choi_Sung-hong_0001.jpg,3,1,1,1,1,0,0.862043,-1,0.862043
Choi_Yun-yong_0001.jpg,3,1,2,2,1,1,0.647108,0.119171,0.38314
Cho_Myung-kyun_0001.jpg,3,1,1,1,1,0,0.999937,-1,0.999937
Christiane_Wulff_0001.jpg,3,1,1,2,1,0,1.06261,-1,1.06261
Christian_Bale_0001.jpg,4,1,2,1,1,1,0.854371,0.423977,0.639174
Christian_Fittipaldi_0001.jpg,3,1,2,1,1,1,0.680532,0.0237223,0.352127
Christian_Lacroix_0001.jpg,3,1,2,1,1,1,0.580974,0.177555,0.379265
Christian_Lirette_0001.jpg,3,1,2,1,1,1,0.622641,0.373022,0.497832
Christian_Longo_0001.jpg,4,2,2,1,1,0,0.419016,-1,0.419016
Christian_Malcolm_0001.jpg,3,1,2,1,1,1,0.560166,0.131499,0.345833
Christian_Patino_0001.jpg,3,1,2,1,1,1,0.515916,0.174024,0.34497
Christian_Von_Wernich_0001.jpg,3,2,1,1,1,1,0.51744,0.21693,0.367185
Christian_Wulff_0001.jpg,3,1,1,1,1,1,0.957789,0.408919,0.683354
Christina_Aguilera_0001.jpg,3,1,2,2,0,0,-1,-1,-1
Christina_Sawaya_0001.jpg,3,1,2,2,1,1,0.495913,0.262277,0.379095
Christine_Arron_0001.jpg,3,2,2,2,1,1,0.715241,1.22264,0.96894
Christine_Baumgartner_0001.jpg,3,1,2,2,1,1,0.705435,0.263282,0.484359
Christine_Gregoire_0001.jpg,3,2,2,2,1,0,0.855126,-1,0.855126
Christine_Rau_0001.jpg,3,1,2,2,1,1,0.594314,0.452391,0.523353
Christine_Todd_Whitman_0001.jpg,3,2,2,2,1,1,0.827429,0.244451,0.53594
Christopher_Amolsch_0001.jpg,3,2,2,1,1,1,0.7969,0.158114,0.477507
Christopher_Matero_0001.jpg,3,1,2,1,1,1,0.604333,0.125414,0.364874
Christopher_Reeve_0001.jpg,3,1,2,1,1,1,0.486679,0.472448,0.479564
Christopher_Russell_0001.jpg,3,1,2,1,1,1,0.712087,0.0718514,0.391969
Christopher_Speer_0001.jpg,3,2,2,1,1,1,0.613571,0.137057,0.375314
Christopher_Walken_0001.jpg,3,2,2,1,1,1,0.672834,0.122499,0.397667
Christopher_Whittle_0001.jpg,3,1,2,1,1,1,0.71394,0.364492,0.539216
Christy_Ferer_0001.jpg,2,2,2,2,0,0,-1,-1,-1
Christy_Turlington_0001.jpg,3,1,2,2,1,1,0.834249,0.110432,0.47234
Chris_Andrews_0001.jpg,3,1,2,1,1,1,0.721031,0.39323,0.55713
Chris_Bell_0001.jpg,2,1,2,1,1,1,0.995422,0.181123,0.588272
Chris_Byrd_0001.jpg,3,2,2,1,1,1,0.571485,0.458689,0.515087
Chris_Cirino_0001.jpg,3,2,2,1,1,1,0.779628,0.0567596,0.418194
Chris_Claiborne_0001.jpg,3,1,2,1,1,1,0.785079,0.296721,0.5409
Chris_Columbus_0001.jpg,3,2,2,1,1,1,0.698819,0.271291,0.485055
Chris_Cookson_0001.jpg,3,2,1,1,1,1,0.529124,0.233418,0.381271
Chris_Cooper_0001.jpg,3,1,2,1,1,1,0.480854,0.26134,0.371097
Chris_Forsyth_0001.jpg,3,2,2,1,1,1,0.534074,0.56221,0.548142
Chris_Gratton_0001.jpg,3,2,2,1,1,1,0.597536,0.383326,0.490431
Chris_Hernandez_0001.jpg,3,2,2,1,1,1,0.655571,0.330398,0.492985
Chris_Matthews_0001.jpg,3,1,2,1,1,0,1.71108,-1,1.71108
Chris_Neil_0001.jpg,3,2,2,1,1,1,0.531408,0.694302,0.612855
Chris_Noth_0001.jpg,3,1,2,1,1,1,0.601867,0.142076,0.371972
Chris_Penn_0001.jpg,4,1,2,1,1,1,0.415667,0.472408,0.444037
Chris_Pronger_0001.jpg,3,1,2,1,1,1,0.553394,0.357055,0.455225
Chris_Reitsma_0001.jpg,3,2,2,1,1,1,0.527437,0.0372678,0.282352
Chris_Rock_0001.jpg,3,1,2,1,1,0,0.531372,-1,0.531372
Chris_Simon_0001.jpg,3,2,2,1,1,1,0.721457,0.333718,0.527587
Chris_Swecker_0001.jpg,3,2,2,1,1,1,1.25935,0.73637,0.997861
Chris_Terry_0001.jpg,3,2,2,1,1,1,0.701531,0.477527,0.589529
Chris_Tucker_0001.jpg,3,2,1,1,0,0,-1,-1,-1
Chris_Whitney_0001.jpg,3,2,2,1,1,1,0.613475,0.456108,0.534792
Chuanyun_Li_0001.jpg,3,1,2,1,1,1,0.775376,0.0924007,0.433888
Chuck_Amato_0001.jpg,2,2,2,1,1,1,0.882722,0.0868335,0.484778
Chuck_Bednarik_0001.jpg,3,1,2,1,1,1,0.947735,0.132796,0.540265
Chuck_Finley_0001.jpg,3,2,2,1,1,0,0.706367,-1,0.706367
Chuck_Hagel_0001.jpg,3,1,2,1,0,0,-1,-1,-1
Chuck_Woolery_0001.jpg,2,1,2,1,1,1,1.05545,0.201528,0.628489
Chuck_Yeager_0001.jpg,2,1,2,1,1,1,0.946941,0.23051,0.588726
Chung_Mong-joon_0001.jpg,3,2,2,1,1,0,0.708654,-1,0.708654
Chyung_Dai-chul_0001.jpg,3,2,2,1,1,1,1.17589,0.186669,0.681281
Ciaran_Hinds_0001.jpg,5,2,2,1,1,1,0.624721,0.84158,0.73315
Cindy_Crawford_0001.jpg,3,1,2,2,1,1,0.87087,0.380551,0.62571
Cindy_Klassen_0001.jpg,3,1,2,2,1,1,1.03238,0.0606757,0.546526
Cindy_Margolis_0001.jpg,3,1,2,2,1,1,0.645513,0.313456,0.479484
Cindy_Moll_0001.jpg,3,1,2,2,1,1,0.86097,0.266757,0.563864
Cindy_Taylor_0001.jpg,3,1,2,2,1,1,0.666983,0.0909509,0.378967
Cindy_Zagorski_0001.jpg,1,1,2,2,1,1,1.34022,0.348924,0.844574
Claire_Danes_0001.jpg,3,1,2,2,1,0,0.899108,-1,0.899108
Claire_Tomalin_0001.jpg,3,2,2,2,1,1,0.687871,0.21693,0.452401
Clara_Harris_0001.jpg,2,2,2,2,1,1,0.856905,0.114135,0.48552
Clare_Latimer_0001.jpg,3,2,2,2,1,1,0.577941,0.330999,0.45447
Clare_Short_0001.jpg,3,2,2,2,1,1,0.625701,0.232171,0.428936
Claude_Jorda_0001.jpg,3,2,1,1,1,1,0.731846,0.246932,0.489389
Claudia_Coslovich_0001.jpg,3,2,2,1,1,0,0.551782,-1,0.551782
Claudia_Schiffer_0001.jpg,3,1,2,2,0,0,-1,-1,-1
Claudine_Farrell_0001.jpg,3,1,2,2,1,1,0.747113,0.582784,0.664948
Claudio_Ranieri_0001.jpg,2,2,2,1,1,1,0.875136,0.0660819,0.470609
Clay_Aiken_0001.jpg,3,1,2,1,1,1,0.441735,0.426969,0.434352
Clemente_de_la_Vega_0001.jpg,4,2,1,1,1,1,0.481154,0.697922,0.589538
Clifford_Etienne_0001.jpg,3,2,2,1,1,0,0.651985,-1,0.651985
Clifford_Robinson_0001.jpg,3,1,2,1,1,1,0.627195,0.34961,0.488402
Cliff_Ellis_0001.jpg,3,2,1,1,1,1,0.616497,0.251707,0.434102
Clint_Eastwood_0001.jpg,3,1,2,1,1,1,0.60175,0.223921,0.412835
Clint_Lamebear_0001.jpg,3,2,2,1,1,1,0.778263,0.04701,0.412637
Coco_dEste_0001.jpg,5,1,2,2,1,1,0.395542,0.614464,0.505003
Cole_Chapman_0001.jpg,3,1,2,1,1,0,0.591398,-1,0.591398
Colin_Campbell_0001.jpg,3,2,2,1,1,0,0.544366,-1,0.544366
Colin_Cowie_0001.jpg,3,1,2,1,1,1,0.602474,0.0969137,0.349694
Colin_Farrell_0001.jpg,3,2,2,1,1,1,0.791583,0.294262,0.542923
Colin_Montgomerie_0001.jpg,3,1,2,1,1,1,0.671439,0.117688,0.394564
Colin_Phillips_0001.jpg,3,2,2,1,1,1,0.753406,0.170231,0.461818
Colin_Powell_0001.jpg,4,2,1,1,1,1,0.54594,0.633201,0.589571
Colleen_Donovan_0001.jpg,3,1,2,2,1,1,0.602462,0.287399,0.44493
Colleen_Jones_0001.jpg,3,2,2,2,1,0,0.98069,-1,0.98069
Colleen_OClair_0001.jpg,4,2,2,2,1,1,0.41981,0.736293,0.578051
Colleen_Ryan_0001.jpg,2,2,1,2,1,1,0.980476,0.138675,0.559576
Collis_Temple_III_0001.jpg,3,2,2,1,1,1,0.976578,0.213589,0.595084
Columba_Bush_0001.jpg,3,2,1,2,1,0,0.654975,-1,0.654975
Compay_Segundo_0001.jpg,3,1,2,1,1,1,0.761817,0.213163,0.48749
Conan_OBrien_0001.jpg,3,1,2,1,1,1,0.639013,0.270114,0.454563
Condoleezza_Rice_0001.jpg,3,1,2,2,1,1,0.622564,0.148944,0.385754
Connie_Chung_0001.jpg,2,1,2,2,1,1,0.900609,0.141308,0.520959
Constance_Marie_0001.jpg,3,1,2,2,1,1,1.06655,0.171119,0.618834
Cora_Cambell_0001.jpg,3,2,2,2,1,0,0.647984,-1,0.647984
Coretta_Scott_King_0001.jpg,3,2,2,2,1,1,0.524941,0.459569,0.492255
Corey_Maggette_0001.jpg,3,2,2,1,1,1,0.666245,0.530997,0.598621
Corinne_Coman_0001.jpg,3,1,2,2,1,1,0.684781,0.269381,0.477081
Corliss_Williamson_0001.jpg,3,2,2,1,1,1,0.668206,0.342884,0.505545
Costas_Simitis_0001.jpg,3,2,1,1,1,1,0.671458,0.221083,0.446271
Courtney_Cox_0001.jpg,3,1,2,2,1,1,0.788326,0.076053,0.432189
Courtney_Love_0001.jpg,3,1,2,2,1,1,0.719212,0.659503,0.689358
Craig_Burley_0001.jpg,3,1,2,1,1,1,0.586728,0.342053,0.46439
Craig_MacTavish_0001.jpg,3,2,2,1,1,1,0.723529,0.150033,0.436781
Craig_Morgan_0001.jpg,3,1,2,1,1,1,0.550622,0.361338,0.45598
Craig_OClair_0001.jpg,4,2,2,1,1,1,0.579431,0.0793243,0.329378
Craig_Wilson_0001.jpg,3,2,2,1,0,0,-1,-1,-1
Crandall_Bowles_0001.jpg,3,2,2,2,1,0,0.783897,-1,0.783897
Crispin_Glover_0001.jpg,3,1,2,1,1,1,1.10719,0.13416,0.620673
Cristiano_da_Matta_0001.jpg,3,2,2,1,1,1,0.784635,0.342997,0.563816
Cristina_Fernandez_0001.jpg,4,1,2,2,1,1,0.52858,0.344708,0.436644
Cristina_Kirchner_0001.jpg,3,1,2,2,1,1,0.628465,0.0515437,0.340004
Cristina_Saralegui_0001.jpg,4,1,2,2,1,1,0.502858,0.631532,0.567195
Cristina_Torrens_Valero_0001.jpg,3,2,2,2,1,1,0.748843,0.32273,0.535787
Cruz_Bustamante_0001.jpg,3,1,2,1,1,1,1.29286,0.08,0.686432
Curtis_Joseph_0001.jpg,3,1,2,1,1,1,0.826431,0.149431,0.487931
Curtis_Rodriguez_0001.jpg,3,1,2,1,1,1,0.829644,0.0636801,0.446662
Curtis_Strange_0001.jpg,3,2,2,1,0,0,-1,-1,-1
Cynthia_Nixon_0001.jpg,2,1,2,2,1,1,1.05012,0.0877058,0.568915
Cynthia_Rowley_0001.jpg,3,1,2,2,1,1,0.640168,0.0509251,0.345547
Dagmar_Dunlevy_0001.jpg,3,1,2,2,1,1,0.690724,0.0711068,0.380915
Daisy_Fuentes_0001.jpg,3,1,2,2,1,1,0.740227,0.108465,0.424346
Dai_Bachtiar_0001.jpg,3,2,2,1,1,1,0.588751,0.309523,0.449137
Dai_Chul_Chyung_0001.jpg,3,1,2,1,1,1,0.978375,0.196407,0.587391
Dalai_Lama_0001.jpg,2,1,1,1,1,0,1.20508,-1,1.20508
Dale_Bosworth_0001.jpg,3,2,2,1,1,1,0.772048,0.231577,0.501813
Dale_Earnhardt_Jr_0001.jpg,3,1,2,1,1,1,0.700002,0.184921,0.442462
Dalia_Rabin-Pelosoff_0001.jpg,3,2,2,2,1,1,0.656997,0.374387,0.515692
Damon_van_Dam_0001.jpg,3,2,2,1,0,0,-1,-1,-1
DAngelo_Jimenez_0001.jpg,3,2,2,1,1,1,0.753076,0.237439,0.495257
Daniela_Cicarelli_0001.jpg,2,1,2,2,1,1,0.985206,0.19151,0.588358
Daniele_Bergamin_0001.jpg,2,2,2,1,1,0,0.865282,-1,0.865282
Daniele_Hypolito_0001.jpg,3,1,2,2,1,1,0.620865,0.60767,0.614267
Daniele_Nardello_0001.jpg,3,1,2,1,1,1,0.601391,0.158033,0.379712
Danielle_Spencer_0001.jpg,4,1,2,2,0,0,-1,-1,-1
Daniell_Sunjata_0001.jpg,3,1,2,1,1,1,0.842362,0.116437,0.479399
Daniel_Bruehl_0001.jpg,3,1,2,1,1,1,0.690171,0.197779,0.443975
Daniel_Chin_0001.jpg,3,1,1,1,1,1,0.601994,0.460207,0.5311
Daniel_Coats_0001.jpg,3,2,2,1,1,1,0.792597,0.257192,0.524895
Daniel_Comisso_Urdaneta_0001.jpg,4,2,2,1,1,1,0.579185,0.660602,0.619894
Daniel_Kurtzer_0001.jpg,3,2,1,1,1,1,1.01779,1.59531,1.30655
Daniel_Montenegro_0001.jpg,3,1,2,1,1,0,0.398261,-1,0.398261
Daniel_Montgomery_0001.jpg,3,2,2,1,1,1,0.650218,0.225371,0.437795
Daniel_Ortega_0001.jpg,3,1,2,1,1,1,0.667888,0.410815,0.539352
Daniel_Osorno_0001.jpg,3,1,2,1,1,0,0.646394,-1,0.646394
Daniel_Patrick_Moynihan_0001.jpg,3,1,1,1,1,1,0.525786,0.304506,0.415146
Daniel_Pearl_0001.jpg,3,1,1,1,1,1,0.963805,0.325229,0.644517
Daniel_Radcliffe_0001.jpg,2,1,2,1,1,1,0.870561,0.219265,0.544913
Daniel_Zelman_0001.jpg,3,1,2,1,1,1,0.636334,0.560565,0.59845
Danis_Tanovic_0001.jpg,3,1,2,1,1,1,0.692546,0.430826,0.561686
Danny_Avalon_0001.jpg,3,1,1,1,1,1,0.690955,0.0542326,0.372594
Danny_Elfman_0001.jpg,3,1,1,1,1,1,1.16698,0.137987,0.652482
Danny_Green_0001.jpg,3,2,2,1,1,1,0.665577,0.158319,0.411948
Danny_Morgan_0001.jpg,3,1,2,1,1,1,1.17036,0.137516,0.653939
Dan_Ackroyd_0001.jpg,4,1,1,1,1,1,0.533296,0.428062,0.480679
Dan_Bartlett_0001.jpg,4,1,2,1,1,1,0.457193,0.615047,0.53612
Dan_Boyle_0001.jpg,4,2,2,1,1,1,0.523152,0.713666,0.618409
Dan_Bylsma_0001.jpg,3,2,2,1,1,1,0.728575,0.114035,0.421305
Dan_Guerrero_0001.jpg,3,2,2,1,1,1,0.799648,0.12736,0.463504
Dan_Kellner_0001.jpg,3,1,2,1,1,0,0.467621,-1,0.467621
Dan_LaCoutre_0001.jpg,3,2,2,1,1,0,0.459986,-1,0.459986
Dan_Morales_0001.jpg,3,1,1,1,1,0,0.676155,-1,0.676155
Dan_Prinster_0001.jpg,3,2,2,1,1,1,0.588107,0.430113,0.50911
Dan_Quayle_0001.jpg,3,2,2,1,1,1,0.625405,0.448913,0.537159
Dan_Reeves_0001.jpg,3,2,1,1,1,1,0.563519,0.481407,0.522463
Dan_Snyder_0001.jpg,3,1,1,1,1,0,0.733778,-1,0.733778
Darcy_Regier_0001.jpg,4,2,2,1,1,1,0.614469,0.563995,0.589232
Dario_Camuffo_0001.jpg,3,1,1,1,1,1,0.757953,0.284073,0.521013
Dario_Franchitti_0001.jpg,3,1,2,1,1,0,0.913645,-1,0.913645
Dariusz_Michalczewski_0001.jpg,3,2,2,1,1,0,0.68103,-1,0.68103
Darla_Moore_0001.jpg,3,2,2,2,1,1,0.976136,0.156174,0.566155
Darlene_Garrettson_0001.jpg,3,1,2,2,1,1,0.751748,0.0204765,0.386112
Darrell_Dickey_0001.jpg,3,1,2,1,1,0,0.505657,-1,0.505657
Darrell_Porter_0001.jpg,3,1,1,1,1,1,0.932338,0.286299,0.609319
Darrell_Royal_0001.jpg,3,1,2,1,1,0,0.615944,-1,0.615944
Darren_Clarke_0001.jpg,3,2,2,1,1,1,0.620518,0.141651,0.381085
Darryl_McDaniels_0001.jpg,2,1,2,1,1,1,0.97854,0.295969,0.637254
Darryl_Stingley_0001.jpg,3,2,2,1,1,0,0.687373,-1,0.687373
Darvis_Patton_0001.jpg,3,1,2,1,1,1,0.546798,0.128176,0.337487
Daryl_Hannah_0001.jpg,4,1,2,2,1,1,0.528431,0.219811,0.374121
Daryl_Jones_0001.jpg,3,2,2,1,0,0,-1,-1,-1
Daryl_Parks_0001.jpg,3,2,2,1,1,1,0.768381,0.0639137,0.416148
Davey_Johnson_0001.jpg,3,1,2,1,1,0,1.07637,-1,1.07637
Dave_Barr_0001.jpg,3,2,2,1,1,1,0.606879,0.789558,0.698219
Dave_Campo_0001.jpg,3,1,2,1,1,0,0.492456,-1,0.492456
Dave_Johnson_0001.jpg,2,1,2,1,1,1,0.644847,0.175692,0.41027
Dave_Lewis_0001.jpg,3,2,2,1,1,1,0.811607,0.113508,0.462558
Dave_McGinnis_0001.jpg,3,2,2,1,1,1,0.765954,0.227392,0.496673
Dave_McNally_0001.jpg,3,1,2,1,1,0,1.194,-1,1.194
Dave_Odom_0001.jpg,3,2,1,1,1,1,1.23657,0.373661,0.805117
Dave_Potter_0001.jpg,3,1,2,1,1,1,0.846607,0.112881,0.479744
Dave_Ragone_0001.jpg,3,1,2,1,0,0,-1,-1,-1
Dave_Tucker_0001.jpg,3,2,2,1,1,1,0.607896,0.123343,0.36562
Dave_Wannstedt_0001.jpg,3,1,2,1,1,1,0.761713,0.321032,0.541372
Dave_Williams_0001.jpg,3,1,2,1,1,1,0.541868,0.112296,0.327082
David_Alpay_0001.jpg,3,1,2,1,1,1,0.649345,0.180508,0.414927
David_Arquette_0001.jpg,3,1,2,1,1,1,0.746603,0.203141,0.474872
David_Ballantyne_0001.jpg,2,2,2,1,1,1,1.01281,0.574045,0.793425
David_Beckham_0001.jpg,3,1,2,1,1,1,0.65558,0.405025,0.530302
David_Bisbal_0001.jpg,3,1,2,1,1,1,0.737923,0.410264,0.574094
David_Blaine_0001.jpg,3,2,2,1,1,1,0.807173,0.3054,0.556287
David_Bowie_0001.jpg,3,2,2,1,1,1,0.686764,0.316152,0.501458
David_Braley_0001.jpg,3,1,2,1,1,1,0.484643,0.14884,0.316742
David_Brent_0001.jpg,3,2,2,1,1,1,0.541072,0.0989292,0.32
David_Brown_0001.jpg,3,2,2,1,1,1,0.628157,0.374289,0.501223
David_Caraway_0001.jpg,4,2,2,1,1,1,0.531652,0.423977,0.477815
David_Carradine_0001.jpg,3,2,2,1,1,1,0.62969,0.609213,0.619451
David_Caruso_0001.jpg,3,2,2,2,1,0,0.761035,-1,0.761035
David_Chase_0001.jpg,2,2,2,1,1,1,0.956369,0.0875041,0.521936
David_Collenette_0001.jpg,2,2,1,1,1,1,2.49677,1.30368,1.90022
David_Coulthard_0001.jpg,3,2,2,1,1,1,1.2637,0.254633,0.759167
David_Dewhurst_0001.jpg,3,2,2,1,1,1,0.526196,0.443929,0.485063
David_Dodge_0001.jpg,3,2,1,1,1,1,0.737319,0.0431733,0.390246
David_Donohue_0001.jpg,4,2,1,1,1,1,0.460805,0.829198,0.645001
David_Dorfman_0001.jpg,3,1,2,1,1,1,0.549515,0.33731,0.443412
David_Duval_0001.jpg,3,1,2,1,1,1,0.517417,0.452488,0.484953
David_Eldon_0001.jpg,3,2,1,1,1,1,0.575369,0.48008,0.527725
David_Gest_0001.jpg,3,1,1,1,1,1,0.824449,0.262049,0.543249
David_Glenn_0001.jpg,3,1,1,1,1,1,0.707169,0.243037,0.475103
David_Hannay_0001.jpg,3,2,2,1,0,0,-1,-1,-1
David_Hanson_0001.jpg,3,1,2,1,1,0,0.787211,-1,0.787211
David_Hasselhoff_0001.jpg,3,1,2,1,1,1,0.580496,0.240037,0.410267
David_Heymann_0001.jpg,3,2,2,1,1,0,0.617054,-1,0.617054
David_Hilt_0001.jpg,3,1,2,1,1,1,0.39438,0.418474,0.406427
David_Ho_0001.jpg,3,1,1,1,1,0,0.527776,-1,0.527776
David_Howard_0001.jpg,2,2,1,1,1,0,0.809943,-1,0.809943
David_Leahy_0001.jpg,4,2,1,1,0,0,-1,-1,-1
David_McCullough_0001.jpg,2,2,2,1,1,1,1.2636,1.9767,1.62015
David_Millar_0001.jpg,3,1,2,1,1,0,0.529561,-1,0.529561
David_Modell_0001.jpg,3,1,1,1,1,1,0.506972,0.509911,0.508442
David_Montoya_0001.jpg,3,1,2,1,1,1,0.723437,0.0661541,0.394795
David_Provost_0001.jpg,4,1,2,1,1,0,0.586217,-1,0.586217
David_Przybyszewski_0001.jpg,3,2,2,1,1,1,0.733026,0.116841,0.424934
David_Rivkin_Jr_0001.jpg,3,2,1,1,1,1,1.57427,0,0.787136
David_Shayler_0001.jpg,3,1,2,1,1,1,0.823593,0.272284,0.547939
David_Sibleyk_0001.jpg,3,2,2,1,1,1,0.667237,0.329763,0.4985
David_Sousa_0001.jpg,3,1,2,1,1,1,0.656293,0.546924,0.601608
David_Spade_0001.jpg,3,1,2,1,1,0,0.512649,-1,0.512649
David_Stern_0001.jpg,4,1,1,1,1,1,0.519035,0.542326,0.53068
David_Suazo_0001.jpg,2,1,2,1,1,1,1.35756,0.461146,0.909352
David_Surrett_0001.jpg,3,2,1,1,1,1,0.568192,0.624625,0.596408
David_Trimble_0001.jpg,3,2,1,1,1,1,0.556621,0.447741,0.502181
David_Wolf_0001.jpg,4,2,2,1,1,1,0.553548,0.758433,0.655991
David_Zeplowitz_0001.jpg,3,1,2,1,1,1,0.581493,0.251823,0.416658
Davis_Love_III_0001.jpg,3,2,2,1,1,1,0.541189,0.91582,0.728504
Dean_Barker_0001.jpg,3,2,2,1,1,1,0.689138,0.43835,0.563744
Dean_Jacek_0001.jpg,3,2,2,1,1,1,0.703725,0.224224,0.463975
Dean_Sheremet_0001.jpg,2,1,2,1,1,1,0.930931,0.404088,0.667509
Debbie_Reynolds_0001.jpg,3,1,2,2,1,1,0.676603,0.0838886,0.380246
Debra_Brown_0001.jpg,4,1,2,2,1,1,0.481205,0.415783,0.448494
Debra_Messing_0001.jpg,3,1,2,2,1,1,1.0161,0.169591,0.592847
Debra_Rose_0001.jpg,3,2,2,2,1,1,0.509802,0.344878,0.42734
Debra_Shank_0001.jpg,4,2,2,2,1,1,0.568463,0.102282,0.335372
Debra_Yang_0001.jpg,3,2,2,2,1,1,0.737299,0.148011,0.442655
Deena_Burnett_0001.jpg,3,2,2,1,1,1,1.18343,0.21193,0.697682
Deepa_Mehta_0001.jpg,4,1,2,2,1,1,0.517881,0.352896,0.435389
Della_Clara_0001.jpg,3,1,2,2,0,0,-1,-1,-1
Delphine_Chuillot_0001.jpg,2,1,2,2,1,1,1.62417,0.212367,0.918268
Demetrin_Veal_0001.jpg,3,2,2,1,1,1,0.540513,0.503847,0.52218
Demetrius_Ferraciu_0001.jpg,3,2,2,1,1,0,0.53825,-1,0.53825
Demi_Moore_0001.jpg,3,1,2,2,1,1,0.736106,0.1384,0.437253
Denise_Johnson_0001.jpg,3,2,2,1,1,1,0.773519,0.640743,0.707131
Denis_Coderre_0001.jpg,3,2,1,1,1,1,0.580593,0.262988,0.42179
Denis_Fassou-Nguesso_0001.jpg,3,1,2,1,1,1,1.09412,0.128665,0.611393
Deniz_Baykal_0001.jpg,2,2,1,1,1,1,0.869862,0.212448,0.541155
Dennis_Hastert_0001.jpg,3,1,1,1,1,1,0.675814,0.130879,0.403347
Dennis_Johnson_0001.jpg,3,2,2,1,1,1,0.63025,0.302627,0.466438
Dennis_Kozlowski_0001.jpg,3,2,2,1,1,1,0.891839,0.280356,0.586097
Dennis_Miller_0001.jpg,3,1,2,1,1,1,0.503909,0.323057,0.413483
Dennis_Oswald_0001.jpg,3,2,2,1,1,1,0.728212,0.512547,0.62038
Denzel_Washington_0001.jpg,3,1,2,1,1,0,1.199,-1,1.199
Dereck_Whittenburg_0001.jpg,3,2,2,1,0,0,-1,-1,-1
Derek_King_0001.jpg,3,2,2,1,1,1,0.962794,0.443721,0.703258
Derian_Hatcher_0001.jpg,3,1,2,1,1,1,0.619106,0.184161,0.401634
Derrick_Battie_0001.jpg,3,2,2,1,1,1,0.766586,0.302366,0.534476
Derrick_Rodgers_0001.jpg,3,2,1,1,0,0,-1,-1,-1
Desiree_Lemosi_0001.jpg,3,2,2,2,1,1,0.708465,0.391381,0.549923
Desiree_McKenzie_0001.jpg,3,1,2,2,1,1,0.702584,0.398167,0.550375
Desmon_Farmer_0001.jpg,3,2,2,1,1,0,0.559569,-1,0.559569
Des_Brown_0001.jpg,3,1,1,1,1,1,0.658573,0.149071,0.403822
Devin_Harris_0001.jpg,4,1,2,1,1,0,0.487757,-1,0.487757
Dewayne_White_0001.jpg,3,1,2,1,1,1,0.574959,0.292409,0.433684
Dexter_Jackson_0001.jpg,3,1,2,1,1,1,0.579131,0.378637,0.478884
Diana_Krall_0001.jpg,3,1,2,2,1,1,0.68431,0.410473,0.547391
Diana_Munz_0001.jpg,3,1,2,2,1,1,0.654741,0.128073,0.391407
Diana_Renee_Valdivieso_Dubon_0001.jpg,3,1,2,2,1,1,0.454306,0.397881,0.426094
Diana_Ross_0001.jpg,3,2,2,2,1,1,0.588322,0.0793551,0.333839
Diana_Silvius_0001.jpg,3,1,1,2,1,1,1.09857,0.187777,0.643175
Diana_Taurasi_0001.jpg,3,1,2,2,1,1,0.645227,0.15512,0.400174
Diana_Taylor_0001.jpg,3,1,2,2,1,1,0.571934,0.212008,0.391971
Diane_Green_0001.jpg,2,2,1,2,1,1,1.04911,0.195928,0.622518
Diane_Ladd_0001.jpg,3,2,2,2,1,1,0.77341,0.159146,0.466278
Diane_Lane_0001.jpg,3,1,2,2,1,1,0.545286,0.173845,0.359566
Dianne_Feinstein_0001.jpg,3,2,2,2,1,1,0.983819,0.223607,0.603713
Dianne_Reeves_0001.jpg,3,1,1,2,1,1,0.913815,0.268328,0.591072
Dick_Cheney_0001.jpg,3,2,1,1,1,1,2.12918,1.07964,1.60441
Dick_Clark_0001.jpg,3,1,2,1,1,1,1.22447,0.0774752,0.650972
Dick_Jauron_0001.jpg,3,2,2,1,1,1,0.728805,0.151897,0.440351
Dick_Latessa_0001.jpg,3,2,2,1,1,1,0.784423,0.154811,0.469617
Dick_Posthumus_0001.jpg,3,1,2,1,1,1,0.544787,0.273039,0.408913
Dick_Smothers_0001.jpg,3,1,2,1,1,1,0.69393,0.0532058,0.373568
Diego_Armando_Maradona_0001.jpg,3,1,2,1,1,1,0.656485,0.288277,0.472381
Diego_Colorado_0001.jpg,3,2,2,1,1,1,0.764504,0.113508,0.439006
Diego_Diego_Lerman_0001.jpg,3,1,2,1,1,1,0.827384,0.309699,0.568542
Dieter_Holzer_0001.jpg,3,2,1,1,1,1,1.18696,0.0962937,0.641629
Dieter_Zetsche_0001.jpg,3,2,1,1,0,0,-1,-1,-1
Dimitar_Berbatov_0001.jpg,4,2,2,1,1,1,0.578575,0.406939,0.492757
Dimitri_Perricos_0001.jpg,3,2,1,1,1,1,0.901338,0.326841,0.61409
Dinah_Turner_0001.jpg,4,1,2,2,1,0,0.646999,-1,0.646999
Dino_de_Laurentis_0001.jpg,3,2,2,1,1,1,0.650926,0.0931315,0.372029
Din_Samsudin_0001.jpg,2,1,2,1,1,1,0.918832,0.431955,0.675394
Dionigi_Tettamanzi_0001.jpg,3,1,2,1,1,1,0.618555,0.125226,0.371891
Dionne_Warwick_0001.jpg,3,1,1,2,1,1,0.657528,0.138773,0.39815
Dion_Glover_0001.jpg,3,1,2,1,1,1,0.564972,0.518,0.541486
Dita_Von_Tesse_0001.jpg,3,1,2,2,0,0,-1,-1,-1
Djabir_Said-Guerni_0001.jpg,3,2,2,1,1,1,0.716934,0.0843996,0.400667
Doc_Rivers_0001.jpg,3,2,2,1,1,1,0.625372,0.58954,0.607456
Dolly_Parton_0001.jpg,3,1,2,2,1,1,0.572803,0.405405,0.489104
Dominick_Dunne_0001.jpg,3,2,2,1,1,1,0.914588,0.190739,0.552663
Dominic_Monaghan_0001.jpg,3,2,2,1,1,1,0.640171,0.478421,0.559296
Dominique_de_Villepin_0001.jpg,3,1,2,1,0,0,-1,-1,-1
Donald_Carty_0001.jpg,3,2,2,1,1,1,0.675618,0.307692,0.491655
Donald_Fehr_0001.jpg,3,2,2,1,1,0,0.670044,-1,0.670044
Donald_Hays_0001.jpg,3,2,1,1,1,1,0.56348,0.39848,0.48098
Donald_Keck_0001.jpg,3,1,1,1,1,0,0.551903,-1,0.551903
Donald_Keyser_0001.jpg,4,2,2,1,1,1,0.552221,0.58357,0.567895
Donald_Pettit_0001.jpg,3,1,1,1,1,1,0.841309,0.160839,0.501074
Donald_Regan_0001.jpg,3,2,2,1,1,1,1.09307,0.692559,0.892813
Donald_Rumsfeld_0001.jpg,3,1,1,1,1,0,0.537527,-1,0.537527
Donald_Trump_0001.jpg,3,2,2,1,1,1,1.11483,0.249307,0.68207
Donatella_Versace_0001.jpg,3,1,2,2,1,1,0.631065,0.528936,0.580001
Donna_Barrera_0001.jpg,3,2,1,2,1,1,0.908943,0.112331,0.510637
Donna_Brazile_0001.jpg,3,1,2,2,1,1,0.637067,0.146859,0.391963
Donna_Morrissey_0001.jpg,3,2,2,2,1,1,0.436574,0.766415,0.601495
Donna_Shalala_0001.jpg,2,1,2,2,1,1,0.828323,0.105045,0.466684
Donna_Walker_0001.jpg,3,2,1,2,1,1,1.37244,0.218538,0.795489
Donny_Osmond_0001.jpg,3,1,2,1,1,1,0.60122,0.350296,0.475758
Don_Boudria_0001.jpg,4,2,2,1,1,1,0.659126,0.281736,0.470431
Don_Flanagan_0001.jpg,3,1,2,1,1,1,0.455264,0.30167,0.378467
Don_Henley_0001.jpg,4,2,1,1,1,1,0.846478,0.528758,0.687618
Don_Hewitt_0001.jpg,3,1,2,1,1,1,0.747915,0.137013,0.442464
Don_King_0001.jpg,4,1,1,1,1,1,0.510028,0.35858,0.434304
Don_Lake_0001.jpg,3,1,2,1,1,0,0.686461,-1,0.686461
Don_Matthews_0001.jpg,3,2,2,1,1,1,1.17304,0.121575,0.647309
Don_Nickles_0001.jpg,3,2,2,1,1,1,0.97583,0.470721,0.723276
Don_Siegelman_0001.jpg,3,2,1,1,1,1,1.40365,0.120331,0.761989
Dora_Bakoyianni_0001.jpg,3,1,2,2,1,1,0.577477,0.408505,0.492991
Doris_Schroeder_0001.jpg,4,1,2,2,1,1,0.584271,0.415438,0.499854
Dorothy_Lamour_0001.jpg,2,1,2,2,1,0,0.818948,-1,0.818948
Dorothy_Loudon_0001.jpg,3,1,2,2,1,0,0.665712,-1,0.665712
Dorothy_Wilson_0001.jpg,2,1,1,2,0,0,-1,-1,-1
Dorthy_Moxley_0001.jpg,3,1,1,2,1,1,0.59469,0.0989372,0.346814
Dot_Helms_0001.jpg,3,2,2,2,1,1,0.768875,0.0333704,0.401123
Douglas_Faneuil_0001.jpg,3,1,2,1,1,0,0.799812,-1,0.799812
Douglas_Gansler_0001.jpg,3,2,2,1,1,1,0.640753,0.316228,0.47849
Doug_Christie_0001.jpg,4,1,2,1,1,1,0.510866,0.821041,0.665953
Doug_Collins_0001.jpg,4,2,2,1,0,0,-1,-1,-1
Doug_Duncan_0001.jpg,3,2,2,1,1,1,0.530726,0.193252,0.361989
Doug_Melvin_0001.jpg,3,2,2,1,1,1,0.641676,0.492526,0.567101
Doug_Moe_0001.jpg,4,1,2,1,1,1,0.404279,0.507565,0.455922
Doug_Racine_0001.jpg,2,2,2,1,1,1,1.03455,0.297156,0.665853
Dragan_Covic_0001.jpg,3,2,2,1,1,1,0.774701,0.0623783,0.41854
Drew_Barrymore_0001.jpg,5,1,2,2,1,0,0.522211,-1,0.522211
Drew_Bledsoe_0001.jpg,3,1,2,1,1,1,0.83892,0.217186,0.528053
Duane_Barber_0001.jpg,3,1,2,1,1,0,0.738865,-1,0.738865
Dule_Hill_0001.jpg,3,1,2,1,1,1,0.568181,0.327561,0.447871
Duncan_Fletcher_0001.jpg,3,2,2,1,1,1,0.564872,0.494208,0.52954
Dunn_Lampton_0001.jpg,4,2,2,1,1,1,0.603981,0.292596,0.448289
Dustan_Mohr_0001.jpg,3,2,2,1,1,1,0.483103,1.04911,0.766108
Dustin_Brown_0001.jpg,3,1,2,1,1,0,0.598063,-1,0.598063
Du_Qinglin_0001.jpg,2,2,1,1,1,0,0.843696,-1,0.843696
Dwain_Kyles_0001.jpg,3,2,2,1,1,1,0.690553,0.634537,0.662545
Dwayne_Wade_0001.jpg,3,1,2,1,1,1,0.646737,0.443165,0.544951
Dyab_Abou_Jahjah_0001.jpg,4,2,2,1,1,1,0.576556,0.567837,0.572197
Dyana_Calub_0001.jpg,3,1,2,2,1,1,0.562176,0.590931,0.576554
Earl_Campbell_0001.jpg,3,2,2,1,1,1,0.856707,0.364216,0.610462
Earl_Counter_0001.jpg,4,2,2,1,1,1,0.486122,0.882892,0.684507
Earl_Fritts_0001.jpg,3,2,2,1,1,1,0.575449,0.412889,0.494169
Earl_Scruggs_0001.jpg,3,1,2,1,1,1,0.52069,0.221155,0.370923
Eddie_Compass_0001.jpg,3,2,2,1,1,1,0.503797,0.600733,0.552265
Eddie_Jordan_0001.jpg,3,1,2,1,1,1,0.854674,0.0206153,0.437645
Eddie_Lewis_0001.jpg,3,2,2,1,1,1,0.823048,0.207849,0.515448
Eddie_Lucio_0001.jpg,3,2,2,1,1,0,0.791179,-1,0.791179
Eddie_Murray_0001.jpg,3,1,2,1,1,0,0.71383,-1,0.71383
Eddie_Sutton_0001.jpg,4,1,2,1,1,1,0.599056,0.445639,0.522347
Eddy_Hartenstein_0001.jpg,2,2,1,1,1,1,0.878374,0.0934539,0.485914
Eddy_Merckx_0001.jpg,3,1,2,1,1,1,0.642876,0.291548,0.467212
Edgar_Savisaar_0001.jpg,3,2,1,1,1,1,0.521656,0.290855,0.406256
Edie_Falco_0001.jpg,4,1,2,2,1,1,0.520778,0.333333,0.427056
Edina_Batar_0001.jpg,3,2,2,2,1,1,0.601612,0.899455,0.750533
Edith_Masai_0001.jpg,3,1,2,2,1,0,0.566539,-1,0.566539
Edouard_Michelin_0001.jpg,3,2,2,1,1,1,0.712731,0.233725,0.473228
Eduardo_Chillida_0001.jpg,4,2,2,1,1,1,0.461378,0.144791,0.303084
Eduardo_Duhalde_0001.jpg,3,2,2,1,1,0,0.680906,-1,0.680906
Eduardo_Fischer_0001.jpg,3,1,2,1,1,1,0.636201,0.43552,0.535861
Eduardo_Romero_0001.jpg,3,2,2,1,1,1,0.923781,0.355466,0.639623
Eduard_Limonov_0001.jpg,3,1,1,1,1,1,0.921783,0.259628,0.590706
Eduard_Shevardnadze_0001.jpg,3,2,2,1,1,1,0.606017,0.259938,0.432977
Edward_Albee_0001.jpg,4,2,2,1,1,0,0.573107,-1,0.573107
Edward_Burns_0001.jpg,3,1,2,1,1,1,0.724079,0.390745,0.557412
Edward_Egan_0001.jpg,2,2,2,1,0,0,-1,-1,-1
Edward_Flynn_0001.jpg,4,2,2,1,1,1,0.538105,0.572762,0.555433
Edward_Greenspan_0001.jpg,3,2,2,1,1,1,1.58401,0.0333704,0.808689
Edward_James_Olmos_0001.jpg,2,1,2,1,1,1,0.989413,0.537226,0.763319
Edward_Johnson_0001.jpg,3,2,1,1,1,1,0.570635,0.467269,0.518952
Edward_Kennedy_0001.jpg,4,2,2,1,1,1,0.476572,0.577656,0.527114
Edward_Lohn_0001.jpg,3,2,2,1,1,1,0.886255,0.147529,0.516892
Edward_Norton_0001.jpg,2,1,2,1,0,0,-1,-1,-1
Edward_Said_0001.jpg,3,2,2,1,1,1,1.43398,0.0658237,0.7499
Edward_Seaga_0001.jpg,3,2,2,1,1,1,0.582407,0.255072,0.41874
Edwina_Currie_0001.jpg,3,2,2,2,1,1,0.758947,0.384942,0.571945
Edwin_Edwards_0001.jpg,2,2,2,1,1,1,2.34905,1.11119,1.73012
Ed_Case_0001.jpg,3,1,2,1,1,1,0.551638,0.149906,0.350772
Ed_Rosenthal_0001.jpg,3,1,2,1,1,0,0.675557,-1,0.675557
Ed_Smart_0001.jpg,3,1,2,1,1,1,0.528404,0.309606,0.419005
Ed_Sullivan_0001.jpg,3,2,2,1,1,0,0.599911,-1,0.599911
Ed_Wade_0001.jpg,3,1,1,1,1,0,0.974739,-1,0.974739
Efrain_Rios_Montt_0001.jpg,3,2,1,1,1,1,0.676105,0.09998,0.388043
Eglis_Yaima_Cruz_0001.jpg,3,1,2,1,1,1,0.543757,0.367329,0.455543
Eileen_Coparropa_0001.jpg,3,1,2,2,1,1,0.472614,0.349888,0.411251
Eileen_Spina_0001.jpg,2,2,2,2,1,1,0.798012,0.0278531,0.412933
Einars_Repse_0001.jpg,3,1,2,1,1,1,0.807136,0.316495,0.561815
Ekaterina_Dmitriev_0001.jpg,3,1,2,2,1,1,0.626571,0.134768,0.38067
Ekke_Hard_Forberg_0001.jpg,3,2,2,1,1,1,1.24229,0.457027,0.849659
Eladio_Larez_0001.jpg,3,2,2,1,1,0,0.721295,-1,0.721295
Elaine_Chao_0001.jpg,3,2,2,2,1,1,0.637742,0.494052,0.565897
Elena_Dementieva_0001.jpg,3,2,2,2,1,1,0.530732,0.539104,0.534918
Elena_de_Chavez_0001.jpg,4,1,1,2,1,1,3.44259,2.12906,2.78582
Elena_Tihomirova_0001.jpg,3,1,2,2,1,1,0.696901,0.355751,0.526326
Elgin_Baylor_0001.jpg,3,2,2,1,1,1,0.76484,0.11782,0.44133
Eliane_Karp_0001.jpg,3,1,2,2,1,1,0.783712,0.0986739,0.441193
Elias_Attallah_0001.jpg,3,2,1,1,1,1,0.57773,0.602152,0.589941
Elijah_Wood_0001.jpg,3,1,2,1,1,1,0.714483,0.025351,0.369917
Elijan_Ingram_0001.jpg,3,2,2,1,1,1,0.675828,0.131708,0.403768
Elin_Nordegren_0001.jpg,3,2,1,2,0,0,-1,-1,-1
Eliott_Spitzer_0001.jpg,2,2,2,1,1,0,1.02418,-1,1.02418
Elisabeth_Schumacher_0001.jpg,3,1,2,2,1,1,0.930982,0.0197257,0.475354
Elisabeth_Welch_0001.jpg,3,1,2,2,1,0,0.82144,-1,0.82144
Elisha_Cuthbert_0001.jpg,3,1,2,2,1,1,0.688112,0.149256,0.418684
Elizabeth_Berkeley_0001.jpg,3,1,2,2,1,1,0.918542,0.196626,0.557584
Elizabeth_Dole_0001.jpg,4,1,2,2,1,1,1.152,0.576497,0.864247
Elizabeth_Hill_0001.jpg,3,2,2,2,1,1,0.800783,0.1155,0.458141
Elizabeth_Pena_0001.jpg,3,1,2,2,1,1,1.16132,0.18188,0.671602
Elizabeth_Regan_0001.jpg,3,1,2,2,1,1,0.732179,0.357963,0.545071
Elizabeth_Shue_0001.jpg,2,1,2,2,1,1,0.801916,1.03101,0.916464
Elizabeth_Smart_0001.jpg,3,2,2,2,1,1,0.956504,0.118248,0.537376
Elizabeth_Taylor_0001.jpg,3,1,2,2,1,1,0.732865,0.0948891,0.413877
Eliza_Dushku_0001.jpg,3,2,2,2,1,1,0.904267,0.0496751,0.476971
Eliza_Manningham-Buller_0001.jpg,3,1,2,2,1,1,1.21928,0.123903,0.671592
Eli_Broad_0001.jpg,3,2,1,1,1,1,0.647735,0.18188,0.414807
Eli_Rosenbaum_0001.jpg,4,2,2,1,1,1,0.531438,0.56032,0.545879
Eli_Stutsman_0001.jpg,4,2,2,1,0,0,-1,-1,-1
Ellen_DeGeneres_0001.jpg,3,1,2,2,1,1,1.07568,0.234372,0.655024
Ellen_Engleman_0001.jpg,4,2,1,2,1,1,0.692129,0.63892,0.665525
Ellen_Martin_0001.jpg,3,1,2,2,1,1,0.621487,0.0877809,0.354634
Ellen_Pompeo_0001.jpg,3,1,2,2,1,1,0.823103,0.248876,0.53599
Ellen_Saracini_0001.jpg,4,2,2,2,1,1,0.616799,0.559289,0.588044
Elliott_Mincberg_0001.jpg,3,1,1,1,1,0,0.469419,-1,0.469419
Elmar_Brok_0001.jpg,3,2,1,1,1,1,0.719495,0.438576,0.579035
Elsa_Zylberstein_0001.jpg,2,1,2,2,1,1,0.707979,0.424434,0.566206
Elton_John_0001.jpg,3,2,1,1,1,1,0.607954,0.208087,0.40802
Elvis_Costello_0001.jpg,3,1,1,1,1,1,0.609657,0.133363,0.37151
Elvis_Presley_0001.jpg,3,2,2,1,1,0,0.871894,-1,0.871894
El_Hadji_Diouf_0001.jpg,3,2,2,1,1,0,0.70492,-1,0.70492
Emanuel_Ginobili_0001.jpg,3,2,2,1,1,1,0.829684,0.14315,0.486417
Emelie_Loit_0001.jpg,3,2,2,2,1,1,0.901658,0.0649296,0.483294
Emile_Lahoud_0001.jpg,5,2,2,1,1,1,0.448107,0.577072,0.51259
Emilio_Azcarraga_Jean_0001.jpg,2,2,2,1,1,1,0.845541,0.257997,0.551769
Emily_Mason_0001.jpg,3,1,2,2,1,0,0.663139,-1,0.663139
Emily_Mortimer_0001.jpg,3,1,2,2,1,1,0.85119,0.0451639,0.448177
Emily_Robison_0001.jpg,3,1,2,2,1,1,0.656942,0.371755,0.514348
Eminem_0001.jpg,3,2,2,1,1,1,0.77989,0.421095,0.600492
Emmanuel_Filiberto_0001.jpg,3,2,2,1,1,1,0.723185,0.339861,0.531523
Emmanuel_Milingo_0001.jpg,3,2,1,1,1,1,0.713167,0.232812,0.47299
Emma_Nicholson_0001.jpg,4,2,2,2,1,0,0.544009,-1,0.544009
Emma_Watson_0001.jpg,3,1,2,2,1,1,0.631584,0.359008,0.495296
Emmit_Smith_0001.jpg,3,2,2,1,1,1,0.558712,0.377731,0.468221
Emyr_Jones_Parry_0001.jpg,4,2,2,1,1,1,0.623121,0.274721,0.448921
Enos_Slaughter_0001.jpg,3,2,2,1,1,0,1.07757,-1,1.07757
Enrica_Fico_0001.jpg,3,1,2,2,1,0,0.607451,-1,0.607451
Enrik_Vendt_0001.jpg,3,1,2,1,1,1,0.597942,0.358022,0.477982
Enrique_Haroldo_Gorriaran_Merlo_0001.jpg,3,1,2,1,1,1,1.39156,0.227626,0.809594
Enrique_Iglesias_0001.jpg,3,2,2,1,1,1,0.628226,0.534811,0.581518
Enrique_Medina_Gomez_0001.jpg,4,2,2,1,0,0,-1,-1,-1
Enrique_Oliu_0001.jpg,3,2,2,1,1,1,0.74377,0.298663,0.521217
Erick_Barkley_0001.jpg,3,2,2,1,1,1,0.747242,0.192624,0.469933
Eric_Bana_0001.jpg,3,1,2,1,1,1,0.81014,0.284725,0.547432
Eric_Benet_0001.jpg,3,1,2,1,1,1,0.549782,0.140081,0.344932
Eric_Christian_Olsen_0001.jpg,3,1,2,1,1,1,0.534002,0.309996,0.421999
Eric_Clapton_0001.jpg,3,2,1,1,1,1,0.582,0.416603,0.499301
Eric_Daze_0001.jpg,3,1,2,1,1,1,0.603292,0.153393,0.378343
Eric_Dubin_0001.jpg,4,2,2,1,1,1,0.598106,0.509021,0.553564
Eric_Hinske_0001.jpg,3,2,2,1,1,0,0.966942,-1,0.966942
Eric_Idle_0001.jpg,3,2,2,1,1,0,0.968889,-1,0.968889
Eric_Lindros_0001.jpg,4,2,2,1,1,1,0.532408,0.340686,0.436547
Eric_Robert_Rudolph_0001.jpg,3,2,2,1,1,1,0.72263,0.924678,0.823654
Eric_Rosser_0001.jpg,3,2,2,1,1,1,1.01019,0.195203,0.602698
Eric_Ryan_Donnelly_0001.jpg,3,2,2,1,1,0,0.656658,-1,0.656658
Eric_Shinseki_0001.jpg,4,2,2,1,1,1,0.52307,0.611773,0.567422
Eric_Snow_0001.jpg,3,1,2,1,1,1,0.681787,0.173576,0.427681
Eric_Staal_0001.jpg,3,2,2,1,1,1,0.645046,0.0692709,0.357158
Eric_Taino_0001.jpg,3,2,2,1,1,1,0.823938,0.0918846,0.457911
Eric_Vigouroux_0001.jpg,3,2,2,1,1,1,0.824523,0.597803,0.711163
Erika_Christensen_0001.jpg,3,1,2,2,1,1,0.765409,0.284773,0.525091
Erika_Harold_0001.jpg,3,2,2,2,1,1,0.879844,0.239988,0.559916
Erika_Reyes_0001.jpg,3,1,2,2,1,1,0.615247,0.0707107,0.342979
Eriko_Tamura_0001.jpg,3,1,2,2,1,1,0.800441,0.237384,0.518912
Ernesto_Zedillo_0001.jpg,3,2,1,1,1,1,0.730808,0.319292,0.52505
Ernest_Hollings_0001.jpg,2,2,2,1,1,1,0.823748,0.219655,0.521702
Ernie_Els_0001.jpg,3,2,2,1,1,1,0.623632,0.349215,0.486424
Ernie_Harwell_0001.jpg,3,2,1,1,1,1,0.613597,0.255785,0.434691
Ernie_Preate_0001.jpg,3,2,2,1,1,1,0.569638,0.159617,0.364627
Erwin_Abdullah_0001.jpg,3,2,2,1,1,1,0.64937,0.141613,0.395491
Erwin_Mapasseng_0001.jpg,3,2,1,1,1,1,0.569543,0.407956,0.48875
Esad_Landzo_0001.jpg,3,2,2,1,1,1,0.588863,0.406659,0.497761
Esteban_Cordoba-Velazquez_0001.jpg,4,2,2,1,1,0,0.534894,-1,0.534894
Estella_Warren_0001.jpg,3,1,2,2,1,1,0.692708,0.149026,0.420867
Estelle_Morris_0001.jpg,2,1,2,2,1,0,0.771609,-1,0.771609
Ester_Canadas_0001.jpg,3,2,2,2,1,1,0.589894,0.362794,0.476344
Ethan_Hawke_0001.jpg,3,2,2,1,1,1,0.585824,0.195727,0.390776
Eugene_Melnyk_0001.jpg,3,2,2,1,1,1,2.69281,1.51394,2.10337
Eugene_Teslovic_0001.jpg,3,1,2,2,1,1,0.695476,0.212351,0.453913
Eunice_Barber_0001.jpg,3,1,2,2,1,0,0.585931,-1,0.585931
Eurico_Guterres_0001.jpg,3,2,2,1,1,1,0.835171,0.109527,0.472349
Evander_Holyfield_0001.jpg,3,2,2,1,0,0,-1,-1,-1
Evan_Marriott_0001.jpg,3,2,2,1,1,1,1.03908,0.251529,0.645304
Evan_Rachel_Wood_0001.jpg,3,1,2,2,1,1,0.641846,0.0545038,0.348175
Eva_Amurri_0001.jpg,3,1,2,2,1,1,0.807286,0.160586,0.483936
Eva_Herzigova_0001.jpg,2,2,2,2,1,1,1.07267,0.275292,0.673982
Eva_Marie_Saint_0001.jpg,3,1,2,2,1,0,0.612408,-1,0.612408
Eva_Mendes_0001.jpg,4,1,2,2,1,1,0.583467,0.463395,0.523431
Eve_Ensler_0001.jpg,3,1,2,2,1,1,0.722723,0.100759,0.411741
Eve_Pelletier_0001.jpg,3,2,2,2,1,1,0.591762,0.147325,0.369544
Evgeni_Plushenko_0001.jpg,3,1,2,1,1,1,0.607226,0.213142,0.410184
Evie_Lazarou_0001.jpg,4,1,2,2,1,1,0.619268,0.147282,0.383275
Evo_Morales_0001.jpg,4,2,2,1,1,1,0.390332,0.44652,0.418426
Ewan_McGregor_0001.jpg,3,1,2,1,1,1,0.564785,0.389169,0.476977
E_Clay_Shaw_0001.jpg,3,2,2,1,1,1,0.878979,0.195942,0.537461
Fabian_Vargas_0001.jpg,3,2,2,1,1,0,0.773726,-1,0.773726
Fabrice_Santoro_0001.jpg,3,2,2,1,1,0,0.603432,-1,0.603432
Fabricio_Oberto_0001.jpg,3,2,2,1,1,1,0.608061,0.549442,0.578752
Fann_Wong_0001.jpg,3,1,2,2,1,1,0.74725,0.34341,0.54533
Farida_Ragoonanan_0001.jpg,3,2,2,2,1,1,0.690716,0.334767,0.512742
Fatma_Kusibeh_0001.jpg,5,2,2,2,1,1,0.599245,0.45653,0.527888
Faye_Alibocus_0001.jpg,3,1,2,2,1,1,0.672503,0.366388,0.519446
Faye_Wong_0001.jpg,3,1,2,2,1,1,0.528399,0.120869,0.324634
Fayssal_Mekdad_0001.jpg,3,2,1,1,1,1,0.885509,0.109725,0.497617
Fazal-ur-Rehman_0001.jpg,3,2,2,1,1,1,0.677054,0.198,0.437527
Federico_Castelan_Sayre_0001.jpg,3,2,2,1,1,1,0.543968,0.666284,0.605126
Federico_Fellini_0001.jpg,3,1,2,1,1,0,0.734786,-1,0.734786
Federico_Trillo_0001.jpg,1,2,2,1,1,1,1.36668,1.05045,1.20857
Feliciano_Lopez_0001.jpg,3,2,2,1,1,1,0.90505,0.391077,0.648064
Felipe_Fernandez_0001.jpg,3,1,2,1,1,1,0.560861,0.406371,0.483616
Felipe_Perez_Roque_0001.jpg,3,2,2,1,1,1,0.627674,0.420726,0.5242
Felix_Doh_0001.jpg,3,2,2,1,1,1,0.719448,0.200754,0.460101
Felix_Trinidad_0001.jpg,3,1,2,1,1,1,0.523353,0.266793,0.395073
Ferenc_Madl_0001.jpg,3,2,1,1,0,0,-1,-1,-1
Fernando_Hierro_0001.jpg,3,1,2,1,1,1,0.699372,0.299425,0.499398
Fernando_Leon_de_Aranoa_0001.jpg,3,2,2,1,1,0,0.849308,-1,0.849308
Fernando_Sanz_0001.jpg,3,2,2,1,0,0,-1,-1,-1
Fernando_Valenzuela_0001.jpg,3,1,2,1,1,0,0.696568,-1,0.696568
Fernando_Velardez_0001.jpg,3,2,2,1,1,1,0.841683,0.222412,0.532047
Festus_Mogae_0001.jpg,3,1,2,1,1,0,0.717994,-1,0.717994
Fidel_Castro_Daiz-Balart_0001.jpg,3,1,2,1,1,1,0.51619,0.561876,0.539033
Filippo_Inzaghi_0001.jpg,3,2,2,1,1,0,0.539502,-1,0.539502
Filip_De_Winter_0001.jpg,3,2,2,1,1,1,1.23155,0.934476,1.08301
Fiona_Milne_0001.jpg,3,1,2,2,1,1,0.562156,0.168737,0.365447
Flavia_Delaroli_0001.jpg,3,1,2,2,1,0,0.692499,-1,0.692499
Flavia_Pennetta_0001.jpg,3,2,2,2,1,1,0.570193,0.101915,0.336054
Florecita_Cobian_0001.jpg,3,1,2,2,1,1,0.575276,0.0747114,0.324994
Floyd_Keith_0001.jpg,3,2,1,1,1,1,0.619873,0.501413,0.560643
Floyd_Mayweather_0001.jpg,3,1,2,1,1,1,1.3699,0.357655,0.863777
Francesco_Totti_0001.jpg,3,2,2,1,1,1,0.640698,0.921616,0.781157
Frances_Fisher_0001.jpg,3,1,2,2,1,1,0.927814,0.322339,0.625076
Francisco_Flores_0001.jpg,3,2,1,1,1,0,0.77815,-1,0.77815
Francisco_Garcia_0001.jpg,2,2,2,1,1,1,0.851739,0.814801,0.83327
Francisco_Maturana_0001.jpg,2,1,2,1,1,1,0.792441,0.69393,0.743185
Francisco_Santos_0001.jpg,3,1,1,2,1,1,0.645155,0.786153,0.715654
Francis_Collins_0001.jpg,3,2,1,1,1,1,1.12426,0.283588,0.703925
Francis_Ford_Coppola_0001.jpg,3,2,1,1,1,1,0.58261,0.332693,0.457652
Francis_George_0001.jpg,3,2,1,1,1,1,0.674128,0.231379,0.452753
Francis_Mer_0001.jpg,3,2,2,1,1,0,0.842996,-1,0.842996
Francis_Ricciardone_0001.jpg,3,2,2,1,1,1,0.728707,0.088025,0.408366
Franck_Cerutti_0001.jpg,3,1,2,1,1,1,0.793193,0.181303,0.487248
Francois_Ozon_0001.jpg,3,1,2,1,0,0,-1,-1,-1
Franco_Cangele_0001.jpg,3,2,2,1,1,1,0.68694,0.486468,0.586704
Franco_Frattini_0001.jpg,3,2,1,1,1,1,0.779528,0.251075,0.515301
Franko_Simatovic_0001.jpg,3,2,1,1,1,0,0.535116,-1,0.535116
Frank_Abagnale_Jr_0001.jpg,3,1,2,1,1,1,0.66301,0.0232307,0.34312
Frank_Beamer_0001.jpg,3,2,2,1,1,1,0.762502,0.449719,0.60611
Frank_Cassell_0001.jpg,2,2,2,1,1,1,1.04544,0.376426,0.710931
Frank_Coraci_0001.jpg,2,1,1,1,1,1,0.772756,0.564808,0.668782
Frank_Dunham_Jr_0001.jpg,3,2,1,1,1,1,0.66984,0.0974509,0.383646
Frank_Griswold_0001.jpg,3,2,1,1,1,1,0.550658,0.43451,0.492584
Frank_Hilldrup_0001.jpg,3,2,2,1,1,1,0.798835,0.1429,0.470868
Frank_Keating_0001.jpg,4,2,2,1,1,1,0.602329,0.498172,0.55025
Frank_Marshall_0001.jpg,3,2,2,1,0,0,-1,-1,-1
Frank_Murkowski_0001.jpg,3,2,2,1,1,0,0.709378,-1,0.709378
Frank_Pallone_0001.jpg,2,2,2,1,1,1,0.781598,0.449183,0.61539
Frank_Schmoekel_0001.jpg,3,2,1,1,1,1,0.689968,0.0866859,0.388327
Frank_Sinatra_0001.jpg,2,1,2,1,1,1,1.24126,0.0767869,0.659022
Frank_Taylor_0001.jpg,3,2,2,1,1,1,0.609216,0.18553,0.397373
Frank_Van_Ecke_0001.jpg,3,2,2,1,1,0,0.492629,-1,0.492629
Frank_Wycheck_0001.jpg,3,2,2,1,1,1,0.787037,0.105965,0.446501
Frank_Zappa_0001.jpg,3,2,2,1,1,1,0.485786,0.334282,0.410034
Franz_Beckenbauer_0001.jpg,3,1,1,1,1,1,0.666519,0.292386,0.479453
Franz_Fischler_0001.jpg,2,1,2,1,1,1,0.955162,0.282843,0.619002
Franz_Gsell_0001.jpg,3,2,2,1,1,1,0.743666,0.0785674,0.411117
Franz_Muentefering_0001.jpg,2,1,1,1,1,1,0.745043,0.531783,0.638413
Fran_Drescher_0001.jpg,2,1,2,2,1,1,0.778801,0.135113,0.456957
Freddy_Garcia_0001.jpg,4,2,2,1,1,1,0.672321,0.562884,0.617603
Freddy_Vasques_Kinchokpe_0001.jpg,3,2,2,1,1,0,0.840041,-1,0.840041
Frederick_Madden_0001.jpg,3,2,2,1,1,1,0.600133,0.445328,0.52273
Fredric_Seaman_0001.jpg,3,1,1,1,1,1,1.13141,0.198539,0.664973
Fred_Durst_0001.jpg,3,1,2,1,1,1,1.10619,0.351364,0.728779
Fred_Eckhard_0001.jpg,3,2,1,1,1,1,0.733382,0.186091,0.459736
Fred_Funk_0001.jpg,3,1,2,1,1,1,0.532578,0.422474,0.477526
Fred_Swan_0001.jpg,3,1,2,1,1,1,0.628893,0.394102,0.511498
Fred_Wilpon_0001.jpg,3,2,2,1,1,0,0.717778,-1,0.717778
Fruit_Chan_0001.jpg,3,1,1,1,1,0,0.758897,-1,0.758897
Fujio_Cho_0001.jpg,3,1,1,1,1,1,0.545126,0.718147,0.631637
Fujio_Mitarai_0001.jpg,3,1,1,1,1,1,0.59526,0.29477,0.445015
Gabi_Zimmer_0001.jpg,4,2,2,2,1,1,0.478323,0.449417,0.46387
Gabriella_Bo_0001.jpg,3,1,2,2,1,1,0.924457,0.0756794,0.500068
Gabrielle_Rose_0001.jpg,3,1,2,2,1,1,0.544289,0.793147,0.668718
Gabrielle_Union_0001.jpg,3,1,2,2,1,1,0.707492,0.301045,0.504268
Gabriel_Batistuta_0001.jpg,3,2,2,1,1,1,0.641489,0.348613,0.495051
Gabriel_Farhi_0001.jpg,3,2,1,1,1,1,0.571215,0.295641,0.433428
Gabriel_Hughes_0001.jpg,4,2,2,1,1,1,0.518978,0.377612,0.448295
Gabriel_Jorge_Ferreia_0001.jpg,3,2,1,1,1,1,0.595275,0.84982,0.722548
Gabriel_Valdes_0001.jpg,3,1,1,1,1,1,0.481444,0.349315,0.415379
Gael_Garcia_Bermal_0001.jpg,3,1,2,1,1,1,0.520628,0.217677,0.369152
Galen_Rowell_0001.jpg,3,1,2,1,1,1,0.884314,0.242536,0.563425
Gao_Qiang_0001.jpg,3,2,1,1,1,1,0.690252,0.278923,0.484588
Garry_Alejano_0001.jpg,3,2,2,1,1,0,0.82542,-1,0.82542
Garry_Kasparov_0001.jpg,3,2,2,1,1,1,0.793809,0.0771287,0.435469
Garry_McCoy_0001.jpg,4,1,2,1,1,1,0.481682,0.438849,0.460266
Garry_Witherall_0001.jpg,3,2,2,1,0,0,-1,-1,-1
Garth_Drabinsky_0001.jpg,3,2,1,1,1,1,1.0923,0.133126,0.612711
Gary_Bald_0001.jpg,5,2,1,1,1,1,0.822934,0.107058,0.464996
Gary_Barnett_0001.jpg,3,2,2,1,1,1,1.345,0.765271,1.05514
Gary_Bauer_0001.jpg,2,2,2,1,1,1,0.914731,0.12473,0.51973
Gary_Bettman_0001.jpg,4,2,2,1,1,1,0.554353,0.657738,0.606045
Gary_Carter_0001.jpg,3,1,2,1,1,0,0.702707,-1,0.702707
Gary_Coleman_0001.jpg,3,2,2,1,1,1,1.14932,0.135845,0.642582
Gary_Forsee_0001.jpg,3,1,2,1,1,1,0.573437,0.237877,0.405657
Gary_Gero_0001.jpg,3,1,2,1,1,1,0.685795,0.198087,0.441941
Gary_Gitnick_0001.jpg,3,1,2,1,1,0,0.682895,-1,0.682895
Gary_Leon_Ridgway_0001.jpg,3,2,1,1,1,0,0.615103,-1,0.615103
Gary_Locke_0001.jpg,3,2,1,1,1,0,0.909127,-1,0.909127
Gary_Marshall_0001.jpg,3,1,2,1,1,0,0.979076,-1,0.979076
Gary_Paer_0001.jpg,3,2,2,1,1,1,0.608032,0.542031,0.575031
Gary_Sayler_0001.jpg,3,2,1,1,1,1,0.52063,0.281176,0.400903
Gary_Sinise_0001.jpg,3,1,2,1,1,1,0.659991,0.253076,0.456534
Gary_Stevens_0001.jpg,3,1,2,1,1,1,0.596289,0.353921,0.475105
Gary_Williams_0001.jpg,3,2,2,1,1,0,0.61391,-1,0.61391
Gary_Winnick_0001.jpg,3,1,2,1,1,1,0.51876,0.271208,0.394984
Gavyn_Arthur_0001.jpg,3,1,2,1,1,0,1.05426,-1,1.05426
Gavyn_Davies_0001.jpg,3,1,1,1,1,1,0.697647,0.406019,0.551833
Gene_Keady_0001.jpg,3,2,2,1,1,0,0.591212,-1,0.591212
Gennifer_Flowers_0001.jpg,3,2,2,2,1,0,1.96079,-1,1.96079
Geno_Auriemma_0001.jpg,4,2,1,1,1,0,0.369236,-1,0.369236
Geoff_Dixon_0001.jpg,3,2,2,1,1,0,0.627889,-1,0.627889
Geoff_Hoon_0001.jpg,3,2,2,1,1,0,0.81917,-1,0.81917
George_Blaney_0001.jpg,3,2,1,1,1,0,0.721117,-1,0.721117
George_Brumley_0001.jpg,3,1,1,1,1,1,0.610282,0.405899,0.50809
George_Clooney_0001.jpg,4,1,2,1,1,1,1.07112,1.30096,1.18604
George_Foreman_0001.jpg,3,1,2,1,1,0,0.619858,-1,0.619858
George_Galloway_0001.jpg,3,2,2,1,1,1,0.942984,0.208013,0.575498
George_Karl_0001.jpg,3,2,2,1,1,0,0.704563,-1,0.704563
George_Lopez_0001.jpg,3,2,2,1,1,1,0.983538,0.168168,0.575853
George_Lucas_0001.jpg,3,1,2,1,1,1,0.764553,0.122089,0.443321
George_Maxwell_Richards_0001.jpg,4,2,1,1,1,1,0.499556,0.775076,0.637316
George_Murphy_0001.jpg,3,2,1,1,1,1,0.682557,0.267999,0.475278
George_Pataki_0001.jpg,3,2,2,1,1,1,0.521024,0.502871,0.511948
George_Roy_Hill_0001.jpg,3,1,2,1,1,0,0.390622,-1,0.390622
George_Ryan_0001.jpg,3,2,1,1,1,1,0.714206,0.206725,0.460465
George_Tenet_0001.jpg,3,1,2,1,1,1,0.859116,0.142244,0.50068
George_W_Bush_0001.jpg,3,1,2,1,0,0,-1,-1,-1
Georgia_Giddings_0001.jpg,3,1,2,2,1,1,0.608582,0.161357,0.384969
Georgina_Papin_0001.jpg,3,2,2,2,1,1,0.524837,0.395995,0.460416
Georgi_Parvanov_0001.jpg,3,1,2,1,1,1,0.579272,0.32249,0.450881
Geraldo_Rivera_0001.jpg,3,1,1,1,1,1,1.15719,0.120212,0.638701
Gerald_Barbarito_0001.jpg,3,1,1,1,1,1,0.520981,0.587979,0.55448
Gerald_Calabrese_0001.jpg,3,2,1,1,1,0,0.642048,-1,0.642048
Gerald_Fitch_0001.jpg,3,2,2,1,1,0,0.626984,-1,0.626984
Gerald_Ford_0001.jpg,2,2,2,1,1,1,0.708208,0.106359,0.407284
Gerald_Riley_0001.jpg,3,2,2,1,1,1,0.586822,0.383677,0.48525
Gerard_Depardieu_0001.jpg,2,2,2,1,1,1,1.36056,0.22714,0.793851
Gerard_Kleisterlee_0001.jpg,3,1,2,1,1,1,0.755783,0.073621,0.414702
Gerard_Tronche_0001.jpg,3,1,1,1,1,1,0.564658,0.158842,0.36175
Gerhard_Schroeder_0001.jpg,3,1,2,1,1,1,0.720726,0.0545342,0.38763
Gerrit_Zalm_0001.jpg,3,1,1,1,1,1,0.716429,0.680813,0.698621
Gerry_Kelly_0001.jpg,2,2,1,1,1,1,1.92477,0.746788,1.33578
Ghassan_Elashi_0001.jpg,3,2,1,1,1,1,0.64386,0.406242,0.525051
Gianna_Angelopoulos-Daskalaki_0001.jpg,4,1,2,2,1,1,0.574232,0.400527,0.48738
Giannina_Facio_0001.jpg,4,1,2,2,1,1,0.816143,0.271575,0.543859
Gianni_Agnelli_0001.jpg,3,2,2,1,1,0,0.707284,-1,0.707284
Gian_Marco_0001.jpg,4,1,2,1,1,1,0.992111,0.599634,0.795873
Gideon_Black_0001.jpg,3,2,1,1,1,1,0.878477,0.047036,0.462757
Gideon_Yago_0001.jpg,3,1,1,1,1,1,0.401465,0.468734,0.435099
Gilberto_Rodriguez_Orejuela_0001.jpg,2,2,2,1,0,0,-1,-1,-1
Gillian_Anderson_0001.jpg,3,1,2,2,1,1,0.750715,0.0713276,0.411021
Gil_Cates_0001.jpg,3,1,1,1,0,0,-1,-1,-1
Gil_de_Ferran_0001.jpg,3,2,2,1,1,1,0.638029,1.23402,0.936024
Gina_Gershon_0001.jpg,3,1,2,2,1,1,0.983583,0.257248,0.620416
Gina_Lollobrigida_0001.jpg,3,2,2,2,1,1,1.06777,0.270366,0.669067
Gina_Torres_0001.jpg,2,1,2,2,1,1,1.0528,0.198839,0.625822
Gisele_Bundchen_0001.jpg,3,2,2,2,1,1,0.657989,0.290965,0.474477
Giulietta_Masina_0001.jpg,3,1,2,2,1,0,0.834322,-1,0.834322
Giulio_Andreotti_0001.jpg,3,2,1,1,1,0,0.595111,-1,0.595111
Glafcos_Clerides_0001.jpg,3,1,2,1,1,1,0.600812,0.358979,0.479896
Glenn_Rivers_0001.jpg,3,2,2,1,1,1,0.612079,0.0906547,0.351367
Glenn_Tilton_0001.jpg,3,2,1,1,1,1,0.990168,0.417591,0.70388
Glen_Clark_0001.jpg,3,1,2,1,1,1,0.749834,0.0729756,0.411405
Glen_DaSilva_0001.jpg,3,1,1,1,1,1,0.690902,0.183221,0.437061
Gloria_Allred_0001.jpg,2,2,2,2,1,1,0.894365,0.223171,0.558768
Gloria_Gaynor_0001.jpg,3,2,2,2,1,1,0.584103,0.470202,0.527152
Gloria_Macapagal_Arroyo_0001.jpg,3,1,2,2,1,1,0.543614,0.0868927,0.315253
Gloria_Trevi_0001.jpg,3,2,2,2,1,1,0.772245,0.183044,0.477645
GL_Peiris_0001.jpg,3,2,1,1,1,0,0.740573,-1,0.740573
Goh_Kun_0001.jpg,3,2,2,1,1,1,1.10233,0.170294,0.636311
Goldie_Hawn_0001.jpg,3,1,2,2,1,0,0.76461,-1,0.76461
Gong_Li_0001.jpg,3,1,2,2,1,1,0.608261,0.370949,0.489605
Gonzalo_Sanchez_de_Lozada_0001.jpg,3,1,2,1,1,1,0.972947,0.0959181,0.534432
Goran_Persson_0001.jpg,3,2,2,1,1,1,0.7597,0.363701,0.5617
Goran_Zivkovic_0001.jpg,3,2,2,1,1,1,0.560247,0.521153,0.5407
Gordana_Grubin_0001.jpg,3,2,2,2,1,1,0.512106,0.210819,0.361462
Gorden_Tallis_0001.jpg,3,2,2,1,1,1,0.811395,0.128893,0.470144
Gordon_Campbell_0001.jpg,3,2,1,1,1,1,0.744067,0.089004,0.416536
Gordon_Cooper_0001.jpg,3,2,2,1,0,0,-1,-1,-1
Gordon_Lightfoot_0001.jpg,3,1,2,1,1,1,0.718081,0.266279,0.49218
Gordon_McDonald_0001.jpg,3,1,2,1,1,1,0.571737,0.0940721,0.332904
Gore_Verbinski_0001.jpg,3,1,2,1,1,1,0.758657,0.17324,0.465948
Grace_Brinell_0001.jpg,3,2,2,2,1,0,0.97332,-1,0.97332
Grace_Dodd_0001.jpg,3,1,2,2,1,1,0.691133,1.01541,0.853273
Graciano_Rocchigiani_0001.jpg,3,1,2,1,1,0,0.600297,-1,0.600297
Grady_Irvin_Jr_0001.jpg,3,2,2,1,1,1,0.872105,0.330531,0.601318
Graham_Bentley_0001.jpg,3,2,2,1,1,1,1.28404,0.167804,0.725922
Grant_Hackett_0001.jpg,3,1,2,1,1,0,0.602584,-1,0.602584
Grant_Rossenmeyer_0001.jpg,3,2,2,1,1,1,0.82636,0.567596,0.696978
Gray_Davis_0001.jpg,3,2,2,1,0,0,-1,-1,-1
Gregg_Berhalter_0001.jpg,3,2,2,1,1,1,0.776174,0.718387,0.747281
Gregg_Popovich_0001.jpg,2,2,2,1,1,1,0.851638,0.156062,0.50385
Gregorio_Honasan_0001.jpg,3,2,1,1,1,1,0.506937,0.924429,0.715683
Gregorio_Rosal_0001.jpg,3,2,2,1,1,0,0.746009,-1,0.746009
Gregory_Hines_0001.jpg,3,2,1,1,0,0,-1,-1,-1
Gregor_Gysi_0001.jpg,4,2,1,1,1,1,1.52299,0.241229,0.882108
Greg_Frers_0001.jpg,3,1,2,1,1,1,0.684411,0.0588235,0.371617
Greg_Gilbert_0001.jpg,4,2,2,1,1,1,0.39057,0.599051,0.49481
Greg_Hennigar_0001.jpg,3,2,2,1,0,0,-1,-1,-1
Greg_Kinnear_0001.jpg,3,2,2,1,1,1,0.872973,0.43097,0.651972
Greg_Kinsey_0001.jpg,3,2,2,1,1,1,0.971211,0.456691,0.713951
Greg_Ostertag_0001.jpg,3,2,1,1,1,1,0.646458,0.0628143,0.354636
Greg_Rusedski_0001.jpg,3,2,2,1,1,1,0.654944,0.472391,0.563667
Gretchen_Mol_0001.jpg,3,1,2,2,1,0,0.957459,-1,0.957459
Gro_Harlem_Brundtland_0001.jpg,3,2,2,2,1,0,0.808069,-1,0.808069
Guangdong_Ou_Guangyuan_0001.jpg,3,1,2,1,1,1,0.641609,0.122499,0.382054
Guennadi_Chipouline_0001.jpg,3,2,2,1,1,1,1.71088,0.838002,1.27444
Guillaume_Cannet_0001.jpg,3,1,2,1,1,1,0.663906,0.220729,0.442317
Guillaume_Depardieu_0001.jpg,3,2,2,1,1,1,0.541564,0.411629,0.476596
Guillermo_Coria_0001.jpg,3,2,2,1,1,1,1.00672,0.05,0.528359
Guillermo_Monroy_0001.jpg,3,1,1,1,1,1,0.642022,0.271964,0.456993
Guillermo_Ortiz_0001.jpg,3,1,1,1,1,0,0.636766,-1,0.636766
Guillermo_Ruiz_Polanco_0001.jpg,3,2,1,1,1,1,0.559398,0.559198,0.559298
Gunter_Pleuger_0001.jpg,2,2,1,1,1,1,0.99804,0.341743,0.669892
Gustavo_Cisneros_0001.jpg,3,1,2,1,1,1,1.35281,0.25985,0.806331
Gustavo_Franco_0001.jpg,3,1,1,1,1,1,0.771938,0.281455,0.526696
Gustavo_Kuerten_0001.jpg,3,2,2,1,1,1,0.71036,0.29894,0.50465
Gustavo_Noboa_0001.jpg,3,1,1,1,1,1,0.787054,0.219939,0.503497
Gus_Frerotte_0001.jpg,3,1,2,1,1,0,0.663637,-1,0.663637
Gus_Van_Sant_0001.jpg,3,1,2,1,1,1,0.676105,0.338565,0.507335
Guy_Hemmings_0001.jpg,3,2,2,1,1,1,0.64933,0.383245,0.516288
Guy_Ritchie_0001.jpg,4,1,2,1,1,1,1.19671,0.641336,0.919023
Gwendal_Peizerat_0001.jpg,3,1,2,1,1,1,0.57025,0.32273,0.44649
Gwen_Stefani_0001.jpg,3,1,2,2,1,0,0.628546,-1,0.628546
Gwyneth_Paltrow_0001.jpg,3,1,2,2,1,0,1.54087,-1,1.54087
Habib_Hisham_0001.jpg,3,2,2,1,1,1,1.04043,0.192945,0.616689
Habib_Rizieq_0001.jpg,3,1,1,1,1,1,0.750327,0.263158,0.506742
Hadley_Bilger_0001.jpg,3,1,2,2,1,1,0.549891,0.245201,0.397546
Halbert_Fillinger_0001.jpg,3,2,1,1,1,1,0.965682,0.226421,0.596052
Halle_Berry_0001.jpg,3,1,2,2,1,1,0.556567,0.0612564,0.308912
Hal_Gehman_0001.jpg,4,2,2,1,1,1,0.556411,0.667862,0.612137
Hal_Sellers_0001.jpg,3,2,2,1,1,0,0.692165,-1,0.692165
Hal_Sutton_0001.jpg,3,1,2,1,1,0,0.520828,-1,0.520828
Hamad_Bin_Isa_al-Khalifa_0001.jpg,3,1,2,1,1,0,0.544766,-1,0.544766
Hamad_Bin_Jassim_0001.jpg,3,2,2,1,1,1,0.635251,0.305574,0.470412
Hama_Arba_Diallo_0001.jpg,3,1,2,1,1,1,0.627567,0.0861941,0.356881
Hamid_Efendi_0001.jpg,3,2,2,1,1,1,0.704084,0.221468,0.462776
Hamid_Karzai_0001.jpg,3,1,2,1,1,1,0.695117,0.025351,0.360234
Hamzah_Haz_0001.jpg,3,2,2,1,1,0,0.649069,-1,0.649069
Hamza_Atiya_Muhsen_0001.jpg,3,2,2,1,1,1,0.597033,0.122345,0.359689
Ham_Pong-sil_0001.jpg,3,1,2,2,1,1,0.632517,0.213378,0.422948
Hanan_Ashrawi_0001.jpg,3,2,2,2,1,1,0.588785,0.343871,0.466328
Hana_Makhmalbaf_0001.jpg,3,1,2,2,1,1,0.943085,0.320814,0.631949
Hana_Sadiq_0001.jpg,3,1,2,2,1,1,0.593921,0.0795417,0.336731
Hana_Urushima_0001.jpg,2,1,2,2,1,1,1.37922,0.153574,0.766397
Hank_Aaron_0001.jpg,3,1,2,1,1,0,0.521908,-1,0.521908
Hank_Azaria_0001.jpg,2,1,2,1,1,1,1.00668,0.0569064,0.531796
Hanns_Schumacher_0001.jpg,4,2,1,1,1,1,0.551866,0.636417,0.594142
Hans-Christian_Schmid_0001.jpg,2,1,2,1,1,0,0.855585,-1,0.855585
Hans_Eichel_0001.jpg,3,1,1,1,1,1,0.505775,0.367685,0.43673
Hans_Leistritz_0001.jpg,3,2,1,1,0,0,-1,-1,-1
Hans_Peter_Briegel_0001.jpg,3,2,2,1,1,1,1.03223,0.148184,0.590205
Han_Sung_Joo_0001.jpg,3,2,1,1,1,1,0.429686,0.470208,0.449947
Harland_Braun_0001.jpg,3,2,2,1,1,1,0.609416,0.185499,0.397457
Harold_Brown_0001.jpg,3,2,2,1,1,1,0.534093,0.192228,0.36316
Harriet_Lessy_0001.jpg,3,1,2,2,1,1,0.774721,0.144765,0.459743
Harrison_Ford_0001.jpg,3,1,2,1,1,1,0.47771,0.313638,0.395674
Harry_Belafonte_0001.jpg,4,1,2,1,1,1,0.531274,0.0353278,0.283301
Harry_Schmidt_0001.jpg,2,2,2,1,1,1,0.81971,0.176485,0.498098
Hartmut_Mehdorn_0001.jpg,1,2,2,1,1,1,1.5699,0.77658,1.17324
Harvey_Fierstein_0001.jpg,3,1,1,1,1,1,0.628081,0.195408,0.411744
Harvey_Wachsman_0001.jpg,3,2,2,1,1,1,0.61976,0.590875,0.605318
Harvey_Weinstein_0001.jpg,3,1,2,1,1,1,0.934387,0.141594,0.537991
Hasan_Wirayuda_0001.jpg,3,2,1,1,1,1,0.628106,0.409109,0.518608
Hashan_Tillakaratne_0001.jpg,3,2,2,1,1,1,0.752646,0.575912,0.664279
Hashim_Thaci_0001.jpg,3,1,2,1,1,1,0.59753,0.369855,0.483692
Hassanal_Bolkiah_0001.jpg,3,2,2,1,1,0,0.651161,-1,0.651161
Hassan_Nasrallah_0001.jpg,3,1,1,1,1,1,0.615289,0.232254,0.423772
Hassan_Wirajuda_0001.jpg,3,1,1,1,1,1,0.81716,0.0812981,0.449229
Haydar_Aliyev_0001.jpg,3,2,2,1,1,1,0.924791,0.408864,0.666828
Hayden_Panettiere_0001.jpg,3,1,2,2,1,1,0.562077,0.0677908,0.314934
Hayley_Tullett_0001.jpg,3,1,2,2,1,1,0.616038,0.0970478,0.356543
Heather_Locklear_0001.jpg,3,1,2,2,1,1,0.770588,0.443385,0.606987
Heather_Mills_0001.jpg,3,1,2,2,1,1,0.513331,0.322265,0.417798
Heather_Whitestone_McCallum_0001.jpg,3,1,2,2,1,1,0.533892,0.352441,0.443166
Heather_Willson_0001.jpg,3,2,1,1,1,0,0.497179,-1,0.497179
Hector_Babenco_0001.jpg,3,2,2,1,1,1,0.725159,0.292189,0.508674
Hector_Grullon_0001.jpg,3,1,1,1,1,0,0.574691,-1,0.574691
Hector_Mitelman_0001.jpg,3,1,2,1,1,0,0.630008,-1,0.630008
Hedayat_Amin_Arsala_0001.jpg,3,2,2,1,1,1,0.612632,0.684186,0.648409
Hee-Won_Han_0001.jpg,3,2,2,2,1,1,1.10085,0.869463,0.985156
Heidi_Fleiss_0001.jpg,3,2,2,2,0,0,-1,-1,-1
Heidi_Klum_0001.jpg,3,1,2,2,1,1,0.725495,0.144187,0.434841
Heinrich_Wolfgang_0001.jpg,3,2,1,1,1,1,0.69154,0.225945,0.458743
Heinz_Feldmann_0001.jpg,3,2,2,1,1,1,0.648098,0.539567,0.593833
Helena_Schneider_0001.jpg,3,1,2,2,1,1,0.471011,0.341986,0.406498
Helene_Eksterowicz_0001.jpg,3,1,2,2,1,1,0.697291,0.12644,0.411865
Helen_Alvare_0001.jpg,3,2,2,2,1,1,0.581497,0.500865,0.541181
Helen_Clark_0001.jpg,3,2,2,2,1,1,0.582897,0.0563257,0.319611
Helen_Darling_0001.jpg,3,2,2,2,1,1,0.654342,0.81152,0.732931
Helmut_Panke_0001.jpg,3,2,2,1,1,1,0.578204,0.504422,0.541313
Henk_Bekedam_0001.jpg,3,1,1,1,1,1,0.592598,0.471279,0.531938
Henri_Proglio_0001.jpg,3,1,2,1,1,1,0.763412,0.134535,0.448973
Henry_Castellanos_0001.jpg,3,2,2,1,1,1,1.15432,0.333982,0.744152
Henry_Hilow_0001.jpg,4,2,2,1,1,1,0.374803,0.272321,0.323562
Henry_Hyde_0001.jpg,3,2,1,1,1,0,0.647442,-1,0.647442
Henry_Kissinger_0001.jpg,4,2,1,1,1,1,0.535057,0.46066,0.497859
Henry_Suazo_0001.jpg,3,1,1,1,1,0,0.668579,-1,0.668579
Herbie_Hancock_0001.jpg,3,1,1,1,1,1,0.619744,0.36203,0.490887
Herb_Brooks_0001.jpg,2,1,1,1,1,1,0.951143,0.419721,0.685432
Herb_Dhaliwal_0001.jpg,3,2,2,1,1,1,0.663457,0.169763,0.41661
Herb_Sendek_0001.jpg,2,1,2,1,1,1,3.205,0.542326,1.87366
Hermann_Maier_0001.jpg,3,1,2,1,1,0,1.0478,-1,1.0478
Herman_Edwards_0001.jpg,3,2,2,1,1,1,0.646706,0.453776,0.550241
Herman_Moore_0001.jpg,3,1,2,1,1,1,0.595697,0.303902,0.4498
Hermes_Gamonal_0001.jpg,3,2,2,1,1,1,0.841886,0.132253,0.48707
Hermogenes_Ebdane_Jr_0001.jpg,3,2,1,1,1,0,0.822073,-1,0.822073
Hichiro_Naemura_0001.jpg,3,2,2,1,1,1,0.589726,0.299237,0.444481
Hideki_Matsui_0001.jpg,3,1,2,1,1,0,0.665997,-1,0.665997
Hideki_Sato_0001.jpg,3,1,2,1,1,0,1.22866,-1,1.22866
Hidetoshi_Nakata_0001.jpg,3,2,2,1,1,1,2.22325,1.15462,1.68894
Hikmat_al-Azzawi_0001.jpg,3,2,2,1,1,1,0.979674,0.145382,0.562528
Hilary_Duff_0001.jpg,3,1,2,2,1,1,0.832294,0.0299813,0.431138
Hilda_Fortune_0001.jpg,3,1,1,2,1,1,0.902697,0.244621,0.573659
Hillary_Clinton_0001.jpg,3,1,2,2,1,0,0.658413,-1,0.658413
Hilmi_Akin_Zorlu_0001.jpg,3,1,1,1,1,1,0.537126,0.189131,0.363128
Hilmi_Ozkok_0001.jpg,3,2,1,1,1,1,1.00592,0.289671,0.647795
Himmler_Rebu_0001.jpg,3,2,1,1,1,0,0.57593,-1,0.57593
Hipolito_Mejia_0001.jpg,3,1,1,1,1,1,0.523073,0.291969,0.407521
Hiroki_Gomi_0001.jpg,3,2,1,1,1,1,0.657936,0.0483086,0.353122
Hiroyuki_Yoshino_0001.jpg,3,1,2,1,1,1,0.743257,0.791403,0.76733
Hisao_Oguchi_0001.jpg,3,1,2,1,1,1,1.14759,0.274828,0.711207
Hisashi_Owada_0001.jpg,3,1,1,1,1,1,0.619204,0.363725,0.491464
Hisham_Halawi_0001.jpg,3,2,2,1,1,0,0.850067,-1,0.850067
Hitomi_Soga_0001.jpg,2,2,2,2,1,1,0.712358,0.297346,0.504852
Hitoshi_Oshitani_0001.jpg,3,2,1,1,1,1,0.727632,0.352306,0.539969
Hitoshi_Tanaka_0001.jpg,3,1,2,1,1,1,0.620966,0.103652,0.362309
Hoda_Asfor_0001.jpg,3,2,2,2,1,0,0.584497,-1,0.584497
Holly_Hunter_0001.jpg,2,1,2,2,1,0,1.00402,-1,1.00402
Holly_Robinson_Peete_0001.jpg,3,1,2,2,1,1,0.770148,0.452088,0.611118
Hong_Myung_0001.jpg,3,2,2,1,1,0,0.637568,-1,0.637568
Horace_Newcomb_0001.jpg,3,1,1,1,1,1,0.55438,0.0525588,0.30347
Horacio_Julio_Pina_0001.jpg,3,2,2,1,1,1,0.627831,0.526008,0.57692
Horst_Koehler_0001.jpg,3,2,2,1,1,1,1.16609,0.0313574,0.598724
Hosni_Mubarak_0001.jpg,3,1,2,1,1,1,0.63958,0.247835,0.443707
Howard_Dean_0001.jpg,3,2,2,1,1,1,0.548673,0.498976,0.523825
Howard_Ross_0001.jpg,3,1,1,1,1,0,0.560462,-1,0.560462
Howard_Schultz_0001.jpg,3,1,2,1,1,1,0.709851,0.462991,0.586421
Howard_Stern_0001.jpg,3,2,1,1,1,1,0.800219,0.389877,0.595048
Howard_Stringer_0001.jpg,3,1,1,1,1,1,0.791415,0.121967,0.456691
Howard_Wilkinson_0001.jpg,3,1,2,1,1,1,0.738451,0.23123,0.484841
Hrithik_Roshan_0001.jpg,3,2,2,1,1,1,0.761247,0.252613,0.50693
Huang_Suey-Sheng_0001.jpg,3,2,1,1,1,1,0.615985,0.701783,0.658884
Hugh_Campbell_0001.jpg,3,1,2,1,1,1,0.646533,0.196116,0.421325
Hugh_Carey_0001.jpg,3,2,2,1,1,1,0.707244,0.290619,0.498931
Hugh_Grant_0001.jpg,3,1,2,1,1,1,0.666389,0.188604,0.427496
Hugh_Hefner_0001.jpg,3,1,2,1,1,0,0.750196,-1,0.750196
Hugo_Chavez_0001.jpg,3,2,2,1,1,1,0.572914,0.624695,0.598805
Hugo_Colace_0001.jpg,3,2,2,1,1,1,0.690776,0.235702,0.463239
Humberto_Coelho_0001.jpg,3,2,2,1,1,1,0.677432,0.487366,0.582399
Humberto_Espinoza_0001.jpg,3,2,2,1,1,1,0.690626,0.67573,0.683178
Hung_Wan-ting_0001.jpg,3,2,2,2,1,1,0.756438,0.339313,0.547875
Hunter_Bates_0001.jpg,3,2,2,1,1,1,0.771255,0.105965,0.43861
Hunter_Kemper_0001.jpg,3,1,2,1,1,1,0.607009,0.329243,0.468126
Hushiar_Zebari_0001.jpg,3,2,2,1,1,1,0.911983,0.568934,0.740459
Hussein_Malik_0001.jpg,3,2,2,1,1,1,0.753774,0.29955,0.526662
Hutomo_Mandala_Putra_0001.jpg,3,1,2,1,1,1,0.970618,0.478526,0.724572
Hu_Maoyuan_0001.jpg,3,1,2,1,1,1,1.10158,0.320156,0.71087
Hwang_Doo-yun_0001.jpg,3,1,1,1,1,0,1.18415,-1,1.18415
Iain_Anderson_0001.jpg,3,2,2,1,1,0,0.655478,-1,0.655478
Iain_Duncan_Smith_0001.jpg,3,1,2,1,1,0,0.604155,-1,0.604155
Iain_Richmond_0001.jpg,3,2,2,1,1,1,0.71835,0.429783,0.574066
Ian_Campbell_0001.jpg,2,2,1,1,1,0,0.777675,-1,0.777675
Ian_Gillan_0001.jpg,3,1,2,1,1,1,0.480957,0.217863,0.34941
Ian_Huntley_0001.jpg,3,2,2,1,0,0,-1,-1,-1
Ian_Knop_0001.jpg,3,1,1,1,1,1,0.568877,0.487472,0.528174
Ian_McKellen_0001.jpg,3,1,2,1,1,0,0.702492,-1,0.702492
Ian_Moran_0001.jpg,3,2,2,1,1,1,0.498788,0.0594964,0.279142
Ian_Smith_0001.jpg,3,2,2,1,1,1,0.661848,0.31672,0.489284
Ian_Wilmut_0001.jpg,3,1,1,1,1,1,0.612741,0.0926482,0.352694
Ibrahim_Al-Marashi_0001.jpg,3,2,2,1,1,1,0.762832,0.103524,0.433178
Ibrahim_Jaafari_0001.jpg,3,2,2,1,1,1,0.637197,0.578046,0.607621
Ibrahim_Rugova_0001.jpg,3,1,1,1,1,1,0.870405,0.178468,0.524436
Idi_Amin_0001.jpg,3,2,2,1,1,1,0.604262,0.13505,0.369656
Ignacio_Antonio_Velasco_0001.jpg,3,2,1,1,1,1,0.61203,0.429824,0.520927
Igor_Ivanov_0001.jpg,3,2,2,1,1,1,0.622724,0.337931,0.480328
Ilan_Goldfajn_0001.jpg,3,2,1,1,1,1,0.734128,0.604482,0.669305
Ilan_Ramon_0001.jpg,3,1,2,1,1,1,0.738888,0.14462,0.441754
Ilham_Aliev_0001.jpg,3,2,2,1,1,1,1.12798,0.265223,0.696601
Ilie_Nastase_0001.jpg,3,2,2,1,1,1,0.5945,0.265516,0.430008
Imad_Khadduri_0001.jpg,3,1,1,1,1,1,0.547103,0.305945,0.426524
Imad_Moustapha_0001.jpg,3,1,2,1,1,1,0.763467,0.141421,0.452444
Imam_Samudra_0001.jpg,3,1,2,1,1,1,0.674082,0.108179,0.391131
Imelda_Marcos_0001.jpg,3,1,2,2,1,1,0.708321,0.221083,0.464702
Imran_Khan_0001.jpg,3,1,2,1,1,1,0.645816,0.228513,0.437165
Inam-ul-Haq_0001.jpg,3,1,1,1,0,0,-1,-1,-1
Infanta_Cristina_0001.jpg,3,1,2,2,1,0,0.907667,-1,0.907667
Inga_Hall_0001.jpg,3,2,2,2,1,0,0.715592,-1,0.715592
Inocencio_Arias_0001.jpg,3,2,2,1,1,0,0.62027,-1,0.62027
Intisar_Ajouri_0001.jpg,3,1,2,2,1,1,0.68793,0.25,0.468965
Ion_Tiriac_0001.jpg,3,2,1,1,1,1,0.559641,1.07138,0.81551
Ira_Einhorn_0001.jpg,4,2,2,1,1,0,0.470378,-1,0.470378
Irfan_Ahmed_0001.jpg,3,2,2,1,1,1,0.454387,0.482336,0.468361
Irina_Framtsova_0001.jpg,3,2,2,2,1,1,0.675496,0.197981,0.436738
Irina_Lobacheva_0001.jpg,4,1,2,2,1,1,0.6039,0.519231,0.561565
Irv_Nathan_0001.jpg,3,2,1,1,1,1,0.746391,0.0869227,0.416657
Irwan_Fadzi_Idris_0001.jpg,3,2,2,1,1,1,0.778486,0.856479,0.817482
Isabela_Moraes_0001.jpg,3,1,2,2,1,1,0.719966,0.427232,0.573599
Isabella_Rossellini_0001.jpg,2,1,2,2,1,1,1.35832,0.328798,0.843559
Isabelle_Huppert_0001.jpg,3,1,2,2,1,1,0.722554,0.22949,0.476022
Isabel_Orellana_0001.jpg,3,2,2,1,1,1,0.517207,0.138747,0.327977
Isaiah_Washington_0001.jpg,3,1,1,1,1,1,0.503411,0.467764,0.485588
Isidro_Pastor_0001.jpg,4,1,2,1,1,1,0.564372,0.235113,0.399743
Islam_Karimov_0001.jpg,3,1,2,1,1,0,0.753226,-1,0.753226
Ismail_Abu_Shanab_0001.jpg,4,2,2,1,1,1,0.394298,0.974191,0.684245
Ismail_Cem_0001.jpg,3,1,1,1,1,0,0.828567,-1,0.828567
Ismail_Khan_0001.jpg,3,1,2,1,1,1,0.600172,0.313126,0.456649
Ismail_Merchant_0001.jpg,4,1,2,1,1,0,0.68571,-1,0.68571
Itamar_Franco_0001.jpg,3,2,1,1,1,1,0.706688,0.0713276,0.389008
Itzhak_Perlman_0001.jpg,4,1,1,1,1,1,0.830666,0.391043,0.610854
Ivana_Trump_0001.jpg,3,1,2,2,1,1,1.50899,0.789885,1.14944
Ivan_Lee_0001.jpg,3,1,1,1,0,0,-1,-1,-1
Ivan_Stambolic_0001.jpg,3,1,2,1,1,0,0.558243,-1,0.558243
Iva_Majoli_0001.jpg,3,2,2,2,1,1,0.647888,0.493373,0.570631
Iveta_Benesova_0001.jpg,3,2,2,2,1,1,0.599959,0.0497519,0.324856
Ivo_Dubs_0001.jpg,3,1,2,1,1,0,0.606459,-1,0.606459
Jaap_de_Hoop_Scheffer_0001.jpg,3,1,2,1,1,1,0.596136,0.353396,0.474766
Jackie_Chan_0001.jpg,3,1,2,1,1,1,0.956987,0.175412,0.566199
Jackie_Dennis_0001.jpg,3,2,1,2,1,1,0.572953,0.148659,0.360806
Jacky_Cheung_0001.jpg,3,2,2,1,0,0,-1,-1,-1
Jack_Grubman_0001.jpg,3,2,2,1,1,1,0.58118,0.0257087,0.303444
Jack_Knowlton_0001.jpg,4,1,2,1,1,1,0.435974,0.927985,0.68198
Jack_LaLanne_0001.jpg,2,1,2,1,1,0,0.664679,-1,0.664679
Jack_Nicholson_0001.jpg,3,2,1,1,0,0,-1,-1,-1
Jack_Osbourne_0001.jpg,3,1,1,1,1,1,0.431593,1.48939,0.960492
Jack_Straw_0001.jpg,3,2,1,1,1,1,0.637467,0.40839,0.522928
Jack_Welch_0001.jpg,3,2,2,1,1,1,0.676477,0.11327,0.394874
Jacob_Frenkel_0001.jpg,3,1,1,1,1,1,0.766685,0.363904,0.565295
Jacqueline_Gold_0001.jpg,3,1,2,2,0,0,-1,-1,-1
Jacqueline_Marris_0001.jpg,2,2,2,2,1,1,1.00627,0.312867,0.659568
Jacques_Chirac_0001.jpg,3,2,2,1,1,1,0.752734,0.123129,0.437932
Jacques_Kallis_0001.jpg,3,2,2,1,1,0,0.604918,-1,0.604918
Jacques_Rogge_0001.jpg,2,2,2,1,1,1,0.832636,0.171586,0.502111
Jacques_Villeneuve_0001.jpg,3,1,1,1,1,1,0.637028,0.157841,0.397435
Jada_Pinkett_Smith_0001.jpg,3,1,2,2,1,1,0.401717,0.211656,0.306687
Jade_Jagger_0001.jpg,3,1,2,2,1,1,0.815776,0.0807438,0.44826
Jaime_Orti_0001.jpg,2,1,2,1,1,0,0.813211,-1,0.813211
Jaime_Pressly_0001.jpg,3,1,2,2,1,1,0.58221,0.251151,0.416681
Jake_Brace_0001.jpg,3,2,2,1,1,1,0.835867,0.339935,0.587901
Jake_Gyllenhaal_0001.jpg,3,1,2,1,1,0,0.911842,-1,0.911842
Jake_Plummer_0001.jpg,3,2,2,1,1,0,0.651775,-1,0.651775
Jalal_Talabani_0001.jpg,3,1,1,1,1,0,0.700677,-1,0.700677
Jalen_Rose_0001.jpg,3,1,2,1,1,1,0.780276,0.528813,0.654544
James_Baker_0001.jpg,3,2,2,1,1,1,0.693694,0.242536,0.468115
James_Ballenger_0001.jpg,3,2,2,1,1,1,0.849231,0.0563884,0.45281
James_Barksdale_0001.jpg,3,2,2,1,0,0,-1,-1,-1
James_Becker_0001.jpg,4,2,2,1,1,1,0.938015,0.327473,0.632744
James_Blake_0001.jpg,3,2,2,1,1,1,0.791953,0.116248,0.4541
James_Brazelton_0001.jpg,3,2,2,1,1,1,0.776697,0.246439,0.511568
James_Brosnahan_0001.jpg,3,2,1,1,1,1,0.795933,0.409279,0.602606
James_Caan_0001.jpg,3,1,2,1,1,1,0.585401,0.509251,0.547326
James_Cameron_0001.jpg,3,1,1,1,1,1,1.16118,0.382821,0.772002
James_Carville_0001.jpg,2,2,1,1,1,1,0.779511,0.0802821,0.429896
James_Coburn_0001.jpg,3,2,2,1,0,0,-1,-1,-1
James_Coviello_0001.jpg,3,2,1,1,1,0,1.1377,-1,1.1377
James_Cunningham_0001.jpg,3,2,2,1,1,1,0.99749,0.355376,0.676433
James_Dingemans_0001.jpg,3,2,2,1,1,1,0.60316,0.290989,0.447075
James_Franco_0001.jpg,3,1,2,1,1,1,0.664596,0.0894427,0.377019
James_Gandolfini_0001.jpg,3,1,2,1,1,1,0.81546,0.229054,0.522257
James_Gibson_0001.jpg,4,1,2,1,1,0,0.47308,-1,0.47308
James_Hakett_0001.jpg,3,1,2,1,1,1,0.674928,0.336336,0.505632
James_Harris_0001.jpg,3,2,2,1,0,0,-1,-1,-1
James_Hill_0001.jpg,3,2,1,1,1,1,0.654166,0.372336,0.513251
James_Hoffa_0001.jpg,3,1,2,1,1,1,0.483451,0.933598,0.708524
James_Ivory_0001.jpg,3,1,2,1,0,0,-1,-1,-1
James_Kelly_0001.jpg,3,1,2,1,1,0,0.453042,-1,0.453042
James_Kirtley_0001.jpg,3,2,2,1,1,1,0.527432,0.530917,0.529175
James_Kopp_0001.jpg,3,2,1,1,1,1,0.58465,0.447214,0.515932
James_Layug_0001.jpg,3,2,2,1,1,0,0.854983,-1,0.854983
James_Lockhart_0001.jpg,2,2,1,1,1,1,1.2451,0.406043,0.825573
James_Maguire_0001.jpg,3,2,1,1,1,1,0.613305,0.175412,0.394358
James_McGreevey_0001.jpg,3,1,2,1,0,0,-1,-1,-1
James_McMahon_0001.jpg,3,2,1,1,1,0,0.791169,-1,0.791169
James_McPherson_0001.jpg,3,1,2,1,1,1,0.600398,0.279701,0.44005
James_Meeks_0001.jpg,3,2,2,1,1,1,0.708258,0.0959521,0.402105
James_Meredeth_0001.jpg,3,1,2,1,1,1,0.470019,0.321081,0.39555
James_Morris_0001.jpg,3,1,2,1,1,1,0.552978,0.444472,0.498725
James_Murdoch_0001.jpg,3,1,1,1,1,1,1.17915,0.210819,0.694986
James_Phelps_0001.jpg,3,1,2,1,1,1,2.47027,1.13446,1.80236
James_Robertson_Jr_0001.jpg,3,1,2,1,1,0,0.715309,-1,0.715309
James_Sensenbrenner_0001.jpg,3,2,1,1,1,0,0.558629,-1,0.558629
James_Smith_0001.jpg,3,2,1,1,1,1,1.46357,0.0304855,0.747026
James_Spalding_0001.jpg,3,2,1,1,1,1,0.698674,0.319948,0.509311
James_Traficant_0001.jpg,3,2,1,1,1,1,2.07686,0.903877,1.49037
James_Wallack_0001.jpg,3,2,2,1,1,1,0.596019,0.602715,0.599367
James_Watt_0001.jpg,3,1,1,1,1,0,0.476518,-1,0.476518
James_Williams_0001.jpg,3,1,1,1,1,1,1.81355,0.596456,1.205
James_Wolfensohn_0001.jpg,3,1,2,1,1,1,0.699518,0.367363,0.533441
James_W_Kennedy_0001.jpg,3,1,2,1,1,1,0.737844,0.203186,0.470515
James_Young_0001.jpg,3,2,2,1,1,0,0.846466,-1,0.846466
Jamie_Carey_0001.jpg,3,1,2,2,1,1,0.444885,0.50953,0.477208
Jamie_Dimon_0001.jpg,3,2,2,1,1,1,0.701211,0.181645,0.441428
Jamie_King_0001.jpg,4,1,2,2,1,1,0.587192,0.420212,0.503702
Jamie_Martin_0001.jpg,3,2,2,1,1,1,0.741175,0.591245,0.66621
Jamie_Olis_0001.jpg,3,1,2,1,1,1,0.609864,0.238342,0.424103
Jamie_Villafane_0001.jpg,3,2,2,1,1,1,0.735539,0.497859,0.616699
Jamir_Miller_0001.jpg,3,1,2,1,1,1,0.766449,0.216272,0.49136
Jamling_Norgay_0001.jpg,3,1,2,1,1,1,0.638305,0.171499,0.404902
Jan-Michael_Gambill_0001.jpg,3,2,2,1,1,1,0.690522,0.338705,0.514613
Jana_Henke_0001.jpg,3,2,2,1,1,1,0.705605,0.357598,0.531601
Janela_Jara_0001.jpg,3,2,2,2,1,0,0.614886,-1,0.614886
Janette_Husarova_0001.jpg,2,1,2,2,1,1,0.963974,0.038222,0.501098
Janet_Chandler_0001.jpg,3,1,2,2,1,1,0.755322,0.189494,0.472408
Janet_Crawford_0001.jpg,3,2,1,2,1,1,0.685815,0.273193,0.479504
Janet_Ecker_0001.jpg,3,2,1,2,1,1,0.734092,0.352875,0.543484
Janet_Horvath_0001.jpg,2,2,1,2,1,1,0.914417,0.625287,0.769852
Janet_Leigh_0001.jpg,3,1,2,2,1,1,0.631314,0.431818,0.531566
Janet_Napolitano_0001.jpg,3,1,2,2,1,0,0.534867,-1,0.534867
Janet_Thorpe_0001.jpg,3,2,2,2,1,1,0.630639,0.177686,0.404162
Janez_Drnovsek_0001.jpg,3,1,2,1,1,1,0.676243,0.659063,0.667653
Jane_Clayson_0001.jpg,3,1,2,2,1,1,1.18944,0.0633565,0.626401
Jane_Fonda_0001.jpg,3,1,1,2,1,0,0.7158,-1,0.7158
Jane_Kaczmarek_0001.jpg,3,1,2,2,1,1,0.657861,0.129226,0.393543
Jane_Krakowski_0001.jpg,3,1,2,2,1,1,0.699625,0.0720189,0.385822
Jane_Leeves_0001.jpg,3,1,2,2,1,0,0.785074,-1,0.785074
Jane_Menelaus_0001.jpg,3,1,2,2,1,0,1.07968,-1,1.07968
Jane_Pauley_0001.jpg,3,1,2,2,1,1,0.715042,0.407251,0.561147
Jane_Riley_0001.jpg,3,1,1,2,0,0,-1,-1,-1
Jane_Rooney_0001.jpg,3,1,2,2,1,1,0.766334,0.0263067,0.39632
Jane_Russell_0001.jpg,3,1,2,2,1,0,0.655534,-1,0.655534
Jane_Walker_Wood_0001.jpg,3,1,2,2,1,0,0.647262,-1,0.647262
Janica_Kostelic_0001.jpg,3,1,2,2,1,1,0.676227,0.397499,0.536863
Janice_Abreu_0001.jpg,3,1,2,2,1,1,0.748599,0.115002,0.431801
Janice_Goldfinger_0001.jpg,2,1,1,2,1,1,1.6497,0.283801,0.966752
Janis_Ruth_Coulter_0001.jpg,3,1,2,2,1,1,0.656128,0.0806347,0.368381
Janusz_Kaminski_0001.jpg,3,1,1,1,1,1,1.1353,0.33866,0.736979
Jan_De_Bont_0001.jpg,3,1,2,1,1,1,0.585717,0.533077,0.559397
Jan_Pronk_0001.jpg,3,2,1,1,1,1,0.900416,0.0216574,0.461037
Jan_van_Breda_Kolff_0001.jpg,3,1,2,1,1,1,0.597765,0.208362,0.403063
Jason_Biggs_0001.jpg,3,1,2,1,1,1,0.579941,0.209852,0.394897
Jason_Campbell_0001.jpg,3,2,2,1,1,1,0.581493,0.446784,0.514139
Jason_Kapono_0001.jpg,3,1,2,1,1,1,0.669436,0.158114,0.413775
Jason_Keep_0001.jpg,2,1,2,1,1,1,0.89486,0.20044,0.54765
Jason_Kidd_0001.jpg,3,2,2,1,1,1,0.820541,0.0601711,0.440356
Jason_Mewes_0001.jpg,4,1,2,1,1,1,0.737318,0.403771,0.570545
Jason_Petty_0001.jpg,3,1,2,1,1,1,0.565131,0.234722,0.399926
Jason_Priestley_0001.jpg,3,2,2,1,1,1,0.557855,0.289742,0.423799
Jason_Sorens_0001.jpg,3,1,2,1,1,1,1.17544,0.258911,0.717173
Jason_Statham_0001.jpg,3,1,2,1,1,1,0.805511,0.425436,0.615474
Jason_Vale_0001.jpg,3,1,2,1,1,1,0.7134,0.161281,0.43734
Javier_Camara_0001.jpg,3,1,1,1,1,1,0.525791,0.651391,0.588591
Javier_Saviola_0001.jpg,3,1,2,1,1,0,0.634689,-1,0.634689
Javier_Vargas_0001.jpg,3,1,2,1,1,0,0.587172,-1,0.587172
Javier_Vazquez_0001.jpg,3,2,2,1,1,1,0.791422,0.367013,0.579217
Javier_Zanetti_0001.jpg,3,2,2,1,1,0,0.591205,-1,0.591205
Jawad_Boulus_0001.jpg,3,2,1,1,1,1,0.99717,0.20112,0.599145
Jaymon_Crabb_0001.jpg,4,1,2,1,1,0,0.608668,-1,0.608668
Jayne_Yarris_0001.jpg,4,2,2,2,0,0,-1,-1,-1
Jayson_Williams_0001.jpg,3,2,2,1,1,1,0.70349,0.41947,0.56148
Jay_Garner_0001.jpg,3,2,1,1,1,1,0.702175,0.227837,0.465006
Jay_Leno_0001.jpg,3,2,2,1,1,1,0.602439,0.358513,0.480476
Jay_Rasulo_0001.jpg,3,2,1,1,1,0,0.557987,-1,0.557987
Jean-Claude_Braquet_0001.jpg,3,2,2,1,1,1,0.67817,0.613937,0.646054
Jean-Claude_Juncker_0001.jpg,3,2,1,1,1,1,0.670741,0.271803,0.471272
Jean-Claude_Trichet_0001.jpg,3,1,2,1,1,0,0.587184,-1,0.587184
Jean-Claude_Van_Damme_0001.jpg,3,1,2,1,1,1,0.666562,0.167692,0.417127
Jean-David_Levitte_0001.jpg,3,2,1,1,1,1,0.644185,0.330477,0.487331
Jean-Francois_Pontal_0001.jpg,3,1,2,1,1,0,0.745602,-1,0.745602
Jean-Luc_Bideau_0001.jpg,3,1,2,1,1,1,0.51399,0.598558,0.556274
Jean-Marc_de_La_Sabliere_0001.jpg,4,1,1,1,0,0,-1,-1,-1
Jean-Pierre_Bemba_0001.jpg,3,2,2,1,1,1,0.624869,0.633063,0.628966
Jean-Rene_Fourtou_0001.jpg,3,1,2,1,1,1,0.621597,0.622161,0.621879
Jeane_Kirkpatrick_0001.jpg,3,2,2,2,1,1,0.587532,0.515805,0.551669
Jeannette_Biedermann_0001.jpg,3,1,1,2,1,1,0.488334,0.278009,0.383172
Jeanne_Anne_Schroeder_0001.jpg,3,1,2,2,1,1,0.596338,0.183947,0.390142
Jean_Brumley_0001.jpg,3,1,2,2,1,1,0.660687,0.0772539,0.368971
Jean_Carnahan_0001.jpg,3,2,2,2,1,1,0.937403,0.225171,0.581287
Jean_Charest_0001.jpg,3,1,2,1,1,1,0.59587,0.213367,0.404618
Jean_Chretien_0001.jpg,2,1,2,1,1,1,0.701022,0.36162,0.531321
Jean_Nagel_0001.jpg,3,1,2,2,1,0,0.615655,-1,0.615655
Jean_Todt_0001.jpg,2,1,2,1,1,1,0.756701,0.0300828,0.393392
Jefferson_Perez_0001.jpg,2,2,2,1,0,0,-1,-1,-1
Jeffery_Hendren_0001.jpg,2,1,1,1,1,1,1.55796,0.0806347,0.819297
Jeffrey_Archer_0001.jpg,2,1,1,1,1,1,0.736853,0.325836,0.531344
Jeffrey_Ashby_0001.jpg,3,1,2,1,1,0,1.12996,-1,1.12996
Jeffrey_Jones_0001.jpg,3,2,2,1,1,0,0.818132,-1,0.818132
Jeffrey_Scott_Postell_0001.jpg,3,1,2,1,1,1,1.13323,0,0.566615
Jeff_Bridges_0001.jpg,3,1,2,1,1,1,0.571962,0.20601,0.388986
Jeff_Dederian_0001.jpg,3,2,2,1,1,0,0.689477,-1,0.689477
Jeff_Hornacek_0001.jpg,3,2,2,1,1,0,0.63666,-1,0.63666
Jeff_Roehm_0001.jpg,3,2,2,1,1,1,0.656474,0.515733,0.586104
Jeff_Schiffner_0001.jpg,2,2,2,1,0,0,-1,-1,-1
Jeff_Van_Gundy_0001.jpg,3,2,2,1,1,1,0.676743,0.207112,0.441927
Jelena_Dokic_0001.jpg,3,2,2,2,1,1,0.57193,0.29385,0.43289
Jenna_Elfman_0001.jpg,3,1,2,2,1,1,1.66982,1.14941,1.40961
Jennette_Bradley_0001.jpg,3,1,2,2,1,0,0.629659,-1,0.629659
Jennie_Finch_0001.jpg,3,2,2,2,1,0,0.806756,-1,0.806756
Jennie_Garth_0001.jpg,3,1,2,2,1,1,0.68379,0.178662,0.431226
Jennifer_Connelly_0001.jpg,3,1,2,2,1,1,0.726008,0.195454,0.460731
Jennifer_Furminger_0001.jpg,2,2,2,2,1,1,1.0526,0.464474,0.758538
Jennifer_Garner_0001.jpg,3,1,2,2,1,1,0.690578,0.13573,0.413154
Jennifer_Granholm_0001.jpg,3,2,2,2,1,1,0.588793,0.572024,0.580408
Jennifer_Gratz_0001.jpg,4,2,2,2,1,1,0.459878,0.892297,0.676088
Jennifer_Keller_0001.jpg,3,2,2,2,1,1,0.664907,0.0782154,0.371561
Jennifer_Lopez_0001.jpg,3,1,2,2,1,1,0.673508,0.246932,0.46022
Jennifer_Love_Hewitt_0001.jpg,3,1,2,2,1,0,0.562926,-1,0.562926
Jennifer_McCoy_0001.jpg,2,2,2,2,1,1,0.979849,0.473432,0.726641
Jennifer_Pena_0001.jpg,3,2,2,2,1,1,0.589786,0.439311,0.514549
Jennifer_Rodriguez_0001.jpg,3,2,2,2,1,1,0.993381,0.183518,0.588449
Jennifer_Tilly_0001.jpg,3,1,2,2,1,1,0.624723,0.364649,0.494686
Jenny_Romero_0001.jpg,3,2,2,2,1,0,0.74106,-1,0.74106
Jens_Lehmann_0001.jpg,3,2,2,1,1,1,0.604122,0.761707,0.682915
Jen_Schefft_0001.jpg,3,1,2,2,1,0,0.751974,-1,0.751974
Jeong_Se-hyun_0001.jpg,3,2,1,1,1,1,0.626646,0.367607,0.497127
Jerelle_Kraus_0001.jpg,3,2,2,2,1,1,0.619038,0.331042,0.47504
Jeremy_Gompertz_0001.jpg,4,2,2,1,1,1,0.526665,0.572019,0.549342
Jeremy_Wotherspoon_0001.jpg,3,2,2,1,1,1,1.30304,0.196057,0.749546
Jeri_Ryan_0001.jpg,3,1,2,2,1,1,0.561646,0.126033,0.343839
Jerome_Golmard_0001.jpg,3,2,2,1,1,1,0.785043,0.610397,0.69772
Jerome_Jenkins_0001.jpg,3,2,2,1,1,1,0.655584,0.102896,0.37924
Jerry_Angelo_0001.jpg,3,2,1,1,1,1,0.693831,0.175412,0.434621
Jerry_Colangelo_0001.jpg,3,1,2,1,1,1,0.707065,0.144648,0.425857
Jerry_Falwell_0001.jpg,3,1,2,1,1,1,1.18248,0.212847,0.697663
Jerry_Hall_0001.jpg,3,1,2,2,1,1,0.570238,0.28201,0.426124
Jerry_Jones_0001.jpg,3,1,2,1,1,1,0.529821,0.223392,0.376606
Jerry_Lewis_0001.jpg,3,2,2,1,1,1,1.24116,0.186177,0.713667
Jerry_Oliver_0001.jpg,2,2,2,1,1,1,1.0947,0.883883,0.989294
Jerry_Pauley_0001.jpg,3,2,1,1,1,1,0.739602,0.238162,0.488882
Jerry_Seinfeld_0001.jpg,3,1,2,1,1,1,0.618358,0.426032,0.522195
Jerry_Sexton_0001.jpg,3,1,2,1,1,0,0.710079,-1,0.710079
Jerry_Springer_0001.jpg,3,2,1,1,1,1,0.522311,0.159185,0.340748
Jerry_Tarkanian_0001.jpg,3,1,1,1,1,1,1.24253,0.371221,0.806875
Jesse_Helms_0001.jpg,2,1,1,1,1,1,0.888637,0.0942004,0.491419
Jesse_James_0001.jpg,3,2,2,1,1,1,0.815779,0.34999,0.582885
Jesse_James_Leija_0001.jpg,3,2,2,1,1,1,0.731367,0.258606,0.494987
Jesse_Ventura_0001.jpg,4,2,2,1,1,1,0.506401,0.626365,0.566383
Jessica_Alba_0001.jpg,3,1,2,2,1,1,0.76719,0.0657635,0.416477
Jessica_Biel_0001.jpg,3,1,2,2,1,1,0.540725,0.377354,0.459039
Jessica_Brungo_0001.jpg,4,2,2,2,0,0,-1,-1,-1
Jessica_Capshaw_0001.jpg,3,1,2,2,1,1,1.45893,0.158114,0.808522
Jessica_Lange_0001.jpg,3,1,1,2,0,0,-1,-1,-1
Jessica_Lynch_0001.jpg,3,1,2,2,1,1,0.748702,0.0830455,0.415874
Jessica_Simpson_0001.jpg,3,1,2,2,1,1,0.672688,0.376366,0.524527
Jesus_Cardenal_0001.jpg,2,2,2,1,1,1,0.839788,0.167105,0.503446
Jewel_Howard-Taylor_0001.jpg,3,1,2,2,1,1,0.589404,0.127631,0.358517
Jimmy_Carter_0001.jpg,3,2,2,1,1,0,0.540076,-1,0.540076
Jimmy_Gurule_0001.jpg,3,2,2,1,1,1,0.794702,0.0655122,0.430107
Jimmy_Iovine_0001.jpg,2,1,1,1,1,1,0.802005,0.262342,0.532173
Jimmy_Jimenez_0001.jpg,3,1,1,1,1,1,0.665254,0.310597,0.487925
Jimmy_Kimmel_0001.jpg,3,1,2,1,1,1,0.692562,0.0764943,0.384528
Jimmy_Lee_0001.jpg,3,2,1,1,1,1,0.766483,0.114527,0.440505
Jimmy_Smits_0001.jpg,3,1,1,1,1,1,0.759962,0.0485071,0.404234
Jimmy_Szymanski_0001.jpg,3,2,2,1,1,1,0.671122,0.692046,0.681584
Jim_Abbott_0001.jpg,3,1,2,1,0,0,-1,-1,-1
Jim_Ahern_0001.jpg,3,1,2,1,1,1,0.710726,0.155509,0.433117
Jim_Anderson_0001.jpg,3,1,2,1,1,1,0.717081,0.223165,0.470123
Jim_Beattie_0001.jpg,2,2,2,1,1,0,0.766326,-1,0.766326
Jim_Bollman_0001.jpg,3,2,2,1,1,0,0.798104,-1,0.798104
Jim_Bunning_0001.jpg,3,1,1,1,1,1,1.95271,1.11909,1.5359
Jim_Calhoun_0001.jpg,4,2,2,1,1,1,0.422512,0.568767,0.49564
Jim_Doyle_0001.jpg,4,1,2,1,1,0,0.573267,-1,0.573267
Jim_Fassel_0001.jpg,3,2,2,1,1,0,0.51915,-1,0.51915
Jim_Flaherty_0001.jpg,3,2,2,1,1,0,0.688247,-1,0.688247
Jim_Freudenberg_0001.jpg,3,2,2,1,1,1,0.775685,0.463459,0.619572
Jim_Furyk_0001.jpg,3,2,2,1,1,1,0.946795,0.244592,0.595693
Jim_Greenwood_0001.jpg,3,2,1,1,1,1,0.586924,0.431973,0.509449
Jim_Hahn_0001.jpg,3,1,2,1,1,1,0.751125,0.0697241,0.410424
Jim_Hardin_0001.jpg,2,2,2,1,1,1,0.939689,0.217758,0.578723
Jim_Harrick_0001.jpg,4,1,2,1,1,1,0.517508,0.331295,0.424401
Jim_Haslett_0001.jpg,2,2,2,1,1,1,0.796737,0.110432,0.453584
Jim_Jeffords_0001.jpg,3,1,2,1,1,1,0.639303,0.558812,0.599057
Jim_Kelly_0001.jpg,4,1,2,1,1,1,0.537031,0.418073,0.477552
Jim_Leach_0001.jpg,3,1,2,1,1,1,0.63536,0.086508,0.360934
Jim_Letten_0001.jpg,3,2,2,1,1,1,0.628287,0.271297,0.449792
Jim_Nochols_0001.jpg,3,1,2,1,1,0,0.606678,-1,0.606678
Jim_OBrien_0001.jpg,3,1,2,1,1,1,0.515249,0.67332,0.594285
Jim_Otto_0001.jpg,4,1,2,1,1,0,0.461678,-1,0.461678
Jim_Parque_0001.jpg,3,2,2,1,1,0,0.760509,-1,0.760509
Jim_Ryan_0001.jpg,3,1,2,1,1,1,1.20841,0.0938488,0.651127
Jim_Schwarz_0001.jpg,3,1,1,1,1,1,0.839407,0.0665743,0.452991
Jim_Sterk_0001.jpg,3,2,1,1,1,1,0.600307,0.230489,0.415398
Jim_Talent_0001.jpg,3,2,1,1,1,1,0.816116,0.287406,0.551761
Jim_Taylor_0001.jpg,4,1,2,1,1,1,0.486291,0.54069,0.513491
Jim_Thome_0001.jpg,3,1,2,1,1,1,0.609437,0.426267,0.517852
Jim_Tressel_0001.jpg,3,1,2,1,1,1,1.37726,0.158993,0.768127
Jim_Wall_0001.jpg,3,1,1,1,1,0,0.544877,-1,0.544877
Jim_Wessling_0001.jpg,3,1,2,1,1,1,0.581723,0.286849,0.434286
Jim_Wong_0001.jpg,3,2,1,1,1,1,0.621703,0.25879,0.440247
JJ_Redick_0001.jpg,3,2,2,1,1,1,0.65236,0.187698,0.420029
JK_Rowling_0001.jpg,3,1,2,2,1,1,0.593998,0.0730838,0.333541
Joanna_Poitier_0001.jpg,3,1,2,2,1,1,0.527973,0.445837,0.486905
Joanne_Woodward_0001.jpg,3,1,2,2,1,0,0.658693,-1,0.658693
Joan_Collins_0001.jpg,3,1,2,2,1,1,0.757914,0.0515437,0.404729
Joan_Jett_0001.jpg,3,1,2,2,1,1,0.812617,0.162483,0.48755
Joan_Laporta_0001.jpg,3,1,2,1,1,1,0.914414,0.139754,0.527084
Joao_Rocha_0001.jpg,2,2,1,1,1,1,0.761415,0.409787,0.585601
Joaquim_Levy_0001.jpg,3,1,1,1,1,1,0.932824,0.161988,0.547406
Joaquin_Sanchez_0001.jpg,2,2,2,1,1,1,1.26924,0.762527,1.01588
Job_Cohen_0001.jpg,3,1,2,1,1,0,0.592589,-1,0.592589
Jodie_Foster_0001.jpg,4,1,2,2,1,1,0.67665,0.264386,0.470518
Jodie_Henry_0001.jpg,3,1,2,2,1,0,0.512768,-1,0.512768
Jodie_Kidd_0001.jpg,3,1,2,2,1,1,0.729423,0.192842,0.461133
Jody_Richards_0001.jpg,3,1,1,1,1,1,0.689676,0.715891,0.702783
Joel_Gallen_0001.jpg,3,1,2,1,1,1,0.828877,0.601042,0.714959
Joel_Todd_0001.jpg,3,2,1,1,1,0,0.685341,-1,0.685341
Joerg_Haider_0001.jpg,3,2,2,1,1,1,0.769824,0.816333,0.793079
Joey_Harrington_0001.jpg,3,1,2,1,1,1,0.7852,0.18772,0.48646
Joey_Mantia_0001.jpg,3,1,1,1,1,1,1.02121,0.23824,0.629725
Joe_Calzaghe_0001.jpg,3,1,2,1,1,0,0.620437,-1,0.620437
Joe_Darrell_0001.jpg,3,1,2,1,1,1,0.722723,0.156174,0.439448
Joe_DeLamielleure_0001.jpg,3,1,2,1,1,1,0.698502,0.184598,0.44155
Joe_Dicaro_0001.jpg,3,2,2,1,1,0,0.610394,-1,0.610394
Joe_Dumars_0001.jpg,3,1,2,1,1,0,0.581566,-1,0.581566
Joe_Garner_0001.jpg,3,1,2,1,1,1,0.687035,0.20465,0.445842
Joe_Gatti_0001.jpg,3,1,2,1,1,1,0.756982,0.23575,0.496366
Joe_Glover_0001.jpg,3,2,2,1,1,1,0.541005,0.291986,0.416495
Joe_Lieberman_0001.jpg,3,1,2,1,1,1,0.985472,0.246274,0.615873
Joe_Mantegna_0001.jpg,2,2,2,1,1,0,1.03404,-1,1.03404
Joe_Metz_0001.jpg,3,1,2,1,1,1,0.786518,0.151138,0.468828
Joe_Nichols_0001.jpg,2,1,2,1,1,1,0.785948,0.145671,0.46581
Joe_Paterno_0001.jpg,3,1,1,1,1,1,0.533183,0.276608,0.404895
Joe_Strummer_0001.jpg,3,2,2,1,1,1,0.767488,0.192807,0.480148
Joe_Torre_0001.jpg,2,1,2,1,1,0,0.75505,-1,0.75505
Joe_Vandever_0001.jpg,4,2,1,1,1,1,0.651488,0.339208,0.495348
Johannes_Rau_0001.jpg,3,1,2,1,1,1,0.597597,0.192923,0.39526
Johnnie_Lynn_0001.jpg,3,1,2,1,1,1,0.542065,0.972063,0.757064
Johnny_Benson_0001.jpg,3,1,2,1,1,1,0.666857,0.0213346,0.344096
Johnny_Carson_0001.jpg,3,1,2,1,0,0,-1,-1,-1
Johnny_Htu_0001.jpg,3,2,2,2,1,1,1.36038,0.133333,0.746856
Johnny_Unitas_0001.jpg,3,1,2,1,1,0,0.799934,-1,0.799934
Johnson_Panjaitan_0001.jpg,3,2,2,1,1,0,1.10564,-1,1.10564
John_Allen_Muhammad_0001.jpg,3,2,2,1,1,1,0.661118,1.35903,1.01007
John_Baldacci_0001.jpg,3,2,2,1,1,0,0.755588,-1,0.755588
John_Belushi_0001.jpg,3,1,2,1,1,0,0.805204,-1,0.805204
John_Blaney_0001.jpg,3,2,1,1,1,1,0.955879,0.227382,0.59163
John_Bolton_0001.jpg,3,2,1,1,1,1,0.616351,0.143245,0.379798
John_Bond_0001.jpg,3,2,1,1,1,1,0.652669,0.380834,0.516752
John_Burnett_0001.jpg,3,2,2,1,1,0,0.669628,-1,0.669628
John_Coomber_0001.jpg,3,2,1,1,1,1,0.581626,0.441392,0.511509
John_Cornyn_0001.jpg,3,2,2,1,1,1,0.634753,0.235164,0.434958
John_Cruz_0001.jpg,3,1,1,1,1,0,0.663344,-1,0.663344
John_Dallager_0001.jpg,3,2,1,1,1,1,0.519962,0.349427,0.434695
John_Danforth_0001.jpg,3,1,2,1,1,1,0.531365,0.52479,0.528077
John_Darby_0001.jpg,3,1,2,1,1,1,0.560826,0.336786,0.448806
John_Duprey_0001.jpg,3,2,2,1,1,1,0.663883,0.530991,0.597437
John_Eastman_0001.jpg,3,2,2,1,1,1,1.17356,0.12335,0.648457
John_Eder_0001.jpg,3,1,2,1,1,0,0.546806,-1,0.546806
John_Edwards_0001.jpg,3,2,2,1,1,1,1.41081,0.222977,0.816892
John_Elway_0001.jpg,3,2,2,1,1,1,0.580669,0.441419,0.511044
John_Engler_0001.jpg,3,2,1,1,1,1,1.43829,0.313905,0.876096
John_Fox_0001.jpg,3,2,2,1,1,1,0.731755,0.109687,0.420721
John_Franco_0001.jpg,3,2,2,1,1,1,0.627306,0.305531,0.466418
John_F_Kennedy_Jr_0001.jpg,3,2,2,1,1,1,0.696913,0.618459,0.657686
John_Garamendi_0001.jpg,3,1,2,1,1,1,1.21076,0.174501,0.69263
John_Geoghan_0001.jpg,4,1,2,1,1,1,0.445775,0.498438,0.472107
John_Goold_0001.jpg,3,2,1,1,1,1,0.674088,0.027929,0.351008
John_Gordnick_0001.jpg,3,2,2,1,1,1,0.75317,0.274874,0.514022
John_Gruden_0001.jpg,3,2,2,1,1,1,0.753234,0.241237,0.497236
John_Hartson_0001.jpg,3,2,2,1,1,1,0.550527,0.371005,0.460766
John_Henry_0001.jpg,4,2,1,2,1,1,0.603854,0.496938,0.550396
John_Herrington_0001.jpg,3,1,2,1,0,0,-1,-1,-1
John_Howard_0001.jpg,3,1,1,1,1,0,0.600997,-1,0.600997
John_Jones_0001.jpg,3,1,2,1,1,1,0.490778,0.442658,0.466718
John_Kerr_0001.jpg,3,2,2,1,1,1,0.979316,0.335909,0.657613
John_Kerry_0001.jpg,3,2,2,1,1,1,0.772463,0.175788,0.474125
John_Lawrence_0001.jpg,3,2,1,1,1,1,0.642677,0.15886,0.400768
John_Lennon_0001.jpg,3,2,2,1,1,1,1.25476,0.240303,0.747534
John_Lisowski_0001.jpg,3,2,2,1,1,1,0.772263,0.190573,0.481418
John_Lithgow_0001.jpg,3,2,2,1,1,1,0.711583,0.113284,0.412433
John_Lynch_0001.jpg,3,2,2,1,1,1,0.691474,0.203289,0.447382
John_Mabry_0001.jpg,3,2,2,1,1,0,0.745274,-1,0.745274
John_Madden_0001.jpg,3,2,2,1,0,0,-1,-1,-1
John_Malkovich_0001.jpg,3,1,2,1,1,1,0.99071,0.335901,0.663305
John_Manley_0001.jpg,3,2,2,1,1,1,0.649212,0.270985,0.460099
John_Mayer_0001.jpg,3,1,2,1,1,1,0.748939,0,0.374469
