image,pose,smile,glasses,gender,eye_detected,mouth_detected,eye_nme,mouth_nme,combined_nme
Aaron_Eckhart_0001.jpg,3,2,2,1,0,0,-1,-1,-1
Aaron_Guiel_0001.jpg,3,1,2,1,1,1,0.558315,1.16078,0.859549
Aaron_Peirsol_0001.jpg,3,1,2,1,1,0,0.551075,-1,0.551075
Aaron_Pena_0001.jpg,3,2,2,1,1,1,0.809352,1.09092,0.950134
Aaron_Sorkin_0001.jpg,3,1,2,1,1,1,0.472565,0.549063,0.510814
Aaron_Tippin_0001.jpg,4,2,2,1,1,1,0.54461,0.504107,0.524358
Abba_Eban_0001.jpg,3,1,1,1,0,0,-1,-1,-1
Abdel_Aziz_Al-Hakim_0001.jpg,4,1,1,1,1,1,0.622807,0.580448,0.601627
Abdel_Nasser_Assidi_0001.jpg,3,2,2,1,1,1,0.475507,0.388613,0.43206
Abdulaziz_Kamilov_0001.jpg,3,2,2,1,1,1,0.458617,0.5,0.479308
Abdullah_0001.jpg,3,2,2,1,0,0,-1,-1,-1
Abdullah_al-Attiyah_0001.jpg,2,2,2,1,1,1,0.99712,0.917105,0.957112
Abdullah_Gul_0001.jpg,3,2,2,1,0,0,-1,-1,-1
Abdullatif_Sener_0001.jpg,3,2,2,1,0,0,-1,-1,-1
Abdul_Majeed_Shobokshi_0001.jpg,5,2,1,1,1,1,0.740041,0.777755,0.758898
Abel_Aguilar_0001.jpg,3,2,2,1,1,1,0.514956,0.478913,0.496935
Abner_Martinez_0001.jpg,3,1,2,1,0,0,-1,-1,-1
Adam_Ant_0001.jpg,3,2,2,1,1,1,0.558428,0.346744,0.452586
Adam_Herbert_0001.jpg,3,2,1,1,0,0,-1,-1,-1
Adam_Mair_0001.jpg,3,2,2,1,1,1,0.66774,0.230705,0.449222
Adam_Rich_0001.jpg,3,2,2,1,1,0,0.586904,-1,0.586904
Adelina_Avila_0001.jpg,3,2,1,2,1,1,0.510496,0.63638,0.573438
Adel_Al-Jubeir_0001.jpg,3,2,2,1,1,1,0.520659,0.143822,0.332241
Adisai_Bodharamik_0001.jpg,3,2,1,1,1,0,0.543996,-1,0.543996
Adolfo_Aguilar_Zinser_0001.jpg,3,2,1,1,0,0,-1,-1,-1
Adoor_Gopalakarishnan_0001.jpg,3,2,1,1,0,0,-1,-1,-1
Adriana_Perez_Navarro_0001.jpg,3,1,2,2,1,1,0.646549,0.60692,0.626735
Adrianna_Zuzic_0001.jpg,3,2,2,2,1,1,0.604874,0.850357,0.727615
Adrian_Annus_0001.jpg,4,2,2,1,1,1,0.966331,1.40335,1.18484
Adrian_Fernandez_0001.jpg,3,1,1,1,0,0,-1,-1,-1
Adrian_Murrell_0001.jpg,3,2,2,1,0,0,-1,-1,-1
Adrian_Nastase_0001.jpg,3,2,2,1,0,0,-1,-1,-1
Adrien_Brody_0001.jpg,4,1,2,1,1,1,0.469337,0.400016,0.434676
Afton_Smith_0001.jpg,3,1,2,2,1,1,0.59166,0.657608,0.624634
Agbani_Darego_0001.jpg,3,1,2,2,0,0,-1,-1,-1
Agnelo_Queiroz_0001.jpg,2,2,2,1,1,1,1.18412,0.601759,0.892939
Ahmed_Ahmed_0001.jpg,3,2,2,1,0,0,-1,-1,-1
Ahmed_Chalabi_0001.jpg,3,1,2,1,1,1,0.605003,0.648606,0.626805
Ahmed_Ibrahim_Bilal_0001.jpg,3,2,2,1,1,1,0.557215,0.312439,0.434827
Ahmed_Lopez_0001.jpg,3,1,2,1,1,0,0.854575,-1,0.854575
Ahmed_Qureia_0001.jpg,3,1,1,1,1,1,1.02703,0.457022,0.742025
Ahmet_Demir_0001.jpg,4,2,1,1,0,0,-1,-1,-1
Ahmet_Necdet_Sezer_0001.jpg,3,2,2,1,1,1,0.975411,0.296591,0.636001
Aicha_El_Ouafi_0001.jpg,3,2,2,2,1,1,1.7704,1.96738,1.86889
Aidan_Quinn_0001.jpg,3,1,2,1,0,0,-1,-1,-1
Aileen_Riggin_Soule_0001.jpg,3,1,2,2,0,0,-1,-1,-1
Ainsworth_Dyer_0001.jpg,3,2,2,1,1,1,0.549932,0.389321,0.469627
Ain_Seppik_0001.jpg,3,2,1,1,0,0,-1,-1,-1
Aishwarya_Rai_0001.jpg,3,1,2,2,0,0,-1,-1,-1
Aitor_Gonzalez_0001.jpg,3,1,2,1,1,1,0.529443,0.661119,0.595281
Aiysha_Smith_0001.jpg,4,2,2,2,0,0,-1,-1,-1
Ajit_Agarkar_0001.jpg,3,1,2,1,1,1,0.675693,0.554129,0.614911
AJ_Cook_0001.jpg,2,1,2,2,1,1,1.50417,1.16003,1.3321
AJ_Lamas_0001.jpg,3,1,2,1,1,1,0.457109,0.470965,0.464037
Akbar_Al_Baker_0001.jpg,3,1,2,1,1,1,0.571253,0.370109,0.470681
Akbar_Hashemi_Rafsanjani_0001.jpg,3,2,2,1,1,1,0.59166,0.483689,0.537675
Akiko_Morigami_0001.jpg,3,2,2,2,0,0,-1,-1,-1
Akmal_Taher_0001.jpg,3,1,2,1,0,0,-1,-1,-1
Alanis_Morissette_0001.jpg,2,1,2,2,0,0,-1,-1,-1
Alanna_Ubach_0001.jpg,4,1,2,2,1,1,0.581353,1.45822,1.01978
Alan_Dershowitz_0001.jpg,3,2,1,1,1,1,0.73565,0.344805,0.540228
Alan_Dreher_0001.jpg,3,2,2,1,1,1,1.00554,1.34597,1.17576
Alan_Greenspan_0001.jpg,3,2,1,1,1,1,0.719251,0.531795,0.625523
Alan_Greer_0001.jpg,3,2,2,1,1,1,1.27726,0.499722,0.88849
Alan_Jackson_0001.jpg,3,1,2,1,1,1,0.684155,1.68671,1.18543
Alan_Mulally_0001.jpg,3,2,2,1,1,1,0.598237,0.361551,0.479894
Alan_Stonecipher_0001.jpg,3,2,2,1,1,1,0.718475,0.392232,0.555354
Alan_Tang_Kwong-wing_0001.jpg,3,2,2,1,1,1,0.649599,0.512792,0.581195
Alan_Trammell_0001.jpg,3,1,2,1,1,1,0.558091,0.720137,0.639114
Alan_Zemaitis_0001.jpg,3,2,2,1,1,1,0.788508,0.349911,0.56921
Alastair_Johnston_0001.jpg,3,1,2,1,1,1,0.592936,0.885604,0.73927
Albaro_Recoba_0001.jpg,3,2,2,1,0,0,-1,-1,-1
Alberta_Lee_0001.jpg,3,1,2,2,1,0,0.702172,-1,0.702172
Alberto_Acosta_0001.jpg,3,2,2,1,0,0,-1,-1,-1
Alberto_Fujimori_0001.jpg,3,1,1,1,1,1,0.550104,0.469503,0.509804
Alberto_Gonzales_0001.jpg,3,1,1,1,1,1,0.744481,0.504893,0.624687
Alberto_Ruiz_Gallardon_0001.jpg,3,2,1,1,1,1,0.445418,1.054,0.749706
Alberto_Sordi_0001.jpg,3,1,2,1,0,0,-1,-1,-1
Albert_Brooks_0001.jpg,3,1,2,1,1,1,1.08461,0.465882,0.775246
Albert_Costa_0001.jpg,2,2,2,1,1,1,1.72346,0.638877,1.18117
Albert_Montanes_0001.jpg,3,2,2,1,0,0,-1,-1,-1
Albrecht_Mentz_0001.jpg,3,2,1,1,1,1,1.0159,0.186908,0.601405
Aldo_Paredes_0001.jpg,2,1,2,1,1,1,0.707494,1.54732,1.12741
Alecos_Markides_0001.jpg,3,2,1,1,0,0,-1,-1,-1
Alec_Baldwin_0001.jpg,4,1,2,1,1,1,0.539052,1.02347,0.78126
Alejandro_Atchugarry_0001.jpg,3,1,2,1,0,0,-1,-1,-1
Alejandro_Avila_0001.jpg,3,2,2,1,0,0,-1,-1,-1
Alejandro_Fernandez_0001.jpg,3,1,2,1,0,0,-1,-1,-1
Alejandro_Gonzalez_Inarritu_0001.jpg,3,1,2,1,1,0,0.724689,-1,0.724689
Alejandro_Lembo_0001.jpg,3,1,2,1,1,1,0.615356,1.22307,0.919213
Alejandro_Lerner_0001.jpg,4,1,2,1,0,0,-1,-1,-1
Alejandro_Toledo_0001.jpg,3,2,1,1,0,0,-1,-1,-1
Aleksander_Kwasniewski_0001.jpg,3,1,2,1,0,0,-1,-1,-1
Aleksander_Voloshin_0001.jpg,4,1,2,1,1,1,0.586103,0.225207,0.405655
Alessandra_Cerna_0001.jpg,4,2,2,2,1,1,0.4262,0.455728,0.440964
Alexander_Downer_0001.jpg,4,1,1,1,0,0,-1,-1,-1
Alexandra_Jackson_0001.jpg,2,2,2,1,0,0,-1,-1,-1
Alexandra_Rozovskaya_0001.jpg,2,2,2,2,0,0,-1,-1,-1
Alexandra_Spann_0001.jpg,3,1,2,2,1,0,0.746112,-1,0.746112
Alexandra_Vodjanikova_0001.jpg,3,2,2,2,1,1,0.483958,0.467158,0.475558
Alexandre_Daigle_0001.jpg,3,1,2,1,1,1,0.492208,0.711391,0.6018
Alexandre_Despatie_0001.jpg,3,1,2,1,0,0,-1,-1,-1
Alexandre_Herchcovitch_0001.jpg,3,2,2,1,0,0,-1,-1,-1
Alexa_Loren_0001.jpg,3,2,2,2,1,1,1.2313,1.33168,1.28149
Alexa_Vega_0001.jpg,3,2,2,2,0,0,-1,-1,-1
Alexis_Bledel_0001.jpg,3,1,2,2,1,1,0.64646,0.300994,0.473727
Alexis_Dennisoff_0001.jpg,3,2,2,1,0,0,-1,-1,-1
Alex_Cabrera_0001.jpg,3,2,2,1,1,1,0.839442,0.408109,0.623775
Alex_Cejka_0001.jpg,3,1,2,1,1,0,0.478861,-1,0.478861
Alex_Corretja_0001.jpg,3,2,2,1,0,0,-1,-1,-1
Alex_Gonzalez_0001.jpg,3,2,2,1,1,1,0.580112,0.340804,0.460458
Alex_Holmes_0001.jpg,3,1,2,1,1,1,0.568033,0.563924,0.565978
Alex_King_0001.jpg,3,2,2,2,1,0,0.77891,-1,0.77891
Alex_Penelas_0001.jpg,3,2,2,1,0,0,-1,-1,-1
Alex_Wallau_0001.jpg,3,1,2,2,1,1,0.639363,0.432158,0.535761
Alex_Zanardi_0001.jpg,3,1,2,1,0,0,-1,-1,-1
Alfonso_Cuaron_0001.jpg,3,2,2,1,1,1,0.574042,0.152283,0.363162
Alfonso_Portillo_0001.jpg,3,1,2,1,1,1,0.625686,0.61491,0.620298
Alfonso_Soriano_0001.jpg,3,1,2,1,0,0,-1,-1,-1
Alfredo_Moreno_0001.jpg,3,1,2,1,1,1,0.776976,0.348629,0.562802
Alfredo_Pena_0001.jpg,3,2,1,1,0,0,-1,-1,-1
Alfred_Ford_0001.jpg,5,2,2,1,1,0,0.985448,-1,0.985448
Alfred_Sant_0001.jpg,3,2,2,1,0,0,-1,-1,-1
Alice_Fisher_0001.jpg,3,2,2,2,1,0,0.764623,-1,0.764623
Alicia_Keys_0001.jpg,3,1,2,2,1,1,0.581674,1.19428,0.887977
Alicia_Molik_0001.jpg,3,2,2,2,1,1,0.612479,0.508362,0.560421
Alicia_Silverstone_0001.jpg,3,1,2,2,0,0,-1,-1,-1
Alicia_Witt_0001.jpg,3,1,2,2,1,1,0.727663,1.73333,1.2305
Alimzhan_Tokhtakhounov_0001.jpg,3,2,2,1,1,1,0.736692,1.14835,0.94252
Alina_Kabaeva_0001.jpg,3,1,2,2,1,1,0.578855,0.968322,0.773588
Aline_Chretien_0001.jpg,3,1,2,2,1,1,0.414825,0.495557,0.455191
Alisha_Richman_0001.jpg,3,2,1,2,0,0,-1,-1,-1
Alistair_MacDonald_0001.jpg,3,1,2,1,0,0,-1,-1,-1
Ali_Abbas_0001.jpg,2,1,2,1,0,0,-1,-1,-1
Ali_Abdullah_Saleh_0001.jpg,4,2,2,1,1,1,0.905518,0.864823,0.885171
Ali_Ahmeti_0001.jpg,3,2,2,1,0,0,-1,-1,-1
Ali_Bin_Hussein_0001.jpg,3,2,2,1,0,0,-1,-1,-1
Ali_Fallahian_0001.jpg,3,2,1,1,0,0,-1,-1,-1
Ali_Naimi_0001.jpg,3,2,1,1,0,0,-1,-1,-1
Allan_Kemakeza_0001.jpg,3,1,2,1,0,0,-1,-1,-1
Allan_Wagner_0001.jpg,3,2,1,1,0,0,-1,-1,-1
Allen_Iverson_0001.jpg,3,2,2,1,0,0,-1,-1,-1
Allison_Janney_0001.jpg,3,2,2,2,1,1,0.501417,1.32135,0.911382
Allison_Searing_0001.jpg,3,2,2,2,1,1,0.532331,0.493444,0.512887
Allyson_Felix_0001.jpg,3,2,2,2,0,0,-1,-1,-1
Ally_Sheedy_0001.jpg,3,1,2,2,1,1,0.510489,0.422807,0.466648
Alma_Powell_0001.jpg,2,1,1,2,0,0,-1,-1,-1
Almeida_Baptista_0001.jpg,3,2,2,1,1,1,1.10788,0.511913,0.809896
Alonzo_Mourning_0001.jpg,3,2,1,1,1,1,0.491429,0.655714,0.573572
Alvaro_Silva_Calderon_0001.jpg,3,1,1,1,1,1,0.46615,0.618897,0.542523
Alvaro_Uribe_0001.jpg,3,2,1,1,1,1,1.59249,1.15803,1.37526
Alyse_Beaupre_0001.jpg,3,1,2,2,0,0,-1,-1,-1
Aly_Wagner_0001.jpg,3,1,2,2,0,0,-1,-1,-1
Al_Cardenas_0001.jpg,4,2,2,1,1,1,0.5969,0.660703,0.628801
Al_Davis_0001.jpg,3,1,2,1,0,0,-1,-1,-1
Al_Gore_0001.jpg,2,2,2,1,0,0,-1,-1,-1
Al_Leiter_0001.jpg,3,1,2,1,0,0,-1,-1,-1
Al_Pacino_0001.jpg,3,1,2,1,0,0,-1,-1,-1
Al_Sharpton_0001.jpg,3,2,2,1,0,0,-1,-1,-1
Amanda_Beard_0001.jpg,3,1,2,2,1,1,0.504927,0.800371,0.652649
Amanda_Bynes_0001.jpg,3,1,2,2,1,1,0.634152,0.435275,0.534713
Amanda_Coetzer_0001.jpg,4,2,2,2,0,0,-1,-1,-1
Amanda_Marsh_0001.jpg,4,1,2,2,0,0,-1,-1,-1
Amanda_Plumer_0001.jpg,4,1,2,2,0,0,-1,-1,-1
Amber_Tamblyn_0001.jpg,2,2,2,2,0,0,-1,-1,-1
Amer_al-Saadi_0001.jpg,2,2,2,1,0,0,-1,-1,-1
Amporn_Falise_0001.jpg,3,1,2,2,0,0,-1,-1,-1
Amram_Mitzna_0001.jpg,3,2,1,1,0,0,-1,-1,-1
Amy_Cotton_0001.jpg,3,1,2,2,1,0,0.532303,-1,0.532303
Amy_Redford_0001.jpg,3,1,2,2,1,1,0.582059,0.509658,0.545858
Anastasia_Kelesidou_0001.jpg,4,1,2,2,1,0,0.81914,-1,0.81914
Anastasia_Myskina_0001.jpg,3,2,2,2,1,1,0.693918,1.07368,0.883801
Anatoliy_Kinakh_0001.jpg,4,2,2,1,1,1,0.945388,0.639858,0.792623
Ana_Claudia_Talancon_0001.jpg,3,1,2,2,1,0,1.16778,-1,1.16778
Ana_Guevara_0001.jpg,2,1,2,2,0,0,-1,-1,-1
Ana_Isabel_Sanchez_0001.jpg,3,1,2,2,1,1,0.466782,0.347809,0.407295
Ana_Paula_Gerard_0001.jpg,3,1,2,2,0,0,-1,-1,-1
Ana_Sebastiao_0001.jpg,3,1,2,2,1,1,0.548964,1.35879,0.953876
Anderson_Varejao_0001.jpg,3,1,2,2,1,0,0.985629,-1,0.985629
Anders_Ebbeson_0001.jpg,4,1,2,1,1,1,0.571088,0.543267,0.557177
Anders_Fogh_Rasmussen_0001.jpg,3,2,2,1,1,1,0.564207,1.16433,0.864271
Andreas_Vinciguerra_0001.jpg,3,2,2,1,1,0,0.589919,-1,0.589919
Andrea_De_Cruz_0001.jpg,3,1,2,2,1,1,0.485043,0.506113,0.495578
Andrea_Kiser_0001.jpg,3,2,2,2,1,1,0.446553,0.540245,0.493399
Andrea_Yates_0001.jpg,3,2,2,2,0,0,-1,-1,-1
Andrei_Konchalovsky_0001.jpg,3,1,1,1,0,0,-1,-1,-1
Andrei_Mikhnevich_0001.jpg,3,1,2,1,0,0,-1,-1,-1
Andres_DAlessandro_0001.jpg,3,1,2,1,0,0,-1,-1,-1
Andres_Manuel_Lopez_Obrador_0001.jpg,3,1,2,1,1,1,1.09397,0.389906,0.741938
Andres_Pastrana_0001.jpg,3,2,2,1,1,1,0.577003,0.544659,0.560831
Andrew_Caldecott_0001.jpg,3,1,2,1,1,1,0.790853,0.544242,0.667548
Andrew_Cuomo_0001.jpg,3,2,2,1,1,1,0.657672,0.395366,0.526519
Andrew_Firestone_0001.jpg,2,1,2,1,1,1,1.7383,1.80242,1.77036
Andrew_Gilligan_0001.jpg,3,1,2,1,1,1,0.533672,0.30135,0.417511
Andrew_Jarecki_0001.jpg,3,2,2,1,0,0,-1,-1,-1
Andrew_Sabey_0001.jpg,3,1,2,1,1,1,0.867433,1.22486,1.04614
Andrew_Shutley_0001.jpg,3,2,2,1,0,0,-1,-1,-1
Andre_Agassi_0001.jpg,3,1,2,1,0,0,-1,-1,-1
Andre_Bucher_0001.jpg,3,2,1,1,0,0,-1,-1,-1
Andre_Techine_0001.jpg,3,2,1,1,1,1,0.913635,0.953052,0.933343
Andrzej_Tyszkiewicz_0001.jpg,3,2,2,1,1,1,1.08311,0.580201,0.831654
Andy_Bryant_0001.jpg,3,1,1,1,1,1,0.821027,0.441644,0.631336
Andy_Garcia_0001.jpg,3,1,2,1,1,1,0.743523,0.709252,0.726387
Andy_Griffith_0001.jpg,3,1,1,1,1,1,0.642758,0.411739,0.527249
Andy_Griggs_0001.jpg,3,1,1,1,1,1,0.49296,0.499102,0.496031
Andy_Hebb_0001.jpg,4,2,2,1,0,0,-1,-1,-1
Andy_Madikians_0001.jpg,3,1,2,1,0,0,-1,-1,-1
Andy_North_0001.jpg,3,1,2,1,0,0,-1,-1,-1
Andy_Perez_0001.jpg,3,1,1,1,1,1,1.29108,1.37891,1.33499
Andy_Roddick_0001.jpg,3,2,2,1,1,1,1.21901,2.43397,1.82649
Andy_Rooney_0001.jpg,3,1,2,1,1,1,0.514383,0.408319,0.461351
Andy_Warhol_0001.jpg,3,2,1,2,0,0,-1,-1,-1
Andy_Wisecarver_0001.jpg,4,2,2,1,0,0,-1,-1,-1
AnFernce_Negron_0001.jpg,3,1,2,1,1,1,0.647836,0.599876,0.623856
Angela_Alvarado_Rosa_0001.jpg,3,2,2,2,1,1,0.642321,0.571308,0.606815
Angela_Lansbury_0001.jpg,3,1,2,2,1,1,0.712929,0.367167,0.540048
Angela_Merkel_0001.jpg,2,1,2,2,1,1,1.62256,0.659237,1.1409
Angelina_Jolie_0001.jpg,3,1,2,2,1,1,0.546198,0.677241,0.61172
Angelo_Genova_0001.jpg,4,1,1,1,0,0,-1,-1,-1
Angelo_Reyes_0001.jpg,2,2,1,1,1,1,1.82783,1.59,1.70891
Angel_Maza_0001.jpg,3,1,2,1,0,0,-1,-1,-1
Angie_Arzola_0001.jpg,4,2,2,2,0,0,-1,-1,-1
Angie_Martinez_0001.jpg,2,1,1,2,0,0,-1,-1,-1
Anita_DeFrantz_0001.jpg,3,1,2,2,1,1,0.599704,1.26826,0.933983
Anjum_Hussain_0001.jpg,3,2,2,1,0,0,-1,-1,-1
Anna_Chicherova_0001.jpg,3,2,2,2,1,0,0.59932,-1,0.59932
Anna_Faris_0001.jpg,3,1,2,2,1,1,1.49149,1.08891,1.2902
Anna_Jones_0001.jpg,3,2,2,2,0,0,-1,-1,-1
Anna_Kournikova_0001.jpg,3,2,2,2,1,1,0.959035,0.72201,0.840522
Anneli_Jaatteenmaki_0001.jpg,3,2,2,2,0,0,-1,-1,-1
Annette_Bening_0001.jpg,3,1,2,2,1,0,0.911348,-1,0.911348
Annette_Lu_0001.jpg,3,1,1,2,1,1,0.561744,1.62953,1.09563
Anne_Cavers_0001.jpg,3,2,2,2,1,1,0.559887,0.580626,0.570256
Anne_Donovan_0001.jpg,4,2,2,2,1,1,0.569243,0.674729,0.621986
Anne_Heche_0001.jpg,2,1,2,2,1,1,1.43134,0.344077,0.887709
Anne_Krueger_0001.jpg,3,2,1,2,0,0,-1,-1,-1
Anne_McLellan_0001.jpg,3,1,1,2,1,1,0.519092,1.0681,0.793596
Annie_Chaplin_0001.jpg,4,1,2,2,1,1,0.745648,0.611539,0.678593
Annie_Machon_0001.jpg,3,1,2,2,1,1,0.559271,0.392633,0.475952
Ann_Godbehere_0001.jpg,3,2,2,2,0,0,-1,-1,-1
Ann_Veneman_0001.jpg,3,2,2,2,0,0,-1,-1,-1
Antanas_Valionis_0001.jpg,3,1,2,1,1,1,0.589548,0.368483,0.479016
Anthony_Carter_0001.jpg,3,2,2,1,1,1,0.782163,0.30135,0.541757
Anthony_Corso_0001.jpg,4,1,2,1,1,1,0.691229,0.309324,0.500277
Anthony_Ervin_0001.jpg,4,1,2,1,1,1,0.571856,1.27482,0.923338
Anthony_Fauci_0001.jpg,3,1,1,1,0,0,-1,-1,-1
Anthony_Garotinho_0001.jpg,5,1,2,1,0,0,-1,-1,-1
Anthony_Hazen_0001.jpg,3,2,1,1,0,0,-1,-1,-1
Anthony_Hopkins_0001.jpg,3,2,2,1,0,0,-1,-1,-1
Anthony_LaPaglia_0001.jpg,4,1,2,1,1,1,0.676781,0.73706,0.70692
Anthony_Mazur_0001.jpg,3,2,2,1,0,0,-1,-1,-1
Anthony_Pico_0001.jpg,3,1,1,1,0,0,-1,-1,-1
Anthony_Principi_0001.jpg,3,2,1,1,0,0,-1,-1,-1
Anthony_Rackauckas_0001.jpg,3,2,2,1,0,0,-1,-1,-1
Anthony_Scott_Miller_0001.jpg,3,1,2,1,0,0,-1,-1,-1
Antonio_Bernardo_0001.jpg,3,2,2,1,0,0,-1,-1,-1
Antonio_Cassano_0001.jpg,3,2,2,1,0,0,-1,-1,-1
Antonio_Catania_0001.jpg,3,1,2,1,1,1,1.05641,1.33596,1.19619
Antonio_Elias_Saca_0001.jpg,3,2,2,1,1,1,0.674958,0.601452,0.638205
Antonio_Palocci_0001.jpg,4,2,2,1,0,0,-1,-1,-1
Antonio_Trillanes_0001.jpg,3,2,2,1,0,0,-1,-1,-1
Antwun_Echols_0001.jpg,3,2,1,1,0,0,-1,-1,-1
Anwar_Ibrahim_0001.jpg,3,2,1,1,1,1,0.555644,0.285831,0.420738
Anzori_Kikalishvili_0001.jpg,3,1,2,1,0,0,-1,-1,-1
Aparna_Pillai_0001.jpg,3,1,2,2,0,0,-1,-1,-1
Aram_Adler_0001.jpg,3,2,2,1,0,0,-1,-1,-1
Aretha_Franklin_0001.jpg,3,1,2,2,1,0,0.565408,-1,0.565408
Arianna_Huffington_0001.jpg,2,1,2,2,1,0,1.50829,-1,1.50829
Ariel_Sharon_0001.jpg,3,1,2,1,1,1,0.673496,0.298742,0.486119
Arie_Haan_0001.jpg,3,2,2,1,1,1,0.774104,0.314054,0.544079
Ari_Bousbib_0001.jpg,3,1,2,1,0,0,-1,-1,-1
Ari_Fleischer_0001.jpg,3,1,1,1,0,0,-1,-1,-1
Armando_Avila_Panchame_0001.jpg,3,2,2,1,0,0,-1,-1,-1
Armando_Calderon_Sol_0001.jpg,3,2,2,1,1,1,0.62719,0.274031,0.45061
Armando_Carrillo_0001.jpg,3,2,2,1,1,1,0.679539,1.51851,1.09903
Armand_Sargen_0001.jpg,3,2,2,1,1,1,0.740282,0.478024,0.609153
Arminio_Fraga_0001.jpg,5,2,2,1,0,0,-1,-1,-1
Arnaud_Clement_0001.jpg,3,2,2,1,0,0,-1,-1,-1
Arnaud_Lagardere_0001.jpg,3,2,2,1,0,0,-1,-1,-1
Arnoldo_Aleman_0001.jpg,3,2,1,1,1,1,0.898327,0.699329,0.798828
Arnold_Palmer_0001.jpg,3,1,2,1,0,0,-1,-1,-1
Arnold_Schwarzenegger_0001.jpg,4,1,2,1,0,0,-1,-1,-1
Aron_Ralston_0001.jpg,3,2,2,1,0,0,-1,-1,-1
Arsinee_Khanjian_0001.jpg,3,1,2,2,0,0,-1,-1,-1
Arthur_Martinez_0001.jpg,3,2,2,1,0,0,-1,-1,-1
Arturo_Gatti_0001.jpg,3,2,2,1,0,0,-1,-1,-1
Art_Cooper_0001.jpg,4,1,2,1,1,1,0.729629,1.21199,0.970807
Art_Hoffmann_0001.jpg,2,1,2,1,1,1,1.05201,1.82046,1.43623
Art_Howe_0001.jpg,3,1,2,1,1,1,0.51356,0.633346,0.573453
Arye_Mekel_0001.jpg,3,2,1,1,0,0,-1,-1,-1
Asa_Hutchinson_0001.jpg,3,1,2,1,1,1,0.588485,1.34535,0.966915
Ascencion_Barajas_0001.jpg,3,2,2,1,1,1,0.539195,0.79244,0.665817
Ashlea_Talbot_0001.jpg,2,1,2,2,0,0,-1,-1,-1
Ashley_Judd_0001.jpg,3,1,2,2,1,1,0.605846,1.29055,0.948199
Ashley_Olsen_0001.jpg,2,1,2,2,1,1,1.78016,0.602823,1.19149
Ashraf_Ghani_0001.jpg,4,2,2,1,0,0,-1,-1,-1
Asmaa_Assad_0001.jpg,3,1,2,2,1,1,0.711022,0.374047,0.542534
Assad_Ahmadi_0001.jpg,3,2,2,1,0,0,-1,-1,-1
Astou_Ndiaye-Diatta_0001.jpg,3,1,2,2,0,0,-1,-1,-1
Astrid_Betancourt_0001.jpg,3,2,2,2,1,1,0.927156,0.344078,0.635617
Astrid_Eyzaguirre_0001.jpg,3,1,2,2,1,1,0.457239,0.760985,0.609112
Atal_Bihari_Vajpayee_0001.jpg,2,1,2,1,0,0,-1,-1,-1
Ataollah_Mohajerani_0001.jpg,3,2,2,1,1,1,0.521951,1.21496,0.868453
Atiabet_Ijan_Amabel_0001.jpg,2,1,2,2,1,1,0.729887,0.446452,0.58817
Audrey_Lacroix_0001.jpg,3,1,2,2,1,0,0.556935,-1,0.556935
Audrey_Sauret_0001.jpg,3,2,2,2,0,0,-1,-1,-1
Augustin_Calleri_0001.jpg,3,2,2,1,1,1,0.453823,0.694529,0.574176
Augusto_Pinochet_0001.jpg,3,1,2,1,0,0,-1,-1,-1
Augusto_Roa_Bastos_0001.jpg,3,2,2,1,1,1,0.446933,0.418638,0.432786
Aung_San_Suu_Kyi_0001.jpg,2,2,2,2,0,0,-1,-1,-1
Austin_Kearns_0001.jpg,3,1,2,1,0,0,-1,-1,-1
Azmi_Bishara_0001.jpg,3,2,2,1,1,0,0.712963,-1,0.712963
Azra_Akin_0001.jpg,3,1,2,2,1,1,0.697388,0.393155,0.545272
Babe_Ruth_0001.jpg,3,2,2,1,0,0,-1,-1,-1
Baburam_Bhattari_0001.jpg,3,2,2,1,0,0,-1,-1,-1
Bak_Chang-Ryun_0001.jpg,3,2,1,1,1,1,0.648676,0.965207,0.806941
Barbara_Boxer_0001.jpg,2,2,2,2,0,0,-1,-1,-1
Barbara_Brezigar_0001.jpg,3,1,2,2,1,1,0.723284,0.766585,0.744934
Barbara_De_Brun_0001.jpg,3,2,1,2,1,0,0.783971,-1,0.783971
Barbara_Felt-Miller_0001.jpg,3,2,2,2,1,1,0.652621,0.572812,0.612717
Barbara_Roberts_0001.jpg,3,2,1,2,1,1,0.353587,0.969065,0.661326
Barbara_Walters_0001.jpg,3,1,2,2,1,1,0.803042,0.20937,0.506206
Barbora_Strycova_0001.jpg,3,1,2,2,0,0,-1,-1,-1
Barrett_Jackman_0001.jpg,4,1,2,1,1,1,0.49656,0.420111,0.458335
Barry_Bonds_0001.jpg,3,2,2,1,0,0,-1,-1,-1
Barry_Collier_0001.jpg,3,2,2,1,1,1,2.17441,0.692297,1.43335
Barry_Diller_0001.jpg,3,2,2,1,0,0,-1,-1,-1
Barry_Ford_0001.jpg,3,1,2,2,1,0,0.398592,-1,0.398592
Barry_Hinson_0001.jpg,3,2,1,1,0,0,-1,-1,-1
Barry_Nakell_0001.jpg,2,2,1,1,0,0,-1,-1,-1
Barry_Switzer_0001.jpg,3,2,2,1,0,0,-1,-1,-1
Barry_Williams_0001.jpg,3,1,2,1,1,1,0.510334,0.560158,0.535246
Bart_Freundlich_0001.jpg,4,2,2,1,1,1,0.491448,0.427056,0.459252
Bart_Hendricks_0001.jpg,3,2,2,1,0,0,-1,-1,-1
Basdeo_Panday_0001.jpg,3,2,1,1,0,0,-1,-1,-1
Baz_Luhrmann_0001.jpg,3,2,2,1,1,1,0.662826,0.348849,0.505838
BB_King_0001.jpg,3,1,1,1,0,0,-1,-1,-1
Beatrice_Dalle_0001.jpg,2,1,2,2,0,0,-1,-1,-1
Beatriz_Merino_0001.jpg,3,1,2,2,1,1,0.732243,1.58689,1.15957
Beecher_Ray_Kirby_0001.jpg,3,1,2,1,0,0,-1,-1,-1
Bela_Karolyi_0001.jpg,3,1,2,1,1,1,1.15494,0.201105,0.678025
Benicio_Del_Toro_0001.jpg,3,1,2,1,0,0,-1,-1,-1
Benito_Santiago_0001.jpg,3,2,2,1,0,0,-1,-1,-1
Benjamin_Bratt_0001.jpg,3,1,2,1,1,1,1.02302,0.359826,0.691421
Benjamin_Martinez_0001.jpg,3,1,2,1,1,1,0.979663,0.488737,0.7342
Benjamin_McKenzie_0001.jpg,3,2,2,1,1,1,0.871568,0.900652,0.88611
Benjamin_Neulander_0001.jpg,3,2,2,1,1,1,0.487612,0.0641335,0.275873
Ben_Affleck_0001.jpg,3,1,2,1,0,0,-1,-1,-1
Ben_Braun_0001.jpg,3,2,2,1,1,1,0.661005,0.30363,0.482317
Ben_Broussard_0001.jpg,3,2,2,1,1,1,0.930279,0.372033,0.651156
Ben_Cahoon_0001.jpg,3,1,2,1,1,1,0.774801,0.421374,0.598088
Ben_Cohen_0001.jpg,2,2,2,1,1,0,0.724105,-1,0.724105
Ben_Curtis_0001.jpg,3,1,2,1,0,0,-1,-1,-1
Ben_Davis_0001.jpg,3,1,2,1,1,1,0.569403,0.641336,0.60537
Ben_Glisan_0001.jpg,4,2,2,1,0,0,-1,-1,-1
Ben_Howland_0001.jpg,3,1,2,1,1,1,0.814096,0.504642,0.659369
Ben_Kingsley_0001.jpg,3,1,2,1,1,1,0.631457,1.24347,0.937466
Ben_Stein_0001.jpg,3,2,1,1,0,0,-1,-1,-1
Bernardo_Segura_0001.jpg,3,1,2,1,1,1,0.664737,1.16205,0.913395
Bernard_Ebbers_0001.jpg,3,2,2,1,0,0,-1,-1,-1
Bernard_Giraudeau_0001.jpg,3,1,2,1,1,1,0.548399,0.367406,0.457902
Bernard_Kerik_0001.jpg,4,1,2,1,0,0,-1,-1,-1
Bernard_Law_0001.jpg,3,2,1,1,1,1,0.701342,0.897464,0.799403
Bernard_Siegel_0001.jpg,3,2,1,1,1,1,1.00544,0.727976,0.866707
Bernice_Wong_0001.jpg,3,1,2,2,0,0,-1,-1,-1
Bertie_Ahern_0001.jpg,2,2,2,1,1,1,0.700702,0.571099,0.6359
Bertrand_Delanoe_0001.jpg,3,1,2,1,1,1,0.815645,0.912459,0.864052
Beth_Blough_0001.jpg,3,2,2,2,0,0,-1,-1,-1
Beth_Jones_0001.jpg,3,2,2,2,0,0,-1,-1,-1
Betsy_Coffin_0001.jpg,4,2,2,2,1,1,0.863745,0.632456,0.7481
Betsy_Smith_0001.jpg,3,1,2,2,1,1,0.694461,0.465422,0.579941
Betty_Garrison_0001.jpg,3,1,1,2,1,1,0.527243,0.945997,0.73662
Beyonce_Knowles_0001.jpg,3,2,2,2,1,1,0.52433,0.685262,0.604796
Bijan_Darvish_0001.jpg,4,2,2,1,1,1,0.788997,0.55238,0.670688
Bijan_Namdar_Zangeneh_0001.jpg,3,2,2,1,0,0,-1,-1,-1
Bilal_Erdogan_0001.jpg,3,1,1,1,0,0,-1,-1,-1
Biljana_Plavsic_0001.jpg,3,2,2,2,1,1,0.551151,0.318999,0.435075
Billy_Andrade_0001.jpg,3,2,2,1,0,0,-1,-1,-1
Billy_Beane_0001.jpg,2,1,2,1,1,1,1.07356,0.929677,1.00162
Billy_Bob_Thornton_0001.jpg,3,1,1,1,0,0,-1,-1,-1
Billy_Crawford_0001.jpg,3,1,2,1,1,1,0.643863,0.327439,0.485651
Billy_Crystal_0001.jpg,3,1,2,1,1,0,0.716304,-1,0.716304
Billy_Edelin_0001.jpg,3,2,2,1,0,0,-1,-1,-1
Billy_Graham_0001.jpg,4,2,2,1,1,1,0.530372,0.545833,0.538102
Billy_Joel_0001.jpg,4,1,2,1,0,0,-1,-1,-1
Billy_Rork_0001.jpg,4,2,2,1,1,1,0.745766,0.620174,0.68297
Billy_Tibbets_0001.jpg,3,1,2,1,0,0,-1,-1,-1
Bill_Belichick_0001.jpg,2,2,2,1,0,0,-1,-1,-1
Bill_Bradley_0001.jpg,3,1,2,1,1,1,0.55571,0.692107,0.623909
Bill_Byrne_0001.jpg,3,1,1,1,0,0,-1,-1,-1
Bill_Callahan_0001.jpg,3,2,2,1,1,1,0.69066,0.723553,0.707107
Bill_Carmody_0001.jpg,3,2,2,1,1,1,0.833339,1.74237,1.28785
Bill_Cartwright_0001.jpg,3,2,1,1,0,0,-1,-1,-1
Bill_Clancy_0001.jpg,3,2,2,1,1,1,0.643224,0.682987,0.663105
Bill_Clinton_0001.jpg,3,2,2,1,0,0,-1,-1,-1
Bill_Curry_0001.jpg,3,1,1,1,1,1,0.89641,0.749166,0.822788
Bill_Duffey_0001.jpg,2,2,1,1,1,1,1.4405,0.656865,1.04868
Bill_Elliott_0001.jpg,3,2,2,1,1,1,1.73373,0.617079,1.17541
Bill_Fennelly_0001.jpg,3,1,2,1,1,1,0.783804,0.581943,0.682874
Bill_Frist_0001.jpg,3,2,2,1,0,0,-1,-1,-1
Bill_Gates_0001.jpg,3,2,1,1,1,1,0.496707,1.1016,0.799152
Bill_Graham_0001.jpg,2,2,1,1,1,1,0.83551,0.757296,0.796403
Bill_Herrion_0001.jpg,3,2,2,1,1,1,0.700941,1.01668,0.858809
Bill_Hughes_0001.jpg,3,1,2,1,0,0,-1,-1,-1
Bill_King_0001.jpg,2,2,1,1,0,0,-1,-1,-1
Bill_Kong_0001.jpg,3,1,2,1,1,0,0.817029,-1,0.817029
Bill_Lerach_0001.jpg,3,2,1,1,0,0,-1,-1,-1
Bill_Mauldin_0001.jpg,3,1,2,1,1,1,0.621799,0.698818,0.660309
Bill_McBride_0001.jpg,3,1,2,1,1,1,0.674676,0.806054,0.740365
Bill_Nelson_0001.jpg,3,1,2,1,0,0,-1,-1,-1
Bill_OReilly_0001.jpg,3,1,2,1,1,1,0.950264,0.156174,0.553219
Bill_Paxton_0001.jpg,3,1,2,1,1,1,1.27181,0.837061,1.05443
Bill_Pryor_0001.jpg,3,1,2,1,1,1,0.584826,0.578689,0.581757
Bill_Rainer_0001.jpg,3,2,1,1,0,0,-1,-1,-1
Bill_Readdy_0001.jpg,4,2,2,1,1,1,0.966007,0.438696,0.702351
Bill_Self_0001.jpg,3,2,2,1,1,1,0.641923,0.517612,0.579767
Bill_Simon_0001.jpg,3,2,1,1,1,1,0.916138,0.775585,0.845862
Bill_Sizemore_0001.jpg,3,2,2,1,1,1,0.634025,1.11797,0.875996
Bill_Stein_0001.jpg,3,1,2,1,1,1,0.635162,1.12563,0.880397
Binyamin_Ben-Eliezer_0001.jpg,4,2,2,1,1,1,1.11616,1.51474,1.31545
Bison_Dele_0001.jpg,3,1,2,1,1,1,0.704973,0.290119,0.497546
Bixente_LIzarazu_0001.jpg,3,1,2,1,0,0,-1,-1,-1
BJ_Habibie_0001.jpg,3,1,2,1,1,1,0.607255,0.485093,0.546174
Blas_Ople_0001.jpg,3,1,2,1,1,1,0.585567,0.352985,0.469276
Bobby_Goldwater_0001.jpg,4,2,1,1,0,0,-1,-1,-1
Bobby_Kielty_0001.jpg,3,1,2,1,1,1,0.554138,0.312719,0.433429
Bobby_Robson_0001.jpg,3,2,2,1,1,1,0.790479,0.598397,0.694438
Bobo_Balde_0001.jpg,3,2,2,1,0,0,-1,-1,-1
Bob_Alper_0001.jpg,3,1,1,1,1,1,0.729856,0.955436,0.842646
Bob_Bowlsby_0001.jpg,3,1,2,1,0,0,-1,-1,-1
Bob_Cantrell_0001.jpg,3,2,1,1,0,0,-1,-1,-1
Bob_Colvin_0001.jpg,3,2,2,1,1,1,0.408688,0.536275,0.472481
Bob_Curtis_0001.jpg,3,2,2,1,1,1,1.14046,0.778407,0.959432
Bob_Ferguson_0001.jpg,2,1,2,1,1,1,2.25592,0.774261,1.51509
Bob_Geldof_0001.jpg,3,1,2,1,0,0,-1,-1,-1
Bob_Goldman_0001.jpg,3,1,2,1,1,1,0.553127,0.905035,0.729081
Bob_Guccione_0001.jpg,3,2,2,1,0,0,-1,-1,-1
Bob_Hartley_0001.jpg,3,1,2,1,1,1,0.619755,0.90418,0.761967
Bob_Hayes_0001.jpg,3,1,2,1,0,0,-1,-1,-1
Bob_Herz_0001.jpg,2,1,1,1,1,1,1.70983,0.552158,1.13099
Bob_Holden_0001.jpg,4,2,1,1,1,1,0.403758,0.464104,0.433931
Bob_Hope_0001.jpg,3,2,2,1,1,0,0.507305,-1,0.507305
Bob_Huggins_0001.jpg,3,2,2,1,1,1,0.759381,0.612679,0.68603
Bob_Iger_0001.jpg,3,1,2,1,1,1,0.764047,0.379217,0.571632
Bob_Krueger_0001.jpg,3,2,2,1,1,1,1.40337,1.46652,1.43495
Bob_Melvin_0001.jpg,3,1,2,1,1,1,0.521773,1.14881,0.835289
Bob_Menendez_0001.jpg,3,1,1,1,0,0,-1,-1,-1
Bob_Newhart_0001.jpg,3,1,2,1,1,1,0.759943,0.261712,0.510828
Bob_Petrino_0001.jpg,3,2,2,1,1,1,1.30976,0.590854,0.950306
Bob_Riley_0001.jpg,2,2,2,1,1,1,1.9748,0.151031,1.06291
Bob_Stoops_0001.jpg,2,1,2,1,1,1,1.91745,1.96948,1.94346
Bob_Taft_0001.jpg,4,2,1,1,1,1,0.481879,0.496267,0.489073
Bob_Wright_0001.jpg,3,1,2,1,1,1,0.804608,0.914483,0.859545
Bode_Miller_0001.jpg,3,1,2,1,1,1,0.868503,0.886623,0.877563
Bonnie_Hunt_0001.jpg,4,1,2,2,1,0,0.787938,-1,0.787938
Bono_0001.jpg,2,1,2,1,1,1,1.18544,0.426187,0.805813
Boris_Berezovsky_0001.jpg,3,2,2,1,1,1,0.502746,0.320638,0.411692
Boris_Henry_0001.jpg,4,1,2,1,1,1,0.463945,0.522798,0.493372
Boris_Jordan_0001.jpg,3,1,2,1,1,1,0.605791,0.318978,0.462384
Boris_Yeltsin_0001.jpg,3,1,2,1,0,0,-1,-1,-1
Bo_Ryan_0001.jpg,3,2,2,1,1,1,0.643394,0.661867,0.652631
Brady_Rodgers_0001.jpg,3,2,2,1,0,0,-1,-1,-1
Brad_Alexander_Smith_0001.jpg,3,1,2,1,0,0,-1,-1,-1
Brad_Brownell_0001.jpg,3,1,2,1,0,0,-1,-1,-1
Brad_Garrett_0001.jpg,3,1,2,1,1,0,0.810051,-1,0.810051
Brad_Gushue_0001.jpg,3,1,2,1,1,1,0.727637,0.558545,0.643091
Brad_Pitt_0001.jpg,3,2,1,1,0,0,-1,-1,-1
Brad_Smith_0001.jpg,3,1,2,1,1,1,1.15252,0.43122,0.791868
Brad_Wilk_0001.jpg,3,1,2,1,0,0,-1,-1,-1
Brajesh_Mishra_0001.jpg,4,2,2,1,1,1,0.650705,0.456946,0.553826
Brandon_Hammond_0001.jpg,3,2,2,1,1,1,1.17173,1.58114,1.37643
Brandon_Inge_0001.jpg,3,1,2,1,0,0,-1,-1,-1
Brandon_Knight_0001.jpg,4,2,2,1,1,1,0.672794,0.399114,0.535954
Brandon_Larson_0001.jpg,3,1,2,1,1,1,0.767394,0.77123,0.769312
Brandon_Lloyd_0001.jpg,3,2,2,1,0,0,-1,-1,-1
Brandon_Robinson_0001.jpg,3,2,2,1,0,0,-1,-1,-1
Brandon_Spann_0001.jpg,3,2,2,1,1,1,0.569647,0.368383,0.469015
Brawley_King_0001.jpg,3,2,2,1,1,1,0.517778,0.620989,0.569383
Brendan_Fraser_0001.jpg,3,1,2,1,1,1,0.540931,0.466527,0.503729
Brendan_Hansen_0001.jpg,3,1,2,1,1,1,0.844027,0.391235,0.617631
Brendan_Stai_0001.jpg,3,1,2,1,1,1,0.595177,0.418577,0.506877
Brenda_Magana_0001.jpg,3,1,2,2,1,1,0.75383,0.946182,0.850006
Brenda_van_Dam_0001.jpg,3,2,2,2,0,0,-1,-1,-1
Brenda_Wilson_0001.jpg,3,1,1,2,0,0,-1,-1,-1
Brennon_Leighton_0001.jpg,3,2,2,1,1,1,0.910695,1.16505,1.03787
Brett_Boone_0001.jpg,3,2,2,1,1,1,0.6439,1.39067,1.01728
Brett_Hawke_0001.jpg,3,1,2,1,1,1,0.748425,1.6451,1.19676
Brian_Billick_0001.jpg,2,1,1,1,0,0,-1,-1,-1
Brian_Campbell_0001.jpg,3,1,2,1,1,1,0.564991,0.45775,0.51137
Brian_Cashman_0001.jpg,3,1,2,1,1,1,0.50645,0.538723,0.522586
Brian_Clemens_0001.jpg,3,1,2,1,0,0,-1,-1,-1
Brian_De_Palma_0001.jpg,3,1,2,1,0,0,-1,-1,-1
Brian_Florence_0001.jpg,3,2,1,1,0,0,-1,-1,-1
Brian_Grazier_0001.jpg,3,1,2,1,1,1,0.580425,0.464151,0.522288
Brian_Gregory_0001.jpg,3,2,2,1,1,1,0.526748,0.55758,0.542164
Brian_Griese_0001.jpg,3,1,2,1,0,0,-1,-1,-1
Brian_Heidik_0001.jpg,2,1,2,1,1,1,0.911735,0.510716,0.711225
Brian_Henson_0001.jpg,3,1,2,1,1,1,0.951738,1.13968,1.04571
Brian_Kerr_0001.jpg,3,1,2,1,1,1,0.514336,0.679039,0.596687
Brian_Lara_0001.jpg,3,1,2,1,0,0,-1,-1,-1
Brian_Meadors_0001.jpg,3,1,1,1,0,0,-1,-1,-1
Brian_Pavlich_0001.jpg,3,2,2,1,1,1,0.784283,0.847473,0.815878
Brian_Scalabrine_0001.jpg,4,2,2,1,0,0,-1,-1,-1
Brian_Schneider_0001.jpg,3,2,2,1,0,0,-1,-1,-1
Brian_Van_Dusen_0001.jpg,3,1,2,1,1,1,0.679232,0.556011,0.617622
Brian_Weaver_0001.jpg,3,1,2,1,1,1,0.761733,0.299866,0.530799
Brian_Williams_0001.jpg,3,1,2,1,1,1,0.451191,0.382188,0.416689
Bridgette_Wilson-Sampras_0001.jpg,3,1,2,2,0,0,-1,-1,-1
Bridget_Fonda_0001.jpg,2,1,2,2,0,0,-1,-1,-1
Brigitte_Boisselier_0001.jpg,4,1,2,2,0,0,-1,-1,-1
Britney_Spears_0001.jpg,3,1,2,2,1,1,0.501387,0.375785,0.438586
Brittany_Snow_0001.jpg,3,1,2,2,1,1,0.522101,0.928676,0.725388
Bronson_Arroyo_0001.jpg,3,2,2,1,0,0,-1,-1,-1
Brooke_Gordon_0001.jpg,3,1,2,2,1,1,0.640748,0.287341,0.464045
Brooke_Shields_0001.jpg,3,1,2,2,0,0,-1,-1,-1
Brook_Robinson_0001.jpg,3,1,2,1,0,0,-1,-1,-1
Bruce_Arena_0001.jpg,3,2,2,1,0,0,-1,-1,-1
Bruce_Gebhardt_0001.jpg,3,2,2,1,1,1,0.630106,0.482747,0.556427
Bruce_Lunsford_0001.jpg,2,1,2,1,1,1,0.9716,1.20292,1.08726
Bruce_Paltrow_0001.jpg,3,1,1,1,1,1,0.433583,0.545282,0.489433
Bruce_Van_De_Velde_0001.jpg,3,2,2,1,0,0,-1,-1,-1
Bruce_Weber_0001.jpg,3,2,2,1,1,1,0.753978,0.544735,0.649357
Bruce_Willis_0001.jpg,2,2,2,1,1,1,2.19943,0.479904,1.33967
Bruna_Colosio_0001.jpg,3,2,2,2,0,0,-1,-1,-1
Bruno_Junquiera_0001.jpg,3,1,1,1,1,1,0.695686,0.879038,0.787362
Bryan_Adams_0001.jpg,4,1,2,1,1,0,0.950419,-1,0.950419
Bryan_Chui_0001.jpg,3,1,2,1,1,1,0.648236,0.574174,0.611205
Bryan_Cooley_0001.jpg,3,2,2,1,0,0,-1,-1,-1
Bryan_Murray_0001.jpg,3,2,2,1,1,1,0.36925,0.535316,0.452283
Bryan_Thomas_0001.jpg,3,2,2,1,0,0,-1,-1,-1
Buck_Rodgers_0001.jpg,2,2,2,1,1,1,1.5744,0.739104,1.15675
Buddy_Ryan_0001.jpg,3,1,1,1,0,0,-1,-1,-1
Budd_Schulberg_0001.jpg,5,1,2,1,0,0,-1,-1,-1
Buford_Blount_0001.jpg,3,1,2,1,0,0,-1,-1,-1
Bustam_A_Zedan_Aljanabi_0001.jpg,4,2,2,1,1,1,0.507655,0.425436,0.466545
Butch_Davis_0001.jpg,3,2,2,1,1,1,1.05098,0.464733,0.757858
Buzz_Hargrove_0001.jpg,4,1,1,1,1,1,0.423311,1.38104,0.902178
Byron_Scott_0001.jpg,3,2,2,1,0,0,-1,-1,-1
Cabas_0001.jpg,3,1,2,1,0,0,-1,-1,-1
Caio_Blat_0001.jpg,3,1,2,1,1,1,0.600029,1.20012,0.900075
Calbert_Cheaney_0001.jpg,3,1,2,1,0,0,-1,-1,-1
Calista_Flockhart_0001.jpg,4,1,2,2,1,1,0.937386,1.35321,1.1453
Calvin_Harrison_0001.jpg,3,1,2,1,0,0,-1,-1,-1
Calvin_Joseph_Coleman_0001.jpg,3,2,2,1,0,0,-1,-1,-1
Cameron_Diaz_0001.jpg,4,1,2,2,1,1,0.592658,0.412418,0.502538
Camilla_Parker_Bowles_0001.jpg,3,1,2,2,1,1,0.474029,0.397009,0.435519
Camille_Colvin_0001.jpg,5,1,2,2,0,0,-1,-1,-1
Camille_Lewis_0001.jpg,3,1,2,2,1,1,0.591056,0.321463,0.45626
Candie_Kung_0001.jpg,3,1,2,2,0,0,-1,-1,-1
Carina_Lau_Ka-ling_0001.jpg,3,1,1,2,0,0,-1,-1,-1
Carla_Del_Ponte_0001.jpg,3,2,1,2,0,0,-1,-1,-1
Carla_Gugino_0001.jpg,4,1,2,2,0,0,-1,-1,-1
Carla_Moreno_0001.jpg,3,1,2,2,1,1,0.539815,0.467914,0.503864
Carla_Myers_0001.jpg,3,1,2,2,1,1,0.661141,1.37789,1.01952
Carla_Tricoli_0001.jpg,3,1,2,2,0,0,-1,-1,-1
Carlos_Alberto_0001.jpg,3,2,2,1,1,0,0.487757,-1,0.487757
Carlos_Arroyo_0001.jpg,3,2,2,1,1,1,0.779642,1.6355,1.20757
Carlos_Barra_0001.jpg,3,2,2,1,1,1,0.811629,1.73986,1.27574
Carlos_Barragan_0001.jpg,3,2,2,1,0,0,-1,-1,-1
Carlos_Beltran_0001.jpg,3,2,2,1,1,1,1.17776,1.0868,1.13228
Carlos_Bianchi_0001.jpg,3,1,1,1,1,1,0.470682,0.797401,0.634042
Carlos_De_Abreu_0001.jpg,3,1,1,1,1,1,0.850272,1.32532,1.0878
Carlos_Fasciolo_0001.jpg,3,1,1,1,1,1,0.652823,0.73621,0.694517
Carlos_Ghosn_0001.jpg,3,2,2,1,1,1,0.924358,0.488931,0.706644
Carlos_Iturgaitz_0001.jpg,2,1,2,1,0,0,-1,-1,-1
Carlos_Juarez_0001.jpg,3,2,2,1,1,0,1.02565,-1,1.02565
Carlos_Lordkipanitse_0001.jpg,3,2,2,1,0,0,-1,-1,-1
Carlos_Menem_0001.jpg,3,2,2,1,0,0,-1,-1,-1
Carlos_Moya_0001.jpg,4,2,2,1,0,0,-1,-1,-1
Carlos_Ortega_0001.jpg,3,2,2,1,0,0,-1,-1,-1
Carlos_Paternina_0001.jpg,3,2,2,1,0,0,-1,-1,-1
Carlos_Queiroz_0001.jpg,3,1,2,1,0,0,-1,-1,-1
Carlos_Ruckauf_0001.jpg,3,2,2,1,1,1,0.994291,0.62124,0.807766
Carlos_Ruiz_0001.jpg,3,1,2,1,1,0,0.579182,-1,0.579182
Carlos_Salinas_0001.jpg,3,1,2,1,0,0,-1,-1,-1
Carlos_Savedra_0001.jpg,3,1,2,1,1,1,0.525169,0.63898,0.582074
Carlo_Ancelotti_0001.jpg,3,2,2,1,1,1,1.73622,1.23547,1.48585
Carlo_Azeglio_Ciampi_0001.jpg,3,2,2,1,0,0,-1,-1,-1
Carlton_Baugh_0001.jpg,3,1,2,1,1,1,0.798952,0.198862,0.498907
Carly_Fiorina_0001.jpg,3,2,2,2,0,0,-1,-1,-1
Carly_Gullickson_0001.jpg,3,2,2,2,0,0,-1,-1,-1
Carl_Pope_0001.jpg,3,2,2,1,1,1,0.979677,0.638072,0.808874
Carl_Reiner_0001.jpg,4,1,2,1,1,1,0.710126,0.612611,0.661369
Carolina_Barco_0001.jpg,2,1,2,2,1,1,0.937289,1.71603,1.32666
Carolina_Moraes_0001.jpg,3,1,2,2,0,0,-1,-1,-1
Caroline_Dhavernas_0001.jpg,3,1,2,2,0,0,-1,-1,-1
Caroline_Kennedy_0001.jpg,2,2,2,2,0,0,-1,-1,-1
Caroline_Link_0001.jpg,4,1,2,2,0,0,-1,-1,-1
Carolyn_Kuhl_0001.jpg,3,1,1,2,1,1,0.942306,1.04306,0.992683
Carol_Burnett_0001.jpg,3,1,2,2,1,1,0.567539,0.465451,0.516495
Carol_Carmody_0001.jpg,3,2,2,2,1,1,0.847847,0.53155,0.689699
Carol_Williams_0001.jpg,3,2,2,2,1,1,0.600755,0.49244,0.546598
Carroll_Weimer_0001.jpg,3,2,2,1,1,1,2.11653,2.30551,2.21102
Carson_Palmer_0001.jpg,3,1,2,1,1,1,0.495078,1.22307,0.859074
Casey_Crowder_0001.jpg,3,1,2,2,0,0,-1,-1,-1
Casey_Mears_0001.jpg,3,1,2,1,1,1,0.671674,0.4272,0.549437
Cassandra_Heise_0001.jpg,3,1,1,2,0,0,-1,-1,-1
Cass_Ballenger_0001.jpg,3,2,1,1,1,1,0.537814,1.08294,0.810377
Casy_Preslar_0001.jpg,3,1,2,2,1,1,0.776366,0.573196,0.674781
Catherine_Deneuve_0001.jpg,3,1,2,2,0,0,-1,-1,-1
Catherine_Woodard_0001.jpg,3,2,2,2,0,0,-1,-1,-1
Catherine_Zeta-Jones_0001.jpg,3,1,2,2,1,1,0.523646,0.469352,0.496499
Cathryn_Crawford_0001.jpg,3,2,2,2,1,1,0.902025,0.50357,0.702798
Cathy_Chisholm_0001.jpg,4,1,1,2,1,1,0.614044,0.858492,0.736268
Cathy_Cunningham_0001.jpg,3,2,1,2,1,0,0.837748,-1,0.837748
Cathy_Freeman_0001.jpg,4,1,2,2,1,1,0.453795,0.597939,0.525867
Catriona_Le_May_Doan_0001.jpg,3,1,2,2,1,1,0.575339,1.10596,0.840651
Cecilia_Bolocco_0001.jpg,3,1,2,2,1,1,1.41873,0.334333,0.876533
Cecilia_Chang_0001.jpg,3,1,2,2,1,1,0.855742,0.501319,0.678531
Cecilia_Cheung_0001.jpg,3,1,2,2,1,1,0.603711,1.31826,0.960984
Cedric_Benson_0001.jpg,3,2,2,1,0,0,-1,-1,-1
Celia_Cruz_0001.jpg,3,1,2,2,1,1,0.579597,0.521629,0.550613
Celine_Dion_0001.jpg,3,1,2,2,0,0,-1,-1,-1
Celso_Amorim_0001.jpg,3,2,2,1,1,1,0.470641,0.844,0.657321
Celso_Lafer_0001.jpg,3,2,1,1,1,0,0.855523,-1,0.855523
Cemil_Cicek_0001.jpg,3,1,1,1,0,0,-1,-1,-1
Cesar_Gaviria_0001.jpg,3,2,1,1,0,0,-1,-1,-1
Chadha_Gurinder_0001.jpg,3,1,2,2,1,1,0.564318,0.522009,0.543163
Chakib_Khelil_0001.jpg,4,1,2,1,1,1,0.957156,0.386173,0.671664
Chance_Mock_0001.jpg,3,1,2,1,0,0,-1,-1,-1
Chandrika_Kumaratunga_0001.jpg,2,2,2,2,0,0,-1,-1,-1
Chang_Dae-whan_0001.jpg,3,2,2,1,1,1,0.728031,0.392389,0.56021
Chang_Jae_On_0001.jpg,3,2,1,1,0,0,-1,-1,-1
Chang_Saio-yue_0001.jpg,3,2,1,2,1,0,0.615584,-1,0.615584
Chang_Sang_0001.jpg,3,2,1,2,1,1,0.612094,0.871321,0.741707
Chang_Tso_0001.jpg,3,1,2,1,1,1,0.662258,0.423061,0.54266
Chan_Choi_0001.jpg,3,1,2,1,1,1,0.787997,0.727051,0.757524
Chan_Ho_Park_0001.jpg,4,2,2,1,0,0,-1,-1,-1
Charlene_Barshefsky_0001.jpg,3,1,2,2,1,1,0.500093,0.728043,0.614068
Charles_Bronson_0001.jpg,3,2,2,1,0,0,-1,-1,-1
Charles_Chandler_IV_0001.jpg,3,1,1,1,1,1,1.41555,0.73893,1.07724
Charles_Grassley_0001.jpg,3,2,1,1,1,1,1.52677,0.370117,0.948442
Charles_Holzner_0001.jpg,2,1,1,1,1,1,1.7268,1.68556,1.70618
Charles_Lebois_0001.jpg,3,1,2,1,1,0,0.598357,-1,0.598357
Charles_Moose_0001.jpg,3,2,2,1,0,0,-1,-1,-1
Charles_Pickering_0001.jpg,3,1,1,1,0,0,-1,-1,-1
Charles_Pouty_0001.jpg,3,2,1,1,0,0,-1,-1,-1
Charles_Rogers_0001.jpg,3,1,2,1,1,1,0.482913,0.792451,0.637682
Charles_Schumer_0001.jpg,3,2,2,1,1,1,1.72862,0.168497,0.948557
Charles_Tannok_0001.jpg,3,2,2,1,1,1,1.16542,0.330573,0.747996
Charles_Taylor_0001.jpg,3,1,2,1,0,0,-1,-1,-1
Charley_Armey_0001.jpg,4,2,1,1,0,0,-1,-1,-1
Charlie_Deane_0001.jpg,2,2,2,1,1,1,1.28499,0.493197,0.889094
Charlie_Garner_0001.jpg,3,1,2,1,0,0,-1,-1,-1
Charlie_Hunnam_0001.jpg,3,1,2,1,1,1,0.487138,0.543185,0.515161
Charlie_Sheen_0001.jpg,3,1,2,1,1,1,1.52648,1.38658,1.45653
Charlie_Williams_0001.jpg,3,2,1,1,0,0,-1,-1,-1
Charlize_Theron_0001.jpg,3,2,2,2,1,1,0.481434,0.51637,0.498902
Charlotte_Casiraghi_0001.jpg,3,2,2,2,1,1,0.817655,0.804256,0.810956
Charlotte_Chambers_0001.jpg,3,2,2,2,0,0,-1,-1,-1
Charlotte_Church_0001.jpg,3,1,2,2,0,0,-1,-1,-1
Charlotte_Rampling_0001.jpg,3,2,2,2,0,0,-1,-1,-1
Charlton_Heston_0001.jpg,3,2,1,1,0,0,-1,-1,-1
Charmaine_Crooks_0001.jpg,3,1,2,2,1,0,0.656849,-1,0.656849
Chawki_Armali_0001.jpg,2,1,2,1,0,0,-1,-1,-1
Cha_Yung-gu_0001.jpg,3,2,1,1,1,1,0.692846,1.39983,1.04634
Chelsea_Clinton_0001.jpg,3,1,2,2,1,0,0.868333,-1,0.868333
Chen_Kaige_0001.jpg,3,1,2,1,0,0,-1,-1,-1
Chen_Liang_Yu_0001.jpg,3,1,1,1,0,0,-1,-1,-1
Chen_Shui-bian_0001.jpg,3,2,1,1,1,1,0.783888,0.266833,0.525361
Chen_Tsai-chin_0001.jpg,3,2,1,1,0,0,-1,-1,-1
Cherie_Blair_0001.jpg,3,1,2,2,0,0,-1,-1,-1
Cherry_Jones_0001.jpg,3,1,2,2,1,1,0.540177,0.37432,0.457248
Cheryl_Tiegs_0001.jpg,3,1,2,2,0,0,-1,-1,-1
Chhouk_Rin_0001.jpg,3,2,2,1,1,1,0.544608,0.441099,0.492853
Chick_Hearn_0001.jpg,3,1,2,1,0,0,-1,-1,-1
Chin-Feng_Chen_0001.jpg,3,1,2,1,0,0,-1,-1,-1
Chin-Hui_Tsao_0001.jpg,3,1,2,1,1,1,0.500392,0.337133,0.418762
Chip_Ganassi_0001.jpg,3,1,2,1,1,1,0.461399,0.586481,0.52394
Chip_Knight_0001.jpg,3,1,2,1,1,1,0.477054,0.50333,0.490192
Chistian_Stahl_0001.jpg,3,1,2,1,0,0,-1,-1,-1
Chita_Rivera_0001.jpg,3,1,2,2,0,0,-1,-1,-1
Chloe_Sevigny_0001.jpg,2,2,2,2,1,0,1.77982,-1,1.77982
Choi_Sung-hong_0001.jpg,3,1,1,1,0,0,-1,-1,-1
Choi_Yun-yong_0001.jpg,3,1,2,2,0,0,-1,-1,-1
Cho_Myung-kyun_0001.jpg,3,1,1,1,0,0,-1,-1,-1
Christiane_Wulff_0001.jpg,3,1,1,2,0,0,-1,-1,-1
Christian_Bale_0001.jpg,4,1,2,1,1,1,0.394327,0.508773,0.45155
Christian_Fittipaldi_0001.jpg,3,1,2,1,0,0,-1,-1,-1
Christian_Lacroix_0001.jpg,3,1,2,1,1,1,0.468998,0.349743,0.409371
Christian_Lirette_0001.jpg,3,1,2,1,1,1,0.491622,0.578682,0.535152
Christian_Longo_0001.jpg,4,2,2,1,0,0,-1,-1,-1
Christian_Malcolm_0001.jpg,3,1,2,1,0,0,-1,-1,-1
Christian_Patino_0001.jpg,3,1,2,1,0,0,-1,-1,-1
Christian_Von_Wernich_0001.jpg,3,2,1,1,1,1,0.512087,0.603382,0.557735
Christian_Wulff_0001.jpg,3,1,1,1,1,1,0.683053,0.399624,0.541339
Christina_Aguilera_0001.jpg,3,1,2,2,0,0,-1,-1,-1
Christina_Sawaya_0001.jpg,3,1,2,2,1,1,0.484051,0.428063,0.456057
Christine_Arron_0001.jpg,3,2,2,2,0,0,-1,-1,-1
Christine_Baumgartner_0001.jpg,3,1,2,2,1,1,0.69463,0.490945,0.592788
Christine_Gregoire_0001.jpg,3,2,2,2,0,0,-1,-1,-1
Christine_Rau_0001.jpg,3,1,2,2,0,0,-1,-1,-1
Christine_Todd_Whitman_0001.jpg,3,2,2,2,1,1,1.07581,1.51134,1.29358
Christopher_Amolsch_0001.jpg,3,2,2,1,0,0,-1,-1,-1
Christopher_Matero_0001.jpg,3,1,2,1,1,1,0.683657,1.14059,0.912123
Christopher_Reeve_0001.jpg,3,1,2,1,1,1,0.397876,0.51096,0.454418
Christopher_Russell_0001.jpg,3,1,2,1,0,0,-1,-1,-1
Christopher_Speer_0001.jpg,3,2,2,1,1,0,0.43426,-1,0.43426
Christopher_Walken_0001.jpg,3,2,2,1,1,1,0.573678,0.273916,0.423797
Christopher_Whittle_0001.jpg,3,1,2,1,0,0,-1,-1,-1
Christy_Ferer_0001.jpg,2,2,2,2,1,1,1.72087,0.256966,0.98892
Christy_Turlington_0001.jpg,3,1,2,2,1,1,0.872101,0.324238,0.598169
Chris_Andrews_0001.jpg,3,1,2,1,1,0,0.547974,-1,0.547974
Chris_Bell_0001.jpg,2,1,2,1,0,0,-1,-1,-1
Chris_Byrd_0001.jpg,3,2,2,1,0,0,-1,-1,-1
Chris_Cirino_0001.jpg,3,2,2,1,1,1,0.525524,0.218358,0.371941
Chris_Claiborne_0001.jpg,3,1,2,1,0,0,-1,-1,-1
Chris_Columbus_0001.jpg,3,2,2,1,1,1,0.710456,0.426185,0.568321
Chris_Cookson_0001.jpg,3,2,1,1,1,1,1.06633,1.1233,1.09482
Chris_Cooper_0001.jpg,3,1,2,1,1,1,0.487345,0.364752,0.426048
Chris_Forsyth_0001.jpg,3,2,2,1,0,0,-1,-1,-1
Chris_Gratton_0001.jpg,3,2,2,1,1,1,0.582678,0.319438,0.451058
Chris_Hernandez_0001.jpg,3,2,2,1,1,1,0.896922,0.404304,0.650613
Chris_Matthews_0001.jpg,3,1,2,1,1,1,0.590132,0.342502,0.466317
Chris_Neil_0001.jpg,3,2,2,1,0,0,-1,-1,-1
Chris_Noth_0001.jpg,3,1,2,1,0,0,-1,-1,-1
Chris_Penn_0001.jpg,4,1,2,1,1,1,0.838411,0.77993,0.809171
Chris_Pronger_0001.jpg,3,1,2,1,1,1,0.667555,0.486022,0.576789
Chris_Reitsma_0001.jpg,3,2,2,1,1,1,1.61307,2.37171,1.99239
Chris_Rock_0001.jpg,3,1,2,1,1,0,0.64185,-1,0.64185
Chris_Simon_0001.jpg,3,2,2,1,1,1,0.676245,0.410693,0.543469
Chris_Swecker_0001.jpg,3,2,2,1,1,1,0.989555,3.02823,2.00889
Chris_Terry_0001.jpg,3,2,2,1,1,1,0.681801,0.843834,0.762817
Chris_Tucker_0001.jpg,3,2,1,1,0,0,-1,-1,-1
Chris_Whitney_0001.jpg,3,2,2,1,0,0,-1,-1,-1
Chuanyun_Li_0001.jpg,3,1,2,1,1,1,1.71727,0.523717,1.12049
Chuck_Amato_0001.jpg,2,2,2,1,0,0,-1,-1,-1
Chuck_Bednarik_0001.jpg,3,1,2,1,0,0,-1,-1,-1
Chuck_Finley_0001.jpg,3,2,2,1,0,0,-1,-1,-1
Chuck_Hagel_0001.jpg,3,1,2,1,1,1,0.546491,0.390998,0.468744
Chuck_Woolery_0001.jpg,2,1,2,1,1,1,0.879939,0.603839,0.741889
Chuck_Yeager_0001.jpg,2,1,2,1,0,0,-1,-1,-1
Chung_Mong-joon_0001.jpg,3,2,2,1,1,1,0.698387,0.391454,0.544921
Chyung_Dai-chul_0001.jpg,3,2,2,1,1,1,0.757085,0.900727,0.828906
Ciaran_Hinds_0001.jpg,5,2,2,1,0,0,-1,-1,-1
Cindy_Crawford_0001.jpg,3,1,2,2,1,1,0.644545,0.622357,0.633451
Cindy_Klassen_0001.jpg,3,1,2,2,0,0,-1,-1,-1
Cindy_Margolis_0001.jpg,3,1,2,2,1,1,0.633377,0.334992,0.484184
Cindy_Moll_0001.jpg,3,1,2,2,0,0,-1,-1,-1
Cindy_Taylor_0001.jpg,3,1,2,2,0,0,-1,-1,-1
Cindy_Zagorski_0001.jpg,1,1,2,2,0,0,-1,-1,-1
Claire_Danes_0001.jpg,3,1,2,2,1,1,0.726081,0.443943,0.585012
Claire_Tomalin_0001.jpg,3,2,2,2,0,0,-1,-1,-1
Clara_Harris_0001.jpg,2,2,2,2,1,1,0.795414,0.476256,0.635835
Clare_Latimer_0001.jpg,3,2,2,2,0,0,-1,-1,-1
Clare_Short_0001.jpg,3,2,2,2,1,1,0.583059,0.569517,0.576288
Claude_Jorda_0001.jpg,3,2,1,1,1,1,0.63004,0.436868,0.533454
Claudia_Coslovich_0001.jpg,3,2,2,1,1,1,1.15555,0.510954,0.833254
Claudia_Schiffer_0001.jpg,3,1,2,2,1,0,0.672646,-1,0.672646
Claudine_Farrell_0001.jpg,3,1,2,2,0,0,-1,-1,-1
Claudio_Ranieri_0001.jpg,2,2,2,1,0,0,-1,-1,-1
Clay_Aiken_0001.jpg,3,1,2,1,1,1,0.440672,1.06044,0.750557
Clemente_de_la_Vega_0001.jpg,4,2,1,1,1,1,0.981066,0.818668,0.899867
Clifford_Etienne_0001.jpg,3,2,2,1,0,0,-1,-1,-1
Clifford_Robinson_0001.jpg,3,1,2,1,1,1,0.586954,0.403522,0.495238
Cliff_Ellis_0001.jpg,3,2,1,1,1,1,0.641787,0.484786,0.563286
Clint_Eastwood_0001.jpg,3,1,2,1,1,1,0.470808,0.636186,0.553497
Clint_Lamebear_0001.jpg,3,2,2,1,1,1,0.643746,0.50248,0.573113
Coco_dEste_0001.jpg,5,1,2,2,0,0,-1,-1,-1
Cole_Chapman_0001.jpg,3,1,2,1,1,1,0.606175,0.440242,0.523209
Colin_Campbell_0001.jpg,3,2,2,1,1,1,0.598308,0.507118,0.552713
Colin_Cowie_0001.jpg,3,1,2,1,1,1,0.531142,0.410498,0.47082
Colin_Farrell_0001.jpg,3,2,2,1,0,0,-1,-1,-1
Colin_Montgomerie_0001.jpg,3,1,2,1,1,1,0.577939,1.54202,1.05998
Colin_Phillips_0001.jpg,3,2,2,1,1,1,0.868816,0.277416,0.573116
Colin_Powell_0001.jpg,4,2,1,1,1,1,0.636088,1.03819,0.837137
Colleen_Donovan_0001.jpg,3,1,2,2,0,0,-1,-1,-1
Colleen_Jones_0001.jpg,3,2,2,2,1,1,0.567772,0.791285,0.679529
Colleen_OClair_0001.jpg,4,2,2,2,0,0,-1,-1,-1
Colleen_Ryan_0001.jpg,2,2,1,2,0,0,-1,-1,-1
Collis_Temple_III_0001.jpg,3,2,2,1,1,1,1.56983,1.7778,1.67382
Columba_Bush_0001.jpg,3,2,1,2,1,1,0.55126,0.763789,0.657525
Compay_Segundo_0001.jpg,3,1,2,1,1,1,0.553552,0.9972,0.775376
Conan_OBrien_0001.jpg,3,1,2,1,1,1,0.558303,0.733749,0.646026
Condoleezza_Rice_0001.jpg,3,1,2,2,1,1,0.67528,0.277728,0.476504
Connie_Chung_0001.jpg,2,1,2,2,1,1,0.751802,0.723852,0.737827
Constance_Marie_0001.jpg,3,1,2,2,0,0,-1,-1,-1
Cora_Cambell_0001.jpg,3,2,2,2,0,0,-1,-1,-1
Coretta_Scott_King_0001.jpg,3,2,2,2,0,0,-1,-1,-1
Corey_Maggette_0001.jpg,3,2,2,1,0,0,-1,-1,-1
Corinne_Coman_0001.jpg,3,1,2,2,1,1,0.72148,1.90389,1.31268
Corliss_Williamson_0001.jpg,3,2,2,1,1,1,0.609121,1.70863,1.15888
Costas_Simitis_0001.jpg,3,2,1,1,1,1,0.937084,0.219952,0.578518
Courtney_Cox_0001.jpg,3,1,2,2,0,0,-1,-1,-1
Courtney_Love_0001.jpg,3,1,2,2,1,1,1.42456,2.32011,1.87234
Craig_Burley_0001.jpg,3,1,2,1,0,0,-1,-1,-1
Craig_MacTavish_0001.jpg,3,2,2,1,1,1,0.838175,1.09354,0.965859
Craig_Morgan_0001.jpg,3,1,2,1,0,0,-1,-1,-1
Craig_OClair_0001.jpg,4,2,2,1,0,0,-1,-1,-1
Craig_Wilson_0001.jpg,3,2,2,1,0,0,-1,-1,-1
Crandall_Bowles_0001.jpg,3,2,2,2,0,0,-1,-1,-1
Crispin_Glover_0001.jpg,3,1,2,1,1,1,0.692644,0.342043,0.517343
Cristiano_da_Matta_0001.jpg,3,2,2,1,0,0,-1,-1,-1
Cristina_Fernandez_0001.jpg,4,1,2,2,1,1,0.466134,0.354702,0.410418
Cristina_Kirchner_0001.jpg,3,1,2,2,0,0,-1,-1,-1
Cristina_Saralegui_0001.jpg,4,1,2,2,1,1,0.941719,2.07695,1.50933
Cristina_Torrens_Valero_0001.jpg,3,2,2,2,1,1,0.784831,1.60838,1.19661
Cruz_Bustamante_0001.jpg,3,1,2,1,0,0,-1,-1,-1
Curtis_Joseph_0001.jpg,3,1,2,1,1,1,0.640793,0.396119,0.518456
Curtis_Rodriguez_0001.jpg,3,1,2,1,0,0,-1,-1,-1
Curtis_Strange_0001.jpg,3,2,2,1,1,1,1.52093,1.6873,1.60411
Cynthia_Nixon_0001.jpg,2,1,2,2,1,1,1.88243,1.9725,1.92747
Cynthia_Rowley_0001.jpg,3,1,2,2,0,0,-1,-1,-1
Dagmar_Dunlevy_0001.jpg,3,1,2,2,1,1,1.70989,1.78162,1.74575
Daisy_Fuentes_0001.jpg,3,1,2,2,0,0,-1,-1,-1
Dai_Bachtiar_0001.jpg,3,2,2,1,0,0,-1,-1,-1
Dai_Chul_Chyung_0001.jpg,3,1,2,1,1,1,0.598552,0.878358,0.738455
Dalai_Lama_0001.jpg,2,1,1,1,0,0,-1,-1,-1
Dale_Bosworth_0001.jpg,3,2,2,1,1,1,0.675498,0.15886,0.417179
Dale_Earnhardt_Jr_0001.jpg,3,1,2,1,1,1,0.668562,0.336476,0.502519
Dalia_Rabin-Pelosoff_0001.jpg,3,2,2,2,0,0,-1,-1,-1
Damon_van_Dam_0001.jpg,3,2,2,1,1,1,0.461908,0.527046,0.494477
DAngelo_Jimenez_0001.jpg,3,2,2,1,1,0,1.35474,-1,1.35474
Daniela_Cicarelli_0001.jpg,2,1,2,2,0,0,-1,-1,-1
Daniele_Bergamin_0001.jpg,2,2,2,1,1,1,1.19636,1.97687,1.58661
Daniele_Hypolito_0001.jpg,3,1,2,2,1,0,1.2736,-1,1.2736
Daniele_Nardello_0001.jpg,3,1,2,1,0,0,-1,-1,-1
Danielle_Spencer_0001.jpg,4,1,2,2,1,1,0.795288,0.584244,0.689766
Daniell_Sunjata_0001.jpg,3,1,2,1,1,1,0.696664,0.361516,0.52909
Daniel_Bruehl_0001.jpg,3,1,2,1,1,1,0.765893,1.5505,1.1582
Daniel_Chin_0001.jpg,3,1,1,1,1,1,0.464584,0.458305,0.461445
Daniel_Coats_0001.jpg,3,2,2,1,0,0,-1,-1,-1
Daniel_Comisso_Urdaneta_0001.jpg,4,2,2,1,1,1,1.03864,1.71982,1.37923
Daniel_Kurtzer_0001.jpg,3,2,1,1,0,0,-1,-1,-1
Daniel_Montenegro_0001.jpg,3,1,2,1,1,0,0.476211,-1,0.476211
Daniel_Montgomery_0001.jpg,3,2,2,1,0,0,-1,-1,-1
Daniel_Ortega_0001.jpg,3,1,2,1,1,1,0.503885,0.790332,0.647108
Daniel_Osorno_0001.jpg,3,1,2,1,0,0,-1,-1,-1
Daniel_Patrick_Moynihan_0001.jpg,3,1,1,1,0,0,-1,-1,-1
Daniel_Pearl_0001.jpg,3,1,1,1,1,1,0.480555,0.578682,0.529619
Daniel_Radcliffe_0001.jpg,2,1,2,1,0,0,-1,-1,-1
Daniel_Zelman_0001.jpg,3,1,2,1,0,0,-1,-1,-1
Danis_Tanovic_0001.jpg,3,1,2,1,0,0,-1,-1,-1
Danny_Avalon_0001.jpg,3,1,1,1,1,1,0.858237,1.09679,0.977512
Danny_Elfman_0001.jpg,3,1,1,1,1,1,1.40315,0.542202,0.972676
Danny_Green_0001.jpg,3,2,2,1,1,1,0.738677,0.207883,0.47328
Danny_Morgan_0001.jpg,3,1,2,1,1,1,0.690102,0.393787,0.541945
Dan_Ackroyd_0001.jpg,4,1,1,1,1,0,0.455402,-1,0.455402
Dan_Bartlett_0001.jpg,4,1,2,1,1,1,0.669434,1.53987,1.10465
Dan_Boyle_0001.jpg,4,2,2,1,0,0,-1,-1,-1
Dan_Bylsma_0001.jpg,3,2,2,1,1,1,0.739469,0.42744,0.583454
Dan_Guerrero_0001.jpg,3,2,2,1,0,0,-1,-1,-1
Dan_Kellner_0001.jpg,3,1,2,1,1,1,0.498055,0.481002,0.489528
Dan_LaCoutre_0001.jpg,3,2,2,1,1,1,0.654073,0.568171,0.611122
Dan_Morales_0001.jpg,3,1,1,1,0,0,-1,-1,-1
Dan_Prinster_0001.jpg,3,2,2,1,1,1,0.452482,0.640736,0.546609
Dan_Quayle_0001.jpg,3,2,2,1,1,1,0.66491,0.450606,0.557758
Dan_Reeves_0001.jpg,3,2,1,1,1,1,0.518108,0.708418,0.613263
Dan_Snyder_0001.jpg,3,1,1,1,1,1,0.601873,0.645239,0.623556
Darcy_Regier_0001.jpg,4,2,2,1,0,0,-1,-1,-1
Dario_Camuffo_0001.jpg,3,1,1,1,0,0,-1,-1,-1
Dario_Franchitti_0001.jpg,3,1,2,1,1,0,0.58901,-1,0.58901
Dariusz_Michalczewski_0001.jpg,3,2,2,1,1,1,0.505096,0.807936,0.656516
Darla_Moore_0001.jpg,3,2,2,2,0,0,-1,-1,-1
Darlene_Garrettson_0001.jpg,3,1,2,2,1,1,0.667021,0.492289,0.579655
Darrell_Dickey_0001.jpg,3,1,2,1,0,0,-1,-1,-1
Darrell_Porter_0001.jpg,3,1,1,1,0,0,-1,-1,-1
Darrell_Royal_0001.jpg,3,1,2,1,1,1,0.526873,0.31106,0.418966
Darren_Clarke_0001.jpg,3,2,2,1,0,0,-1,-1,-1
Darryl_McDaniels_0001.jpg,2,1,2,1,1,0,1.72416,-1,1.72416
Darryl_Stingley_0001.jpg,3,2,2,1,1,0,0.916942,-1,0.916942
Darvis_Patton_0001.jpg,3,1,2,1,0,0,-1,-1,-1
Daryl_Hannah_0001.jpg,4,1,2,2,1,1,0.660313,0.225151,0.442732
Daryl_Jones_0001.jpg,3,2,2,1,1,1,1.01541,0.533333,0.774371
Daryl_Parks_0001.jpg,3,2,2,1,0,0,-1,-1,-1
Davey_Johnson_0001.jpg,3,1,2,1,1,1,0.573165,0.912028,0.742596
Dave_Barr_0001.jpg,3,2,2,1,0,0,-1,-1,-1
Dave_Campo_0001.jpg,3,1,2,1,0,0,-1,-1,-1
Dave_Johnson_0001.jpg,2,1,2,1,1,1,1.46453,0.984445,1.22449
Dave_Lewis_0001.jpg,3,2,2,1,1,1,1.27373,0.437354,0.855544
Dave_McGinnis_0001.jpg,3,2,2,1,0,0,-1,-1,-1
Dave_McNally_0001.jpg,3,1,2,1,0,0,-1,-1,-1
Dave_Odom_0001.jpg,3,2,1,1,1,1,0.595311,0.813564,0.704437
Dave_Potter_0001.jpg,3,1,2,1,0,0,-1,-1,-1
Dave_Ragone_0001.jpg,3,1,2,1,1,1,0.939487,2.09277,1.51613
Dave_Tucker_0001.jpg,3,2,2,1,0,0,-1,-1,-1
Dave_Wannstedt_0001.jpg,3,1,2,1,1,1,0.911306,0.474879,0.693093
Dave_Williams_0001.jpg,3,1,2,1,1,1,0.607276,0.376651,0.491964
David_Alpay_0001.jpg,3,1,2,1,1,1,0.432652,0.394793,0.413722
David_Arquette_0001.jpg,3,1,2,1,0,0,-1,-1,-1
David_Ballantyne_0001.jpg,2,2,2,1,1,1,0.820387,0.21546,0.517924
David_Beckham_0001.jpg,3,1,2,1,1,1,0.663524,0.335201,0.499362
David_Bisbal_0001.jpg,3,1,2,1,0,0,-1,-1,-1
David_Blaine_0001.jpg,3,2,2,1,0,0,-1,-1,-1
David_Bowie_0001.jpg,3,2,2,1,1,0,0.729168,-1,0.729168
David_Braley_0001.jpg,3,1,2,1,1,1,0.646382,0.584848,0.615615
David_Brent_0001.jpg,3,2,2,1,0,0,-1,-1,-1
David_Brown_0001.jpg,3,2,2,1,1,1,0.574832,0.394002,0.484417
David_Caraway_0001.jpg,4,2,2,1,0,0,-1,-1,-1
David_Carradine_0001.jpg,3,2,2,1,0,0,-1,-1,-1
David_Caruso_0001.jpg,3,2,2,2,1,1,0.791252,0.999224,0.895238
David_Chase_0001.jpg,2,2,2,1,1,1,2.66735,0.228183,1.44777
David_Collenette_0001.jpg,2,2,1,1,1,0,1.7514,-1,1.7514
David_Coulthard_0001.jpg,3,2,2,1,1,1,0.69368,1.04009,0.866887
David_Dewhurst_0001.jpg,3,2,2,1,1,1,0.449138,0.379987,0.414562
David_Dodge_0001.jpg,3,2,1,1,1,1,0.695135,0.437096,0.566116
David_Donohue_0001.jpg,4,2,1,1,1,1,0.588023,0.608882,0.598452
David_Dorfman_0001.jpg,3,1,2,1,1,0,1.82883,-1,1.82883
David_Duval_0001.jpg,3,1,2,1,0,0,-1,-1,-1
David_Eldon_0001.jpg,3,2,1,1,0,0,-1,-1,-1
David_Gest_0001.jpg,3,1,1,1,0,0,-1,-1,-1
David_Glenn_0001.jpg,3,1,1,1,1,1,0.499658,0.554741,0.5272
David_Hannay_0001.jpg,3,2,2,1,1,1,0.747954,0.184147,0.46605
David_Hanson_0001.jpg,3,1,2,1,1,0,0.784922,-1,0.784922
David_Hasselhoff_0001.jpg,3,1,2,1,1,1,0.713691,0.720111,0.716901
David_Heymann_0001.jpg,3,2,2,1,1,1,0.560924,0.765445,0.663184
David_Hilt_0001.jpg,3,1,2,1,0,0,-1,-1,-1
David_Ho_0001.jpg,3,1,1,1,1,1,0.983381,0.764738,0.874059
David_Howard_0001.jpg,2,2,1,1,1,1,1.38059,0.585652,0.983121
David_Leahy_0001.jpg,4,2,1,1,1,1,0.558418,0.960306,0.759362
David_McCullough_0001.jpg,2,2,2,1,1,1,1.55361,0.428746,0.991178
David_Millar_0001.jpg,3,1,2,1,1,1,0.707302,1.05947,0.883385
David_Modell_0001.jpg,3,1,1,1,1,1,0.456487,0.304892,0.38069
David_Montoya_0001.jpg,3,1,2,1,0,0,-1,-1,-1
David_Provost_0001.jpg,4,1,2,1,1,1,0.914495,1.23177,1.07313
David_Przybyszewski_0001.jpg,3,2,2,1,0,0,-1,-1,-1
David_Rivkin_Jr_0001.jpg,3,2,1,1,1,1,1.11993,0.367974,0.743953
David_Shayler_0001.jpg,3,1,2,1,1,1,0.422869,0.498143,0.460506
David_Sibleyk_0001.jpg,3,2,2,1,1,0,0.913117,-1,0.913117
David_Sousa_0001.jpg,3,1,2,1,1,1,0.514257,0.364054,0.439156
David_Spade_0001.jpg,3,1,2,1,0,0,-1,-1,-1
David_Stern_0001.jpg,4,1,1,1,1,1,0.922693,0.813489,0.868091
David_Suazo_0001.jpg,2,1,2,1,0,0,-1,-1,-1
David_Surrett_0001.jpg,3,2,1,1,1,0,1.08671,-1,1.08671
David_Trimble_0001.jpg,3,2,1,1,1,1,0.571861,0.421699,0.49678
David_Wolf_0001.jpg,4,2,2,1,1,1,1.06579,1.92046,1.49313
David_Zeplowitz_0001.jpg,3,1,2,1,0,0,-1,-1,-1
Davis_Love_III_0001.jpg,3,2,2,1,1,1,0.692374,1.07114,0.881756
Dean_Barker_0001.jpg,3,2,2,1,0,0,-1,-1,-1
Dean_Jacek_0001.jpg,3,2,2,1,1,1,0.667333,0.476707,0.57202
Dean_Sheremet_0001.jpg,2,1,2,1,0,0,-1,-1,-1
Debbie_Reynolds_0001.jpg,3,1,2,2,1,1,0.315968,1.36561,0.840788
Debra_Brown_0001.jpg,4,1,2,2,0,0,-1,-1,-1
Debra_Messing_0001.jpg,3,1,2,2,1,1,1.10129,0.472706,0.786997
Debra_Rose_0001.jpg,3,2,2,2,1,1,0.430266,0.503578,0.466922
Debra_Shank_0001.jpg,4,2,2,2,0,0,-1,-1,-1
Debra_Yang_0001.jpg,3,2,2,2,0,0,-1,-1,-1
Deena_Burnett_0001.jpg,3,2,2,1,1,1,0.934522,0.437659,0.686091
Deepa_Mehta_0001.jpg,4,1,2,2,0,0,-1,-1,-1
Della_Clara_0001.jpg,3,1,2,2,1,1,0.489089,1.12294,0.806014
Delphine_Chuillot_0001.jpg,2,1,2,2,1,1,0.626861,0.392912,0.509886
Demetrin_Veal_0001.jpg,3,2,2,1,1,1,0.490226,0.705284,0.597755
Demetrius_Ferraciu_0001.jpg,3,2,2,1,1,0,0.837954,-1,0.837954
Demi_Moore_0001.jpg,3,1,2,2,0,0,-1,-1,-1
Denise_Johnson_0001.jpg,3,2,2,1,0,0,-1,-1,-1
Denis_Coderre_0001.jpg,3,2,1,1,0,0,-1,-1,-1
Denis_Fassou-Nguesso_0001.jpg,3,1,2,1,0,0,-1,-1,-1
Deniz_Baykal_0001.jpg,2,2,1,1,0,0,-1,-1,-1
Dennis_Hastert_0001.jpg,3,1,1,1,1,1,1.38905,0.776577,1.08281
Dennis_Johnson_0001.jpg,3,2,2,1,0,0,-1,-1,-1
Dennis_Kozlowski_0001.jpg,3,2,2,1,0,0,-1,-1,-1
Dennis_Miller_0001.jpg,3,1,2,1,1,1,0.416784,0.485815,0.4513
Dennis_Oswald_0001.jpg,3,2,2,1,0,0,-1,-1,-1
Denzel_Washington_0001.jpg,3,1,2,1,1,0,0.731226,-1,0.731226
Dereck_Whittenburg_0001.jpg,3,2,2,1,0,0,-1,-1,-1
Derek_King_0001.jpg,3,2,2,1,0,0,-1,-1,-1
Derian_Hatcher_0001.jpg,3,1,2,1,1,1,0.512162,0.332001,0.422081
Derrick_Battie_0001.jpg,3,2,2,1,0,0,-1,-1,-1
Derrick_Rodgers_0001.jpg,3,2,1,1,1,0,0.645969,-1,0.645969
Desiree_Lemosi_0001.jpg,3,2,2,2,1,0,0.68027,-1,0.68027
Desiree_McKenzie_0001.jpg,3,1,2,2,1,0,0.580024,-1,0.580024
Desmon_Farmer_0001.jpg,3,2,2,1,0,0,-1,-1,-1
Des_Brown_0001.jpg,3,1,1,1,1,1,0.591441,0.373282,0.482362
Devin_Harris_0001.jpg,4,1,2,1,1,0,0.514332,-1,0.514332
Dewayne_White_0001.jpg,3,1,2,1,1,1,0.597748,0.674559,0.636154
Dexter_Jackson_0001.jpg,3,1,2,1,0,0,-1,-1,-1
Diana_Krall_0001.jpg,3,1,2,2,1,1,0.74706,1.3258,1.03643
Diana_Munz_0001.jpg,3,1,2,2,1,1,0.666655,0.398669,0.532662
Diana_Renee_Valdivieso_Dubon_0001.jpg,3,1,2,2,0,0,-1,-1,-1
Diana_Ross_0001.jpg,3,2,2,2,1,1,0.849823,0.689065,0.769444
Diana_Silvius_0001.jpg,3,1,1,2,0,0,-1,-1,-1
Diana_Taurasi_0001.jpg,3,1,2,2,0,0,-1,-1,-1
Diana_Taylor_0001.jpg,3,1,2,2,0,0,-1,-1,-1
Diane_Green_0001.jpg,2,2,1,2,1,1,1.69873,1.621,1.65987
Diane_Ladd_0001.jpg,3,2,2,2,0,0,-1,-1,-1
Diane_Lane_0001.jpg,3,1,2,2,1,1,0.721518,1.70294,1.21223
Dianne_Feinstein_0001.jpg,3,2,2,2,1,1,0.557244,0.479934,0.518589
Dianne_Reeves_0001.jpg,3,1,1,2,0,0,-1,-1,-1
Dick_Cheney_0001.jpg,3,2,1,1,1,1,0.634903,0.246465,0.440684
Dick_Clark_0001.jpg,3,1,2,1,1,1,0.669658,0.49244,0.581049
Dick_Jauron_0001.jpg,3,2,2,1,1,1,1.29295,0.45569,0.874321
Dick_Latessa_0001.jpg,3,2,2,1,0,0,-1,-1,-1
Dick_Posthumus_0001.jpg,3,1,2,1,1,1,0.534032,0.423597,0.478814
Dick_Smothers_0001.jpg,3,1,2,1,1,1,0.59503,0.44276,0.518895
Diego_Armando_Maradona_0001.jpg,3,1,2,1,0,0,-1,-1,-1
Diego_Colorado_0001.jpg,3,2,2,1,0,0,-1,-1,-1
Diego_Diego_Lerman_0001.jpg,3,1,2,1,1,1,0.814951,0.394341,0.604646
Dieter_Holzer_0001.jpg,3,2,1,1,1,1,0.690057,1.09499,0.892523
Dieter_Zetsche_0001.jpg,3,2,1,1,1,1,1.21304,0.185058,0.699048
Dimitar_Berbatov_0001.jpg,4,2,2,1,1,1,0.503163,0.650498,0.57683
Dimitri_Perricos_0001.jpg,3,2,1,1,0,0,-1,-1,-1
Dinah_Turner_0001.jpg,4,1,2,2,0,0,-1,-1,-1
Dino_de_Laurentis_0001.jpg,3,2,2,1,1,0,0.562096,-1,0.562096
Din_Samsudin_0001.jpg,2,1,2,1,0,0,-1,-1,-1
Dionigi_Tettamanzi_0001.jpg,3,1,2,1,0,0,-1,-1,-1
Dionne_Warwick_0001.jpg,3,1,1,2,0,0,-1,-1,-1
Dion_Glover_0001.jpg,3,1,2,1,0,0,-1,-1,-1
Dita_Von_Tesse_0001.jpg,3,1,2,2,1,1,0.698623,1.69925,1.19893
Djabir_Said-Guerni_0001.jpg,3,2,2,1,0,0,-1,-1,-1
Doc_Rivers_0001.jpg,3,2,2,1,1,1,0.456122,0.386135,0.421128
Dolly_Parton_0001.jpg,3,1,2,2,1,1,0.835596,1.22221,1.0289
Dominick_Dunne_0001.jpg,3,2,2,1,1,1,1.71583,0.505622,1.11073
Dominic_Monaghan_0001.jpg,3,2,2,1,1,1,0.646599,0.554168,0.600383
Dominique_de_Villepin_0001.jpg,3,1,2,1,1,1,0.71554,0.262822,0.489181
Donald_Carty_0001.jpg,3,2,2,1,0,0,-1,-1,-1
Donald_Fehr_0001.jpg,3,2,2,1,0,0,-1,-1,-1
Donald_Hays_0001.jpg,3,2,1,1,1,1,0.717867,0.302891,0.510379
Donald_Keck_0001.jpg,3,1,1,1,0,0,-1,-1,-1
Donald_Keyser_0001.jpg,4,2,2,1,0,0,-1,-1,-1
Donald_Pettit_0001.jpg,3,1,1,1,0,0,-1,-1,-1
Donald_Regan_0001.jpg,3,2,2,1,1,0,0.500817,-1,0.500817
Donald_Rumsfeld_0001.jpg,3,1,1,1,0,0,-1,-1,-1
Donald_Trump_0001.jpg,3,2,2,1,0,0,-1,-1,-1
Donatella_Versace_0001.jpg,3,1,2,2,0,0,-1,-1,-1
Donna_Barrera_0001.jpg,3,2,1,2,0,0,-1,-1,-1
Donna_Brazile_0001.jpg,3,1,2,2,1,1,0.542476,0.545172,0.543824
Donna_Morrissey_0001.jpg,3,2,2,2,0,0,-1,-1,-1
Donna_Shalala_0001.jpg,2,1,2,2,1,1,0.705966,0.316228,0.511097
Donna_Walker_0001.jpg,3,2,1,2,0,0,-1,-1,-1
Donny_Osmond_0001.jpg,3,1,2,1,1,1,0.598982,0.631765,0.615373
Don_Boudria_0001.jpg,4,2,2,1,1,0,0.794833,-1,0.794833
Don_Flanagan_0001.jpg,3,1,2,1,0,0,-1,-1,-1
Don_Henley_0001.jpg,4,2,1,1,0,0,-1,-1,-1
Don_Hewitt_0001.jpg,3,1,2,1,0,0,-1,-1,-1
Don_King_0001.jpg,4,1,1,1,1,1,0.824576,1.19915,1.01186
Don_Lake_0001.jpg,3,1,2,1,1,1,0.57016,1.04682,0.808492
Don_Matthews_0001.jpg,3,2,2,1,0,0,-1,-1,-1
Don_Nickles_0001.jpg,3,2,2,1,0,0,-1,-1,-1
Don_Siegelman_0001.jpg,3,2,1,1,1,1,0.770262,0.401355,0.585808
Dora_Bakoyianni_0001.jpg,3,1,2,2,1,1,0.502196,0.931197,0.716697
Doris_Schroeder_0001.jpg,4,1,2,2,1,1,0.462903,0.392232,0.427568
Dorothy_Lamour_0001.jpg,2,1,2,2,0,0,-1,-1,-1
Dorothy_Loudon_0001.jpg,3,1,2,2,1,0,1.94217,-1,1.94217
Dorothy_Wilson_0001.jpg,2,1,1,2,1,0,0.865336,-1,0.865336
Dorthy_Moxley_0001.jpg,3,1,1,2,1,1,0.520099,1.31999,0.920043
Dot_Helms_0001.jpg,3,2,2,2,1,1,0.815121,0.254142,0.534631
Douglas_Faneuil_0001.jpg,3,1,2,1,0,0,-1,-1,-1
Douglas_Gansler_0001.jpg,3,2,2,1,0,0,-1,-1,-1
Doug_Christie_0001.jpg,4,1,2,1,1,0,0.78936,-1,0.78936
Doug_Collins_0001.jpg,4,2,2,1,0,0,-1,-1,-1
Doug_Duncan_0001.jpg,3,2,2,1,0,0,-1,-1,-1
Doug_Melvin_0001.jpg,3,2,2,1,1,1,0.549858,0.708761,0.629309
Doug_Moe_0001.jpg,4,1,2,1,1,1,0.609404,0.815485,0.712444
Doug_Racine_0001.jpg,2,2,2,1,0,0,-1,-1,-1
Dragan_Covic_0001.jpg,3,2,2,1,1,0,1.66835,-1,1.66835
Drew_Barrymore_0001.jpg,5,1,2,2,1,1,1.06762,1.56555,1.31658
Drew_Bledsoe_0001.jpg,3,1,2,1,1,0,0.496801,-1,0.496801
Duane_Barber_0001.jpg,3,1,2,1,0,0,-1,-1,-1
Dule_Hill_0001.jpg,3,1,2,1,0,0,-1,-1,-1
Duncan_Fletcher_0001.jpg,3,2,2,1,1,1,0.686177,1.53275,1.10946
Dunn_Lampton_0001.jpg,4,2,2,1,1,1,0.530867,0.316979,0.423923
Dustan_Mohr_0001.jpg,3,2,2,1,0,0,-1,-1,-1
Dustin_Brown_0001.jpg,3,1,2,1,0,0,-1,-1,-1
Du_Qinglin_0001.jpg,2,2,1,1,0,0,-1,-1,-1
Dwain_Kyles_0001.jpg,3,2,2,1,0,0,-1,-1,-1
Dwayne_Wade_0001.jpg,3,1,2,1,1,1,0.474205,0.774179,0.624192
Dyab_Abou_Jahjah_0001.jpg,4,2,2,1,1,0,0.878686,-1,0.878686
Dyana_Calub_0001.jpg,3,1,2,2,0,0,-1,-1,-1
Earl_Campbell_0001.jpg,3,2,2,1,1,0,0.746312,-1,0.746312
Earl_Counter_0001.jpg,4,2,2,1,1,0,0.405067,-1,0.405067
Earl_Fritts_0001.jpg,3,2,2,1,1,1,0.446789,0.412889,0.429839
Earl_Scruggs_0001.jpg,3,1,2,1,1,1,0.463821,0.717084,0.590453
Eddie_Compass_0001.jpg,3,2,2,1,0,0,-1,-1,-1
Eddie_Jordan_0001.jpg,3,1,2,1,0,0,-1,-1,-1
Eddie_Lewis_0001.jpg,3,2,2,1,0,0,-1,-1,-1
Eddie_Lucio_0001.jpg,3,2,2,1,1,1,1.20305,1.58114,1.39209
Eddie_Murray_0001.jpg,3,1,2,1,0,0,-1,-1,-1
Eddie_Sutton_0001.jpg,4,1,2,1,1,1,0.502735,1.32808,0.915407
Eddy_Hartenstein_0001.jpg,2,2,1,1,0,0,-1,-1,-1
Eddy_Merckx_0001.jpg,3,1,2,1,0,0,-1,-1,-1
Edgar_Savisaar_0001.jpg,3,2,1,1,0,0,-1,-1,-1
Edie_Falco_0001.jpg,4,1,2,2,1,1,0.519761,0.447214,0.483487
Edina_Batar_0001.jpg,3,2,2,2,1,1,0.531377,0.916978,0.724178
Edith_Masai_0001.jpg,3,1,2,2,0,0,-1,-1,-1
Edouard_Michelin_0001.jpg,3,2,2,1,1,1,0.835718,0.395995,0.615857
Eduardo_Chillida_0001.jpg,4,2,2,1,1,1,0.503053,0.311889,0.407471
Eduardo_Duhalde_0001.jpg,3,2,2,1,1,1,0.87561,2.3699,1.62276
Eduardo_Fischer_0001.jpg,3,1,2,1,1,0,0.557716,-1,0.557716
Eduardo_Romero_0001.jpg,3,2,2,1,1,1,0.517433,1.00244,0.759935
Eduard_Limonov_0001.jpg,3,1,1,1,0,0,-1,-1,-1
Eduard_Shevardnadze_0001.jpg,3,2,2,1,0,0,-1,-1,-1
Edward_Albee_0001.jpg,4,2,2,1,1,0,0.515319,-1,0.515319
Edward_Burns_0001.jpg,3,1,2,1,1,1,0.763645,0.483732,0.623689
Edward_Egan_0001.jpg,2,2,2,1,1,1,2.07024,1.25993,1.66509
Edward_Flynn_0001.jpg,4,2,2,1,1,1,0.63292,0.512401,0.572661
Edward_Greenspan_0001.jpg,3,2,2,1,1,1,1.07779,0.269041,0.673414
Edward_James_Olmos_0001.jpg,2,1,2,1,1,1,1.8849,0.987441,1.43617
Edward_Johnson_0001.jpg,3,2,1,1,0,0,-1,-1,-1
Edward_Kennedy_0001.jpg,4,2,2,1,1,1,1.06329,0.786153,0.924723
Edward_Lohn_0001.jpg,3,2,2,1,0,0,-1,-1,-1
Edward_Norton_0001.jpg,2,1,2,1,1,1,2.17156,1.40009,1.78582
Edward_Said_0001.jpg,3,2,2,1,0,0,-1,-1,-1
Edward_Seaga_0001.jpg,3,2,2,1,0,0,-1,-1,-1
Edwina_Currie_0001.jpg,3,2,2,2,1,1,0.616221,0.948013,0.782117
Edwin_Edwards_0001.jpg,2,2,2,1,1,1,0.862749,0.822816,0.842782
Ed_Case_0001.jpg,3,1,2,1,1,1,0.557007,0.559695,0.558351
Ed_Rosenthal_0001.jpg,3,1,2,1,0,0,-1,-1,-1
Ed_Smart_0001.jpg,3,1,2,1,1,1,0.813477,0.623255,0.718366
Ed_Sullivan_0001.jpg,3,2,2,1,1,0,1.02163,-1,1.02163
Ed_Wade_0001.jpg,3,1,1,1,0,0,-1,-1,-1
Efrain_Rios_Montt_0001.jpg,3,2,1,1,1,1,0.748972,0.344024,0.546498
Eglis_Yaima_Cruz_0001.jpg,3,1,2,1,1,1,0.680503,0.209681,0.445092
Eileen_Coparropa_0001.jpg,3,1,2,2,1,1,0.440376,0.444787,0.442581
Eileen_Spina_0001.jpg,2,2,2,2,1,1,1.23603,0.641227,0.938627
Einars_Repse_0001.jpg,3,1,2,1,0,0,-1,-1,-1
Ekaterina_Dmitriev_0001.jpg,3,1,2,2,1,1,0.502308,0.579659,0.540983
Ekke_Hard_Forberg_0001.jpg,3,2,2,1,1,1,0.708171,0.554227,0.631199
Eladio_Larez_0001.jpg,3,2,2,1,1,1,1.01061,0.296971,0.653789
Elaine_Chao_0001.jpg,3,2,2,2,1,1,0.74883,0.164399,0.456614
Elena_Dementieva_0001.jpg,3,2,2,2,1,1,1.02972,1.65006,1.33989
Elena_de_Chavez_0001.jpg,4,1,1,2,0,0,-1,-1,-1
Elena_Tihomirova_0001.jpg,3,1,2,2,1,0,0.45921,-1,0.45921
Elgin_Baylor_0001.jpg,3,2,2,1,0,0,-1,-1,-1
Eliane_Karp_0001.jpg,3,1,2,2,0,0,-1,-1,-1
Elias_Attallah_0001.jpg,3,2,1,1,1,0,0.625944,-1,0.625944
Elijah_Wood_0001.jpg,3,1,2,1,1,1,0.623637,0.362971,0.493304
Elijan_Ingram_0001.jpg,3,2,2,1,0,0,-1,-1,-1
Elin_Nordegren_0001.jpg,3,2,1,2,0,0,-1,-1,-1
Eliott_Spitzer_0001.jpg,2,2,2,1,1,1,1.97297,0.526997,1.24998
Elisabeth_Schumacher_0001.jpg,3,1,2,2,1,0,0.792387,-1,0.792387
Elisabeth_Welch_0001.jpg,3,1,2,2,1,0,0.64124,-1,0.64124
Elisha_Cuthbert_0001.jpg,3,1,2,2,1,1,0.76126,1.22616,0.993709
Elizabeth_Berkeley_0001.jpg,3,1,2,2,1,0,0.746446,-1,0.746446
Elizabeth_Dole_0001.jpg,4,1,2,2,1,1,0.608913,0.792319,0.700616
Elizabeth_Hill_0001.jpg,3,2,2,2,0,0,-1,-1,-1
Elizabeth_Pena_0001.jpg,3,1,2,2,0,0,-1,-1,-1
Elizabeth_Regan_0001.jpg,3,1,2,2,1,1,0.484512,0.385503,0.435008
Elizabeth_Shue_0001.jpg,2,1,2,2,1,1,1.4526,2.14836,1.80048
Elizabeth_Smart_0001.jpg,3,2,2,2,1,1,0.863562,1.20129,1.03243
Elizabeth_Taylor_0001.jpg,3,1,2,2,1,1,0.742855,0.550234,0.646545
Eliza_Dushku_0001.jpg,3,2,2,2,0,0,-1,-1,-1
Eliza_Manningham-Buller_0001.jpg,3,1,2,2,0,0,-1,-1,-1
Eli_Broad_0001.jpg,3,2,1,1,0,0,-1,-1,-1
Eli_Rosenbaum_0001.jpg,4,2,2,1,0,0,-1,-1,-1
Eli_Stutsman_0001.jpg,4,2,2,1,1,1,0.763013,0.734726,0.74887
Ellen_DeGeneres_0001.jpg,3,1,2,2,1,1,0.697647,1.51653,1.10709
Ellen_Engleman_0001.jpg,4,2,1,2,1,0,0.696492,-1,0.696492
Ellen_Martin_0001.jpg,3,1,2,2,1,1,0.650224,0.372997,0.51161
Ellen_Pompeo_0001.jpg,3,1,2,2,0,0,-1,-1,-1
Ellen_Saracini_0001.jpg,4,2,2,2,1,1,0.801035,0.57453,0.687782
Elliott_Mincberg_0001.jpg,3,1,1,1,1,1,0.57631,0.623227,0.599769
Elmar_Brok_0001.jpg,3,2,1,1,0,0,-1,-1,-1
Elsa_Zylberstein_0001.jpg,2,1,2,2,0,0,-1,-1,-1
Elton_John_0001.jpg,3,2,1,1,1,1,0.483345,0.411934,0.447639
Elvis_Costello_0001.jpg,3,1,1,1,1,1,0.514629,0.471509,0.493069
Elvis_Presley_0001.jpg,3,2,2,1,0,0,-1,-1,-1
El_Hadji_Diouf_0001.jpg,3,2,2,1,0,0,-1,-1,-1
Emanuel_Ginobili_0001.jpg,3,2,2,1,1,1,0.652984,0.707107,0.680046
Emelie_Loit_0001.jpg,3,2,2,2,0,0,-1,-1,-1
Emile_Lahoud_0001.jpg,5,2,2,1,0,0,-1,-1,-1
Emilio_Azcarraga_Jean_0001.jpg,2,2,2,1,0,0,-1,-1,-1
Emily_Mason_0001.jpg,3,1,2,2,1,1,0.683706,0.527731,0.605719
Emily_Mortimer_0001.jpg,3,1,2,2,1,1,0.643694,0.504947,0.574321
Emily_Robison_0001.jpg,3,1,2,2,0,0,-1,-1,-1
Eminem_0001.jpg,3,2,2,1,1,1,1.61574,1.99562,1.80568
Emmanuel_Filiberto_0001.jpg,3,2,2,1,0,0,-1,-1,-1
Emmanuel_Milingo_0001.jpg,3,2,1,1,0,0,-1,-1,-1
Emma_Nicholson_0001.jpg,4,2,2,2,1,1,0.693434,0.739157,0.716296
Emma_Watson_0001.jpg,3,1,2,2,0,0,-1,-1,-1
Emmit_Smith_0001.jpg,3,2,2,1,0,0,-1,-1,-1
Emyr_Jones_Parry_0001.jpg,4,2,2,1,1,1,0.685926,0.252534,0.46923
Enos_Slaughter_0001.jpg,3,2,2,1,1,0,1.07235,-1,1.07235
Enrica_Fico_0001.jpg,3,1,2,2,0,0,-1,-1,-1
Enrik_Vendt_0001.jpg,3,1,2,1,1,1,0.589328,0.571998,0.580663
Enrique_Haroldo_Gorriaran_Merlo_0001.jpg,3,1,2,1,1,1,0.652349,0.531127,0.591738
Enrique_Iglesias_0001.jpg,3,2,2,1,1,1,0.663705,0.522045,0.592875
Enrique_Medina_Gomez_0001.jpg,4,2,2,1,1,1,1.11075,0.966598,1.03867
Enrique_Oliu_0001.jpg,3,2,2,1,1,1,0.59804,0.36014,0.47909
Erick_Barkley_0001.jpg,3,2,2,1,0,0,-1,-1,-1
Eric_Bana_0001.jpg,3,1,2,1,1,0,0.546075,-1,0.546075
Eric_Benet_0001.jpg,3,1,2,1,0,0,-1,-1,-1
Eric_Christian_Olsen_0001.jpg,3,1,2,1,1,1,1.11457,0.818386,0.966478
Eric_Clapton_0001.jpg,3,2,1,1,0,0,-1,-1,-1
Eric_Daze_0001.jpg,3,1,2,1,1,1,0.638956,1.20724,0.9231
Eric_Dubin_0001.jpg,4,2,2,1,1,1,0.915538,0.829443,0.87249
Eric_Hinske_0001.jpg,3,2,2,1,0,0,-1,-1,-1
Eric_Idle_0001.jpg,3,2,2,1,1,1,0.49409,0.727051,0.61057
Eric_Lindros_0001.jpg,4,2,2,1,0,0,-1,-1,-1
Eric_Robert_Rudolph_0001.jpg,3,2,2,1,0,0,-1,-1,-1
Eric_Rosser_0001.jpg,3,2,2,1,0,0,-1,-1,-1
Eric_Ryan_Donnelly_0001.jpg,3,2,2,1,1,0,0.778511,-1,0.778511
Eric_Shinseki_0001.jpg,4,2,2,1,0,0,-1,-1,-1
Eric_Snow_0001.jpg,3,1,2,1,0,0,-1,-1,-1
Eric_Staal_0001.jpg,3,2,2,1,1,1,0.754728,1.4406,1.09767
Eric_Taino_0001.jpg,3,2,2,1,1,0,0.672931,-1,0.672931
Eric_Vigouroux_0001.jpg,3,2,2,1,0,0,-1,-1,-1
Erika_Christensen_0001.jpg,3,1,2,2,1,1,0.640005,2.06205,1.35103
Erika_Harold_0001.jpg,3,2,2,2,1,1,0.752333,0.707107,0.72972
Erika_Reyes_0001.jpg,3,1,2,2,0,0,-1,-1,-1
Eriko_Tamura_0001.jpg,3,1,2,2,0,0,-1,-1,-1
Ernesto_Zedillo_0001.jpg,3,2,1,1,1,1,0.923022,0.591075,0.757049
Ernest_Hollings_0001.jpg,2,2,2,1,0,0,-1,-1,-1
Ernie_Els_0001.jpg,3,2,2,1,1,1,0.508342,0.53671,0.522526
Ernie_Harwell_0001.jpg,3,2,1,1,0,0,-1,-1,-1
Ernie_Preate_0001.jpg,3,2,2,1,1,1,0.794082,0.670583,0.732333
Erwin_Abdullah_0001.jpg,3,2,2,1,1,1,0.772427,0.411883,0.592155
Erwin_Mapasseng_0001.jpg,3,2,1,1,0,0,-1,-1,-1
Esad_Landzo_0001.jpg,3,2,2,1,1,0,1.03151,-1,1.03151
Esteban_Cordoba-Velazquez_0001.jpg,4,2,2,1,0,0,-1,-1,-1
Estella_Warren_0001.jpg,3,1,2,2,1,0,0.537935,-1,0.537935
Estelle_Morris_0001.jpg,2,1,2,2,0,0,-1,-1,-1
Ester_Canadas_0001.jpg,3,2,2,2,0,0,-1,-1,-1
Ethan_Hawke_0001.jpg,3,2,2,1,1,1,1.48367,1.2456,1.36464
Eugene_Melnyk_0001.jpg,3,2,2,1,1,1,1.93179,0.550707,1.24125
Eugene_Teslovic_0001.jpg,3,1,2,2,1,1,0.658109,0.453691,0.5559
Eunice_Barber_0001.jpg,3,1,2,2,0,0,-1,-1,-1
Eurico_Guterres_0001.jpg,3,2,2,1,0,0,-1,-1,-1
Evander_Holyfield_0001.jpg,3,2,2,1,0,0,-1,-1,-1
Evan_Marriott_0001.jpg,3,2,2,1,0,0,-1,-1,-1
Evan_Rachel_Wood_0001.jpg,3,1,2,2,1,1,0.639914,1.67826,1.15909
Eva_Amurri_0001.jpg,3,1,2,2,0,0,-1,-1,-1
Eva_Herzigova_0001.jpg,2,2,2,2,0,0,-1,-1,-1
Eva_Marie_Saint_0001.jpg,3,1,2,2,1,1,0.625262,1.35296,0.98911
Eva_Mendes_0001.jpg,4,1,2,2,0,0,-1,-1,-1
Eve_Ensler_0001.jpg,3,1,2,2,1,1,0.674737,0.498729,0.586733
Eve_Pelletier_0001.jpg,3,2,2,2,0,0,-1,-1,-1
Evgeni_Plushenko_0001.jpg,3,1,2,1,1,1,0.599194,0.505373,0.552283
Evie_Lazarou_0001.jpg,4,1,2,2,1,1,0.595097,0.507215,0.551156
Evo_Morales_0001.jpg,4,2,2,1,1,1,0.396763,0.577989,0.487376
Ewan_McGregor_0001.jpg,3,1,2,1,0,0,-1,-1,-1
E_Clay_Shaw_0001.jpg,3,2,2,1,1,1,0.956411,1.02104,0.988727
Fabian_Vargas_0001.jpg,3,2,2,1,0,0,-1,-1,-1
Fabrice_Santoro_0001.jpg,3,2,2,1,1,0,0.590133,-1,0.590133
Fabricio_Oberto_0001.jpg,3,2,2,1,1,0,0.442388,-1,0.442388
Fann_Wong_0001.jpg,3,1,2,2,0,0,-1,-1,-1
Farida_Ragoonanan_0001.jpg,3,2,2,2,0,0,-1,-1,-1
Fatma_Kusibeh_0001.jpg,5,2,2,2,0,0,-1,-1,-1
Faye_Alibocus_0001.jpg,3,1,2,2,0,0,-1,-1,-1
Faye_Wong_0001.jpg,3,1,2,2,1,1,0.504997,0.397674,0.451336
Fayssal_Mekdad_0001.jpg,3,2,1,1,0,0,-1,-1,-1
Fazal-ur-Rehman_0001.jpg,3,2,2,1,0,0,-1,-1,-1
Federico_Castelan_Sayre_0001.jpg,3,2,2,1,1,0,0.70548,-1,0.70548
Federico_Fellini_0001.jpg,3,1,2,1,1,0,0.703386,-1,0.703386
Federico_Trillo_0001.jpg,1,2,2,1,0,0,-1,-1,-1
Feliciano_Lopez_0001.jpg,3,2,2,1,0,0,-1,-1,-1
Felipe_Fernandez_0001.jpg,3,1,2,1,0,0,-1,-1,-1
Felipe_Perez_Roque_0001.jpg,3,2,2,1,1,1,0.575751,0.599514,0.587632
Felix_Doh_0001.jpg,3,2,2,1,0,0,-1,-1,-1
Felix_Trinidad_0001.jpg,3,1,2,1,0,0,-1,-1,-1
Ferenc_Madl_0001.jpg,3,2,1,1,1,1,0.420741,1.19881,0.809774
Fernando_Hierro_0001.jpg,3,1,2,1,0,0,-1,-1,-1
Fernando_Leon_de_Aranoa_0001.jpg,3,2,2,1,1,1,0.733072,0.219834,0.476453
Fernando_Sanz_0001.jpg,3,2,2,1,0,0,-1,-1,-1
Fernando_Valenzuela_0001.jpg,3,1,2,1,1,1,0.832521,0.616192,0.724356
Fernando_Velardez_0001.jpg,3,2,2,1,1,1,0.894099,0.384241,0.63917
Festus_Mogae_0001.jpg,3,1,2,1,1,1,0.488342,0.633784,0.561063
Fidel_Castro_Daiz-Balart_0001.jpg,3,1,2,1,0,0,-1,-1,-1
Filippo_Inzaghi_0001.jpg,3,2,2,1,0,0,-1,-1,-1
Filip_De_Winter_0001.jpg,3,2,2,1,0,0,-1,-1,-1
Fiona_Milne_0001.jpg,3,1,2,2,1,0,0.543063,-1,0.543063
Flavia_Delaroli_0001.jpg,3,1,2,2,0,0,-1,-1,-1
Flavia_Pennetta_0001.jpg,3,2,2,2,1,1,0.926788,0.570985,0.748887
Florecita_Cobian_0001.jpg,3,1,2,2,1,1,0.596161,1.68046,1.13831
Floyd_Keith_0001.jpg,3,2,1,1,1,1,0.744329,0.987182,0.865756
Floyd_Mayweather_0001.jpg,3,1,2,1,1,1,1.02489,0.371872,0.69838
Francesco_Totti_0001.jpg,3,2,2,1,1,1,0.458759,1.22669,0.842726
Frances_Fisher_0001.jpg,3,1,2,2,1,1,0.566848,0.732975,0.649912
Francisco_Flores_0001.jpg,3,2,1,1,0,0,-1,-1,-1
Francisco_Garcia_0001.jpg,2,2,2,1,1,1,1.71405,0.773659,1.24385
Francisco_Maturana_0001.jpg,2,1,2,1,0,0,-1,-1,-1
Francisco_Santos_0001.jpg,3,1,1,2,0,0,-1,-1,-1
Francis_Collins_0001.jpg,3,2,1,1,0,0,-1,-1,-1
Francis_Ford_Coppola_0001.jpg,3,2,1,1,0,0,-1,-1,-1
Francis_George_0001.jpg,3,2,1,1,0,0,-1,-1,-1
Francis_Mer_0001.jpg,3,2,2,1,1,1,0.87042,0.274125,0.572273
Francis_Ricciardone_0001.jpg,3,2,2,1,0,0,-1,-1,-1
Franck_Cerutti_0001.jpg,3,1,2,1,1,1,0.747567,0.858932,0.80325
Francois_Ozon_0001.jpg,3,1,2,1,1,1,0.618134,0.933053,0.775594
Franco_Cangele_0001.jpg,3,2,2,1,0,0,-1,-1,-1
Franco_Frattini_0001.jpg,3,2,1,1,1,1,0.685074,0.493492,0.589283
Franko_Simatovic_0001.jpg,3,2,1,1,0,0,-1,-1,-1
Frank_Abagnale_Jr_0001.jpg,3,1,2,1,0,0,-1,-1,-1
Frank_Beamer_0001.jpg,3,2,2,1,0,0,-1,-1,-1
Frank_Cassell_0001.jpg,2,2,2,1,1,1,2.39723,0.583312,1.49027
Frank_Coraci_0001.jpg,2,1,1,1,0,0,-1,-1,-1
Frank_Dunham_Jr_0001.jpg,3,2,1,1,0,0,-1,-1,-1
Frank_Griswold_0001.jpg,3,2,1,1,0,0,-1,-1,-1
Frank_Hilldrup_0001.jpg,3,2,2,1,1,1,1.40765,0.286849,0.847251
Frank_Keating_0001.jpg,4,2,2,1,0,0,-1,-1,-1
Frank_Marshall_0001.jpg,3,2,2,1,1,1,1.1309,1.23012,1.18051
Frank_Murkowski_0001.jpg,3,2,2,1,1,1,0.584372,0.353553,0.468963
Frank_Pallone_0001.jpg,2,2,2,1,1,1,1.82438,1.13691,1.48064
Frank_Schmoekel_0001.jpg,3,2,1,1,0,0,-1,-1,-1
Frank_Sinatra_0001.jpg,2,1,2,1,0,0,-1,-1,-1
Frank_Taylor_0001.jpg,3,2,2,1,1,1,0.791218,1.18171,0.986464
Frank_Van_Ecke_0001.jpg,3,2,2,1,0,0,-1,-1,-1
Frank_Wycheck_0001.jpg,3,2,2,1,1,1,0.766958,0.48012,0.623539
Frank_Zappa_0001.jpg,3,2,2,1,1,0,0.56237,-1,0.56237
Franz_Beckenbauer_0001.jpg,3,1,1,1,0,0,-1,-1,-1
Franz_Fischler_0001.jpg,2,1,2,1,1,1,1.48551,0.316228,0.900868
Franz_Gsell_0001.jpg,3,2,2,1,1,1,0.687371,0.337931,0.512651
Franz_Muentefering_0001.jpg,2,1,1,1,1,0,1.20689,-1,1.20689
Fran_Drescher_0001.jpg,2,1,2,2,0,0,-1,-1,-1
Freddy_Garcia_0001.jpg,4,2,2,1,1,1,0.650048,1.79581,1.22293
Freddy_Vasques_Kinchokpe_0001.jpg,3,2,2,1,0,0,-1,-1,-1
Frederick_Madden_0001.jpg,3,2,2,1,1,1,0.542484,0.421041,0.481762
Fredric_Seaman_0001.jpg,3,1,1,1,0,0,-1,-1,-1
Fred_Durst_0001.jpg,3,1,2,1,1,1,0.594542,0.537484,0.566013
Fred_Eckhard_0001.jpg,3,2,1,1,1,1,0.706891,0.506221,0.606556
Fred_Funk_0001.jpg,3,1,2,1,0,0,-1,-1,-1
Fred_Swan_0001.jpg,3,1,2,1,1,1,0.642048,0.912647,0.777348
Fred_Wilpon_0001.jpg,3,2,2,1,1,1,0.926171,0.710335,0.818253
Fruit_Chan_0001.jpg,3,1,1,1,1,1,0.702671,0.546854,0.624763
Fujio_Cho_0001.jpg,3,1,1,1,1,1,0.544838,0.583554,0.564196
Fujio_Mitarai_0001.jpg,3,1,1,1,1,1,0.811763,0.490527,0.651145
Gabi_Zimmer_0001.jpg,4,2,2,2,1,1,0.458616,1.49699,0.977804
Gabriella_Bo_0001.jpg,3,1,2,2,0,0,-1,-1,-1
Gabrielle_Rose_0001.jpg,3,1,2,2,0,0,-1,-1,-1
Gabrielle_Union_0001.jpg,3,1,2,2,1,1,0.686364,0.447697,0.567031
Gabriel_Batistuta_0001.jpg,3,2,2,1,0,0,-1,-1,-1
Gabriel_Farhi_0001.jpg,3,2,1,1,0,0,-1,-1,-1
Gabriel_Hughes_0001.jpg,4,2,2,1,0,0,-1,-1,-1
Gabriel_Jorge_Ferreia_0001.jpg,3,2,1,1,1,1,0.70495,1.07569,0.89032
Gabriel_Valdes_0001.jpg,3,1,1,1,0,0,-1,-1,-1
Gael_Garcia_Bermal_0001.jpg,3,1,2,1,1,1,0.461518,0.395468,0.428493
Galen_Rowell_0001.jpg,3,1,2,1,1,1,1.00484,0.600592,0.802715
Gao_Qiang_0001.jpg,3,2,1,1,0,0,-1,-1,-1
Garry_Alejano_0001.jpg,3,2,2,1,0,0,-1,-1,-1
Garry_Kasparov_0001.jpg,3,2,2,1,1,1,0.959382,0.514513,0.736947
Garry_McCoy_0001.jpg,4,1,2,1,1,1,0.864905,0.722527,0.793716
Garry_Witherall_0001.jpg,3,2,2,1,0,0,-1,-1,-1
Garth_Drabinsky_0001.jpg,3,2,1,1,0,0,-1,-1,-1
Gary_Bald_0001.jpg,5,2,1,1,0,0,-1,-1,-1
Gary_Barnett_0001.jpg,3,2,2,1,1,1,0.522978,0.730573,0.626776
Gary_Bauer_0001.jpg,2,2,2,1,1,1,1.68213,0.383317,1.03273
Gary_Bettman_0001.jpg,4,2,2,1,1,1,0.471224,0.589923,0.530574
Gary_Carter_0001.jpg,3,1,2,1,0,0,-1,-1,-1
Gary_Coleman_0001.jpg,3,2,2,1,0,0,-1,-1,-1
Gary_Forsee_0001.jpg,3,1,2,1,1,1,0.88834,0.950738,0.919539
Gary_Gero_0001.jpg,3,1,2,1,1,1,1.49336,0.399798,0.946578
Gary_Gitnick_0001.jpg,3,1,2,1,1,1,0.609416,0.243153,0.426284
Gary_Leon_Ridgway_0001.jpg,3,2,1,1,0,0,-1,-1,-1
Gary_Locke_0001.jpg,3,2,1,1,1,1,0.76551,1.01357,0.889538
Gary_Marshall_0001.jpg,3,1,2,1,1,1,0.644553,0.581238,0.612896
Gary_Paer_0001.jpg,3,2,2,1,0,0,-1,-1,-1
Gary_Sayler_0001.jpg,3,2,1,1,1,1,0.680849,0.544004,0.612426
Gary_Sinise_0001.jpg,3,1,2,1,0,0,-1,-1,-1
Gary_Stevens_0001.jpg,3,1,2,1,1,1,0.743247,0.868123,0.805685
Gary_Williams_0001.jpg,3,2,2,1,1,1,0.899055,0.781647,0.840351
Gary_Winnick_0001.jpg,3,1,2,1,1,1,0.608275,0.658385,0.63333
Gavyn_Arthur_0001.jpg,3,1,2,1,1,1,0.724504,0.452769,0.588636
Gavyn_Davies_0001.jpg,3,1,1,1,0,0,-1,-1,-1
Gene_Keady_0001.jpg,3,2,2,1,0,0,-1,-1,-1
Gennifer_Flowers_0001.jpg,3,2,2,2,1,1,0.717811,0.512677,0.615244
Geno_Auriemma_0001.jpg,4,2,1,1,1,1,0.381697,1.03755,0.709623
Geoff_Dixon_0001.jpg,3,2,2,1,1,1,0.613038,0.44652,0.529779
Geoff_Hoon_0001.jpg,3,2,2,1,0,0,-1,-1,-1
George_Blaney_0001.jpg,3,2,1,1,1,0,0.803319,-1,0.803319
George_Brumley_0001.jpg,3,1,1,1,1,1,0.651376,1.12196,0.886668
George_Clooney_0001.jpg,4,1,2,1,0,0,-1,-1,-1
George_Foreman_0001.jpg,3,1,2,1,1,1,0.469741,0.450377,0.460059
George_Galloway_0001.jpg,3,2,2,1,1,1,0.65562,0.841308,0.748464
George_Karl_0001.jpg,3,2,2,1,1,1,0.765864,0.523303,0.644584
George_Lopez_0001.jpg,3,2,2,1,1,1,0.799464,0.563803,0.681633
George_Lucas_0001.jpg,3,1,2,1,1,1,0.722693,0.222575,0.472634
George_Maxwell_Richards_0001.jpg,4,2,1,1,1,1,0.77394,0.69223,0.733085
George_Murphy_0001.jpg,3,2,1,1,0,0,-1,-1,-1
George_Pataki_0001.jpg,3,2,2,1,1,1,0.507494,0.712223,0.609858
George_Roy_Hill_0001.jpg,3,1,2,1,1,0,0.402817,-1,0.402817
George_Ryan_0001.jpg,3,2,1,1,1,1,1.2039,0.333333,0.768617
George_Tenet_0001.jpg,3,1,2,1,1,1,0.614315,0.447214,0.530764
George_W_Bush_0001.jpg,3,1,2,1,1,1,0.657239,0.774021,0.71563
Georgia_Giddings_0001.jpg,3,1,2,2,1,1,0.771184,0.300549,0.535866
Georgina_Papin_0001.jpg,3,2,2,2,0,0,-1,-1,-1
Georgi_Parvanov_0001.jpg,3,1,2,1,0,0,-1,-1,-1
Geraldo_Rivera_0001.jpg,3,1,1,1,1,1,0.693531,0.830419,0.761975
Gerald_Barbarito_0001.jpg,3,1,1,1,0,0,-1,-1,-1
Gerald_Calabrese_0001.jpg,3,2,1,1,1,1,1.27411,0.871852,1.07298
Gerald_Fitch_0001.jpg,3,2,2,1,0,0,-1,-1,-1
Gerald_Ford_0001.jpg,2,2,2,1,1,0,2.13683,-1,2.13683
Gerald_Riley_0001.jpg,3,2,2,1,0,0,-1,-1,-1
Gerard_Depardieu_0001.jpg,2,2,2,1,1,1,0.807452,1.62543,1.21644
Gerard_Kleisterlee_0001.jpg,3,1,2,1,1,1,0.750091,0.47995,0.615021
Gerard_Tronche_0001.jpg,3,1,1,1,0,0,-1,-1,-1
Gerhard_Schroeder_0001.jpg,3,1,2,1,1,1,1.40392,0.758104,1.08101
Gerrit_Zalm_0001.jpg,3,1,1,1,1,0,0.580937,-1,0.580937
Gerry_Kelly_0001.jpg,2,2,1,1,1,1,2.26739,0.899786,1.58359
Ghassan_Elashi_0001.jpg,3,2,1,1,0,0,-1,-1,-1
Gianna_Angelopoulos-Daskalaki_0001.jpg,4,1,2,2,1,1,0.708847,0.396878,0.552862
Giannina_Facio_0001.jpg,4,1,2,2,0,0,-1,-1,-1
Gianni_Agnelli_0001.jpg,3,2,2,1,1,0,0.663628,-1,0.663628
Gian_Marco_0001.jpg,4,1,2,1,1,1,0.594765,0.576524,0.585644
Gideon_Black_0001.jpg,3,2,1,1,1,1,0.726829,0.17346,0.450145
Gideon_Yago_0001.jpg,3,1,1,1,0,0,-1,-1,-1
Gilberto_Rodriguez_Orejuela_0001.jpg,2,2,2,1,1,1,1.41968,0.648969,1.03433
Gillian_Anderson_0001.jpg,3,1,2,2,1,1,0.946461,1.36043,1.15344
Gil_Cates_0001.jpg,3,1,1,1,0,0,-1,-1,-1
Gil_de_Ferran_0001.jpg,3,2,2,1,1,0,0.578227,-1,0.578227
Gina_Gershon_0001.jpg,3,1,2,2,1,1,0.447644,0.546547,0.497095
Gina_Lollobrigida_0001.jpg,3,2,2,2,1,1,0.874491,0.418992,0.646741
Gina_Torres_0001.jpg,2,1,2,2,1,1,0.822645,0.422373,0.622509
Gisele_Bundchen_0001.jpg,3,2,2,2,0,0,-1,-1,-1
Giulietta_Masina_0001.jpg,3,1,2,2,1,0,1.94364,-1,1.94364
Giulio_Andreotti_0001.jpg,3,2,1,1,1,1,1.10236,0.662574,0.882466
Glafcos_Clerides_0001.jpg,3,1,2,1,0,0,-1,-1,-1
Glenn_Rivers_0001.jpg,3,2,2,1,0,0,-1,-1,-1
Glenn_Tilton_0001.jpg,3,2,1,1,1,1,0.615961,0.437048,0.526504
Glen_Clark_0001.jpg,3,1,2,1,1,1,0.767835,0.207835,0.487835
Glen_DaSilva_0001.jpg,3,1,1,1,1,0,0.979042,-1,0.979042
Gloria_Allred_0001.jpg,2,2,2,2,1,1,1.22953,0.761424,0.995476
Gloria_Gaynor_0001.jpg,3,2,2,2,1,1,0.438345,1.07373,0.756038
Gloria_Macapagal_Arroyo_0001.jpg,3,1,2,2,0,0,-1,-1,-1
Gloria_Trevi_0001.jpg,3,2,2,2,0,0,-1,-1,-1
GL_Peiris_0001.jpg,3,2,1,1,0,0,-1,-1,-1
Goh_Kun_0001.jpg,3,2,2,1,1,1,1.00451,0.577062,0.790785
Goldie_Hawn_0001.jpg,3,1,2,2,1,1,0.660425,0.380431,0.520428
Gong_Li_0001.jpg,3,1,2,2,1,1,0.635627,0.996689,0.816158
Gonzalo_Sanchez_de_Lozada_0001.jpg,3,1,2,1,1,1,1.11151,0.96836,1.03994
Goran_Persson_0001.jpg,3,2,2,1,1,1,0.680566,0.404189,0.542378
Goran_Zivkovic_0001.jpg,3,2,2,1,0,0,-1,-1,-1
Gordana_Grubin_0001.jpg,3,2,2,2,1,1,0.612197,0.639137,0.625667
Gorden_Tallis_0001.jpg,3,2,2,1,1,1,0.868547,0.351173,0.60986
Gordon_Campbell_0001.jpg,3,2,1,1,1,1,0.740814,0.525669,0.633241
Gordon_Cooper_0001.jpg,3,2,2,1,1,1,0.899796,0.644129,0.771963
Gordon_Lightfoot_0001.jpg,3,1,2,1,1,1,0.706542,0.484982,0.595762
Gordon_McDonald_0001.jpg,3,1,2,1,1,0,0.476913,-1,0.476913
Gore_Verbinski_0001.jpg,3,1,2,1,1,1,0.550575,0.481345,0.51596
Grace_Brinell_0001.jpg,3,2,2,2,0,0,-1,-1,-1
Grace_Dodd_0001.jpg,3,1,2,2,1,1,0.682465,1.07761,0.880037
Graciano_Rocchigiani_0001.jpg,3,1,2,1,1,1,0.502951,0.44753,0.47524
Grady_Irvin_Jr_0001.jpg,3,2,2,1,0,0,-1,-1,-1
Graham_Bentley_0001.jpg,3,2,2,1,0,0,-1,-1,-1
Grant_Hackett_0001.jpg,3,1,2,1,0,0,-1,-1,-1
Grant_Rossenmeyer_0001.jpg,3,2,2,1,1,1,0.973692,0.685829,0.82976
Gray_Davis_0001.jpg,3,2,2,1,1,1,0.622029,0.742099,0.682064
Gregg_Berhalter_0001.jpg,3,2,2,1,1,1,1.90959,1.44315,1.67637
Gregg_Popovich_0001.jpg,2,2,2,1,0,0,-1,-1,-1
Gregorio_Honasan_0001.jpg,3,2,1,1,0,0,-1,-1,-1
Gregorio_Rosal_0001.jpg,3,2,2,1,1,1,0.866522,0.598298,0.73241
Gregory_Hines_0001.jpg,3,2,1,1,0,0,-1,-1,-1
Gregor_Gysi_0001.jpg,4,2,1,1,1,1,1.43488,1.44397,1.43942
Greg_Frers_0001.jpg,3,1,2,1,1,1,1.07932,0.865026,0.972174
Greg_Gilbert_0001.jpg,4,2,2,1,1,1,1.88637,0.370699,1.12853
Greg_Hennigar_0001.jpg,3,2,2,1,0,0,-1,-1,-1
Greg_Kinnear_0001.jpg,3,2,2,1,1,1,0.565114,0.508837,0.536976
Greg_Kinsey_0001.jpg,3,2,2,1,1,0,0.621826,-1,0.621826
Greg_Ostertag_0001.jpg,3,2,1,1,0,0,-1,-1,-1
Greg_Rusedski_0001.jpg,3,2,2,1,1,1,0.847389,0.246838,0.547114
Gretchen_Mol_0001.jpg,3,1,2,2,1,1,0.911618,0.374201,0.642909
Gro_Harlem_Brundtland_0001.jpg,3,2,2,2,1,1,0.574894,1.22802,0.901458
Guangdong_Ou_Guangyuan_0001.jpg,3,1,2,1,1,1,0.593941,0.178361,0.386151
Guennadi_Chipouline_0001.jpg,3,2,2,1,1,0,0.746864,-1,0.746864
Guillaume_Cannet_0001.jpg,3,1,2,1,0,0,-1,-1,-1
Guillaume_Depardieu_0001.jpg,3,2,2,1,1,1,0.612386,0.464951,0.538669
Guillermo_Coria_0001.jpg,3,2,2,1,0,0,-1,-1,-1
Guillermo_Monroy_0001.jpg,3,1,1,1,0,0,-1,-1,-1
Guillermo_Ortiz_0001.jpg,3,1,1,1,1,1,0.923334,0.217006,0.57017
Guillermo_Ruiz_Polanco_0001.jpg,3,2,1,1,0,0,-1,-1,-1
Gunter_Pleuger_0001.jpg,2,2,1,1,1,1,2.98621,0.898092,1.94215
Gustavo_Cisneros_0001.jpg,3,1,2,1,1,1,0.691054,0.44098,0.566017
Gustavo_Franco_0001.jpg,3,1,1,1,0,0,-1,-1,-1
Gustavo_Kuerten_0001.jpg,3,2,2,1,1,1,0.916993,0.389106,0.653049
Gustavo_Noboa_0001.jpg,3,1,1,1,0,0,-1,-1,-1
Gus_Frerotte_0001.jpg,3,1,2,1,0,0,-1,-1,-1
Gus_Van_Sant_0001.jpg,3,1,2,1,0,0,-1,-1,-1
Guy_Hemmings_0001.jpg,3,2,2,1,1,0,0.701558,-1,0.701558
Guy_Ritchie_0001.jpg,4,1,2,1,1,1,0.871911,0.628148,0.75003
Gwendal_Peizerat_0001.jpg,3,1,2,1,0,0,-1,-1,-1
Gwen_Stefani_0001.jpg,3,1,2,2,1,0,1.23672,-1,1.23672
Gwyneth_Paltrow_0001.jpg,3,1,2,2,0,0,-1,-1,-1
Habib_Hisham_0001.jpg,3,2,2,1,0,0,-1,-1,-1
Habib_Rizieq_0001.jpg,3,1,1,1,1,1,0.722915,0.476599,0.599757
Hadley_Bilger_0001.jpg,3,1,2,2,1,1,0.60972,0.508939,0.559329
Halbert_Fillinger_0001.jpg,3,2,1,1,1,1,0.647357,0.280014,0.463685
Halle_Berry_0001.jpg,3,1,2,2,1,1,0.569204,0.538569,0.553887
Hal_Gehman_0001.jpg,4,2,2,1,1,1,0.516674,0.111249,0.313961
Hal_Sellers_0001.jpg,3,2,2,1,1,1,0.632471,0.556407,0.594439
Hal_Sutton_0001.jpg,3,1,2,1,1,0,0.505814,-1,0.505814
Hamad_Bin_Isa_al-Khalifa_0001.jpg,3,1,2,1,0,0,-1,-1,-1
Hamad_Bin_Jassim_0001.jpg,3,2,2,1,0,0,-1,-1,-1
Hama_Arba_Diallo_0001.jpg,3,1,2,1,0,0,-1,-1,-1
Hamid_Efendi_0001.jpg,3,2,2,1,0,0,-1,-1,-1
Hamid_Karzai_0001.jpg,3,1,2,1,1,1,0.67648,0.289046,0.482763
Hamzah_Haz_0001.jpg,3,2,2,1,0,0,-1,-1,-1
Hamza_Atiya_Muhsen_0001.jpg,3,2,2,1,1,1,0.806024,0.547144,0.676584
Ham_Pong-sil_0001.jpg,3,1,2,2,1,0,0.761838,-1,0.761838
Hanan_Ashrawi_0001.jpg,3,2,2,2,1,1,0.442734,1.32593,0.884334
Hana_Makhmalbaf_0001.jpg,3,1,2,2,0,0,-1,-1,-1
Hana_Sadiq_0001.jpg,3,1,2,2,1,1,0.539023,0.0955973,0.31731
Hana_Urushima_0001.jpg,2,1,2,2,0,0,-1,-1,-1
Hank_Aaron_0001.jpg,3,1,2,1,0,0,-1,-1,-1
Hank_Azaria_0001.jpg,2,1,2,1,1,1,0.91431,0.357198,0.635754
Hanns_Schumacher_0001.jpg,4,2,1,1,1,1,0.631969,0.678768,0.655368
Hans-Christian_Schmid_0001.jpg,2,1,2,1,0,0,-1,-1,-1
Hans_Eichel_0001.jpg,3,1,1,1,0,0,-1,-1,-1
Hans_Leistritz_0001.jpg,3,2,1,1,1,1,1.04487,0.134882,0.589878
Hans_Peter_Briegel_0001.jpg,3,2,2,1,1,1,0.70252,0.362156,0.532338
Han_Sung_Joo_0001.jpg,3,2,1,1,1,1,0.521168,0.665355,0.593262
Harland_Braun_0001.jpg,3,2,2,1,1,1,0.760103,0.380855,0.570479
Harold_Brown_0001.jpg,3,2,2,1,1,1,0.593524,0.217587,0.405556
Harriet_Lessy_0001.jpg,3,1,2,2,0,0,-1,-1,-1
Harrison_Ford_0001.jpg,3,1,2,1,1,1,0.581755,0.346355,0.464055
Harry_Belafonte_0001.jpg,4,1,2,1,0,0,-1,-1,-1
Harry_Schmidt_0001.jpg,2,2,2,1,1,1,1.27505,0.67326,0.974153
Hartmut_Mehdorn_0001.jpg,1,2,2,1,1,1,3.48893,2.26342,2.87617
Harvey_Fierstein_0001.jpg,3,1,1,1,1,1,0.590721,0.578207,0.584464
Harvey_Wachsman_0001.jpg,3,2,2,1,0,0,-1,-1,-1
Harvey_Weinstein_0001.jpg,3,1,2,1,1,1,0.748781,0.53804,0.64341
Hasan_Wirayuda_0001.jpg,3,2,1,1,1,1,0.696268,0.592338,0.644303
Hashan_Tillakaratne_0001.jpg,3,2,2,1,0,0,-1,-1,-1
Hashim_Thaci_0001.jpg,3,1,2,1,0,0,-1,-1,-1
Hassanal_Bolkiah_0001.jpg,3,2,2,1,0,0,-1,-1,-1
Hassan_Nasrallah_0001.jpg,3,1,1,1,0,0,-1,-1,-1
Hassan_Wirajuda_0001.jpg,3,1,1,1,1,1,1.54122,0.894279,1.21775
Haydar_Aliyev_0001.jpg,3,2,2,1,1,1,0.602707,0.439454,0.521081
Hayden_Panettiere_0001.jpg,3,1,2,2,1,0,0.72748,-1,0.72748
Hayley_Tullett_0001.jpg,3,1,2,2,1,1,0.930783,0.235376,0.583079
Heather_Locklear_0001.jpg,3,1,2,2,1,1,0.61716,0.443385,0.530273
Heather_Mills_0001.jpg,3,1,2,2,1,1,0.561979,0.422711,0.492345
Heather_Whitestone_McCallum_0001.jpg,3,1,2,2,1,1,0.531745,0.624921,0.578333
Heather_Willson_0001.jpg,3,2,1,1,0,0,-1,-1,-1
Hector_Babenco_0001.jpg,3,2,2,1,1,1,0.689623,0.609006,0.649315
Hector_Grullon_0001.jpg,3,1,1,1,1,0,0.587988,-1,0.587988
Hector_Mitelman_0001.jpg,3,1,2,1,1,1,0.750625,0.586362,0.668493
Hedayat_Amin_Arsala_0001.jpg,3,2,2,1,1,1,0.630086,0.822447,0.726266
Hee-Won_Han_0001.jpg,3,2,2,2,0,0,-1,-1,-1
Heidi_Fleiss_0001.jpg,3,2,2,2,0,0,-1,-1,-1
Heidi_Klum_0001.jpg,3,1,2,2,0,0,-1,-1,-1
Heinrich_Wolfgang_0001.jpg,3,2,1,1,0,0,-1,-1,-1
Heinz_Feldmann_0001.jpg,3,2,2,1,1,1,0.579827,0.725379,0.652603
Helena_Schneider_0001.jpg,3,1,2,2,1,1,0.832174,1.03699,0.934583
Helene_Eksterowicz_0001.jpg,3,1,2,2,1,1,0.52007,1.03353,0.776801
Helen_Alvare_0001.jpg,3,2,2,2,1,1,0.456528,0.618923,0.537725
Helen_Clark_0001.jpg,3,2,2,2,0,0,-1,-1,-1
Helen_Darling_0001.jpg,3,2,2,2,0,0,-1,-1,-1
Helmut_Panke_0001.jpg,3,2,2,1,1,1,0.819864,0.571089,0.695477
Henk_Bekedam_0001.jpg,3,1,1,1,0,0,-1,-1,-1
Henri_Proglio_0001.jpg,3,1,2,1,0,0,-1,-1,-1
Henry_Castellanos_0001.jpg,3,2,2,1,0,0,-1,-1,-1
Henry_Hilow_0001.jpg,4,2,2,1,1,0,1.00196,-1,1.00196
Henry_Hyde_0001.jpg,3,2,1,1,1,1,0.668222,0.255923,0.462073
Henry_Kissinger_0001.jpg,4,2,1,1,1,1,0.607015,0.651472,0.629244
Henry_Suazo_0001.jpg,3,1,1,1,0,0,-1,-1,-1
Herbie_Hancock_0001.jpg,3,1,1,1,0,0,-1,-1,-1
Herb_Brooks_0001.jpg,2,1,1,1,1,1,1.2877,0.712581,1.00014
Herb_Dhaliwal_0001.jpg,3,2,2,1,1,1,0.647655,0.339527,0.493591
Herb_Sendek_0001.jpg,2,1,2,1,1,1,2.20392,0.762692,1.48331
Hermann_Maier_0001.jpg,3,1,2,1,1,1,0.788375,0.487799,0.638087
Herman_Edwards_0001.jpg,3,2,2,1,0,0,-1,-1,-1
Herman_Moore_0001.jpg,3,1,2,1,0,0,-1,-1,-1
Hermes_Gamonal_0001.jpg,3,2,2,1,0,0,-1,-1,-1
Hermogenes_Ebdane_Jr_0001.jpg,3,2,1,1,1,1,1.81073,0.506544,1.15864
Hichiro_Naemura_0001.jpg,3,2,2,1,1,1,0.566081,0.399346,0.482714
Hideki_Matsui_0001.jpg,3,1,2,1,1,1,0.738124,1.08554,0.91183
Hideki_Sato_0001.jpg,3,1,2,1,1,1,0.87851,0.661993,0.770252
Hidetoshi_Nakata_0001.jpg,3,2,2,1,0,0,-1,-1,-1
Hikmat_al-Azzawi_0001.jpg,3,2,2,1,1,1,0.610539,0.33509,0.472814
Hilary_Duff_0001.jpg,3,1,2,2,1,1,1.39513,0.561299,0.978212
Hilda_Fortune_0001.jpg,3,1,1,2,0,0,-1,-1,-1
Hillary_Clinton_0001.jpg,3,1,2,2,1,1,0.608784,0.453382,0.531083
Hilmi_Akin_Zorlu_0001.jpg,3,1,1,1,1,1,0.683252,0.287381,0.485317
Hilmi_Ozkok_0001.jpg,3,2,1,1,0,0,-1,-1,-1
Himmler_Rebu_0001.jpg,3,2,1,1,0,0,-1,-1,-1
Hipolito_Mejia_0001.jpg,3,1,1,1,1,1,0.562324,0.717464,0.639894
Hiroki_Gomi_0001.jpg,3,2,1,1,1,1,0.535898,0.485496,0.510697
Hiroyuki_Yoshino_0001.jpg,3,1,2,1,1,1,0.730536,1.04238,0.886459
Hisao_Oguchi_0001.jpg,3,1,2,1,0,0,-1,-1,-1
Hisashi_Owada_0001.jpg,3,1,1,1,0,0,-1,-1,-1
Hisham_Halawi_0001.jpg,3,2,2,1,1,0,0.817423,-1,0.817423
Hitomi_Soga_0001.jpg,2,2,2,2,1,1,2.17443,0.856289,1.51536
Hitoshi_Oshitani_0001.jpg,3,2,1,1,1,1,0.687939,0.462115,0.575027
Hitoshi_Tanaka_0001.jpg,3,1,2,1,1,1,0.620966,1.06949,0.845227
Hoda_Asfor_0001.jpg,3,2,2,2,0,0,-1,-1,-1
Holly_Hunter_0001.jpg,2,1,2,2,1,1,0.739025,0.59616,0.667592
Holly_Robinson_Peete_0001.jpg,3,1,2,2,1,0,0.665425,-1,0.665425
Hong_Myung_0001.jpg,3,2,2,1,0,0,-1,-1,-1
Horace_Newcomb_0001.jpg,3,1,1,1,0,0,-1,-1,-1
Horacio_Julio_Pina_0001.jpg,3,2,2,1,1,1,0.474767,0.543619,0.509193
Horst_Koehler_0001.jpg,3,2,2,1,0,0,-1,-1,-1
Hosni_Mubarak_0001.jpg,3,1,2,1,1,1,0.531426,0.365187,0.448307
Howard_Dean_0001.jpg,3,2,2,1,1,1,0.680072,0.611955,0.646013
Howard_Ross_0001.jpg,3,1,1,1,1,1,0.519751,0.322339,0.421045
Howard_Schultz_0001.jpg,3,1,2,1,0,0,-1,-1,-1
Howard_Stern_0001.jpg,3,2,1,1,0,0,-1,-1,-1
Howard_Stringer_0001.jpg,3,1,1,1,1,1,0.596421,0.759513,0.677967
Howard_Wilkinson_0001.jpg,3,1,2,1,0,0,-1,-1,-1
Hrithik_Roshan_0001.jpg,3,2,2,1,0,0,-1,-1,-1
Huang_Suey-Sheng_0001.jpg,3,2,1,1,0,0,-1,-1,-1
Hugh_Campbell_0001.jpg,3,1,2,1,1,1,0.737658,0.257248,0.497453
Hugh_Carey_0001.jpg,3,2,2,1,1,0,1.46626,-1,1.46626
Hugh_Grant_0001.jpg,3,1,2,1,0,0,-1,-1,-1
Hugh_Hefner_0001.jpg,3,1,2,1,1,1,0.725777,0.28638,0.506078
Hugo_Chavez_0001.jpg,3,2,2,1,1,1,0.588938,0.742113,0.665526
Hugo_Colace_0001.jpg,3,2,2,1,0,0,-1,-1,-1
Humberto_Coelho_0001.jpg,3,2,2,1,0,0,-1,-1,-1
Humberto_Espinoza_0001.jpg,3,2,2,1,1,1,1.0958,0.918965,1.00738
Hung_Wan-ting_0001.jpg,3,2,2,2,1,0,0.686414,-1,0.686414
Hunter_Bates_0001.jpg,3,2,2,1,0,0,-1,-1,-1
Hunter_Kemper_0001.jpg,3,1,2,1,0,0,-1,-1,-1
Hushiar_Zebari_0001.jpg,3,2,2,1,1,0,1.11203,-1,1.11203
Hussein_Malik_0001.jpg,3,2,2,1,0,0,-1,-1,-1
Hutomo_Mandala_Putra_0001.jpg,3,1,2,1,1,1,0.683536,0.478526,0.581031
Hu_Maoyuan_0001.jpg,3,1,2,1,0,0,-1,-1,-1
Hwang_Doo-yun_0001.jpg,3,1,1,1,1,1,0.941516,0.415227,0.678372
Iain_Anderson_0001.jpg,3,2,2,1,1,1,1.10569,0.780544,0.943116
Iain_Duncan_Smith_0001.jpg,3,1,2,1,0,0,-1,-1,-1
Iain_Richmond_0001.jpg,3,2,2,1,1,1,0.638135,0.645339,0.641737
Ian_Campbell_0001.jpg,2,2,1,1,1,0,1.52543,-1,1.52543
Ian_Gillan_0001.jpg,3,1,2,1,1,1,0.498542,1.40125,0.949894
Ian_Huntley_0001.jpg,3,2,2,1,1,0,1.49283,-1,1.49283
Ian_Knop_0001.jpg,3,1,1,1,0,0,-1,-1,-1
Ian_McKellen_0001.jpg,3,1,2,1,1,1,1.08789,1.44214,1.26501
Ian_Moran_0001.jpg,3,2,2,1,1,1,0.651733,0.66519,0.658462
Ian_Smith_0001.jpg,3,2,2,1,0,0,-1,-1,-1
Ian_Wilmut_0001.jpg,3,1,1,1,1,1,0.689912,0.201331,0.445621
Ibrahim_Al-Marashi_0001.jpg,3,2,2,1,1,1,0.585649,0.181593,0.383621
Ibrahim_Jaafari_0001.jpg,3,2,2,1,1,1,0.740537,0.245588,0.493063
Ibrahim_Rugova_0001.jpg,3,1,1,1,0,0,-1,-1,-1
Idi_Amin_0001.jpg,3,2,2,1,0,0,-1,-1,-1
Ignacio_Antonio_Velasco_0001.jpg,3,2,1,1,1,1,0.862845,1.01633,0.939588
Igor_Ivanov_0001.jpg,3,2,2,1,1,1,0.797034,0.361752,0.579393
Ilan_Goldfajn_0001.jpg,3,2,1,1,1,1,0.702159,1.01075,0.856457
Ilan_Ramon_0001.jpg,3,1,2,1,0,0,-1,-1,-1
Ilham_Aliev_0001.jpg,3,2,2,1,1,1,0.613376,0.32956,0.471468
Ilie_Nastase_0001.jpg,3,2,2,1,0,0,-1,-1,-1
Imad_Khadduri_0001.jpg,3,1,1,1,1,1,0.441542,0.478386,0.459964
Imad_Moustapha_0001.jpg,3,1,2,1,0,0,-1,-1,-1
Imam_Samudra_0001.jpg,3,1,2,1,1,1,0.896472,0.314465,0.605469
Imelda_Marcos_0001.jpg,3,1,2,2,1,0,0.909227,-1,0.909227
Imran_Khan_0001.jpg,3,1,2,1,0,0,-1,-1,-1
Inam-ul-Haq_0001.jpg,3,1,1,1,1,1,1.01401,0.97069,0.992351
Infanta_Cristina_0001.jpg,3,1,2,2,1,0,0.822848,-1,0.822848
Inga_Hall_0001.jpg,3,2,2,2,0,0,-1,-1,-1
Inocencio_Arias_0001.jpg,3,2,2,1,0,0,-1,-1,-1
Intisar_Ajouri_0001.jpg,3,1,2,2,1,1,0.766379,0.257248,0.511814
Ion_Tiriac_0001.jpg,3,2,1,1,0,0,-1,-1,-1
Ira_Einhorn_0001.jpg,4,2,2,1,1,1,0.935381,1.0861,1.01074
Irfan_Ahmed_0001.jpg,3,2,2,1,0,0,-1,-1,-1
Irina_Framtsova_0001.jpg,3,2,2,2,0,0,-1,-1,-1
Irina_Lobacheva_0001.jpg,4,1,2,2,1,1,0.682379,0.492548,0.587463
Irv_Nathan_0001.jpg,3,2,1,1,0,0,-1,-1,-1
Irwan_Fadzi_Idris_0001.jpg,3,2,2,1,1,1,0.829916,0.943007,0.886461
Isabela_Moraes_0001.jpg,3,1,2,2,0,0,-1,-1,-1
Isabella_Rossellini_0001.jpg,2,1,2,2,1,1,2.45582,3.40478,2.9303
Isabelle_Huppert_0001.jpg,3,1,2,2,0,0,-1,-1,-1
Isabel_Orellana_0001.jpg,3,2,2,1,0,0,-1,-1,-1
Isaiah_Washington_0001.jpg,3,1,1,1,0,0,-1,-1,-1
Isidro_Pastor_0001.jpg,4,1,2,1,1,1,0.54167,0.473481,0.507575
Islam_Karimov_0001.jpg,3,1,2,1,0,0,-1,-1,-1
Ismail_Abu_Shanab_0001.jpg,4,2,2,1,0,0,-1,-1,-1
Ismail_Cem_0001.jpg,3,1,1,1,0,0,-1,-1,-1
Ismail_Khan_0001.jpg,3,1,2,1,0,0,-1,-1,-1
Ismail_Merchant_0001.jpg,4,1,2,1,0,0,-1,-1,-1
Itamar_Franco_0001.jpg,3,2,1,1,1,1,0.494934,0.278289,0.386611
Itzhak_Perlman_0001.jpg,4,1,1,1,0,0,-1,-1,-1
Ivana_Trump_0001.jpg,3,1,2,2,1,1,0.561621,1.28432,0.922972
Ivan_Lee_0001.jpg,3,1,1,1,0,0,-1,-1,-1
Ivan_Stambolic_0001.jpg,3,1,2,1,1,0,1.75734,-1,1.75734
Iva_Majoli_0001.jpg,3,2,2,2,1,1,1.67994,0.336922,1.00843
Iveta_Benesova_0001.jpg,3,2,2,2,1,1,0.603389,1.27505,0.939217
Ivo_Dubs_0001.jpg,3,1,2,1,1,0,0.53316,-1,0.53316
Jaap_de_Hoop_Scheffer_0001.jpg,3,1,2,1,1,1,1.03256,0.549747,0.791153
Jackie_Chan_0001.jpg,3,1,2,1,0,0,-1,-1,-1
Jackie_Dennis_0001.jpg,3,2,1,2,0,0,-1,-1,-1
Jacky_Cheung_0001.jpg,3,2,2,1,1,1,0.472458,0.678962,0.57571
Jack_Grubman_0001.jpg,3,2,2,1,1,0,0.662627,-1,0.662627
Jack_Knowlton_0001.jpg,4,1,2,1,1,1,0.548192,0.672727,0.61046
Jack_LaLanne_0001.jpg,2,1,2,1,1,1,1.01625,0.384232,0.700241
Jack_Nicholson_0001.jpg,3,2,1,1,1,1,0.488937,0.552274,0.520605
Jack_Osbourne_0001.jpg,3,1,1,1,1,0,0.884451,-1,0.884451
Jack_Straw_0001.jpg,3,2,1,1,1,1,0.469191,0.369232,0.419211
Jack_Welch_0001.jpg,3,2,2,1,1,1,0.747374,0.741747,0.744561
Jacob_Frenkel_0001.jpg,3,1,1,1,1,1,0.468162,0.498979,0.48357
Jacqueline_Gold_0001.jpg,3,1,2,2,0,0,-1,-1,-1
Jacqueline_Marris_0001.jpg,2,2,2,2,0,0,-1,-1,-1
Jacques_Chirac_0001.jpg,3,2,2,1,1,1,0.731816,0.275324,0.50357
Jacques_Kallis_0001.jpg,3,2,2,1,0,0,-1,-1,-1
Jacques_Rogge_0001.jpg,2,2,2,1,1,1,1.12501,0.447214,0.786111
Jacques_Villeneuve_0001.jpg,3,1,1,1,1,1,0.841598,1.39388,1.11774
Jada_Pinkett_Smith_0001.jpg,3,1,2,2,1,1,0.568919,1.52628,1.0476
Jade_Jagger_0001.jpg,3,1,2,2,1,1,0.703697,0.493183,0.59844
Jaime_Orti_0001.jpg,2,1,2,1,1,1,0.89884,0.597985,0.748412
Jaime_Pressly_0001.jpg,3,1,2,2,1,1,0.820573,0.411003,0.615788
Jake_Brace_0001.jpg,3,2,2,1,1,1,1.80745,0.896908,1.35218
Jake_Gyllenhaal_0001.jpg,3,1,2,1,1,1,0.556075,0.558154,0.557114
Jake_Plummer_0001.jpg,3,2,2,1,1,1,0.674737,1.28062,0.977681
Jalal_Talabani_0001.jpg,3,1,1,1,0,0,-1,-1,-1
Jalen_Rose_0001.jpg,3,1,2,1,0,0,-1,-1,-1
James_Baker_0001.jpg,3,2,2,1,0,0,-1,-1,-1
James_Ballenger_0001.jpg,3,2,2,1,1,1,0.871727,1.88648,1.37911
James_Barksdale_0001.jpg,3,2,2,1,0,0,-1,-1,-1
James_Becker_0001.jpg,4,2,2,1,1,1,0.982993,0.290142,0.636567
James_Blake_0001.jpg,3,2,2,1,0,0,-1,-1,-1
James_Brazelton_0001.jpg,3,2,2,1,1,1,0.760106,0.787274,0.77369
James_Brosnahan_0001.jpg,3,2,1,1,0,0,-1,-1,-1
James_Caan_0001.jpg,3,1,2,1,1,1,0.575503,0.706226,0.640865
James_Cameron_0001.jpg,3,1,1,1,0,0,-1,-1,-1
James_Carville_0001.jpg,2,2,1,1,1,1,0.75571,0.719445,0.737577
James_Coburn_0001.jpg,3,2,2,1,1,1,0.595654,0.360593,0.478124
James_Coviello_0001.jpg,3,2,1,1,1,1,0.718023,0.433188,0.575605
James_Cunningham_0001.jpg,3,2,2,1,0,0,-1,-1,-1
James_Dingemans_0001.jpg,3,2,2,1,0,0,-1,-1,-1
James_Franco_0001.jpg,3,1,2,1,0,0,-1,-1,-1
James_Gandolfini_0001.jpg,3,1,2,1,1,1,0.861782,0.279596,0.570689
James_Gibson_0001.jpg,4,1,2,1,1,0,0.553504,-1,0.553504
James_Hakett_0001.jpg,3,1,2,1,0,0,-1,-1,-1
James_Harris_0001.jpg,3,2,2,1,0,0,-1,-1,-1
James_Hill_0001.jpg,3,2,1,1,1,1,0.66023,0.384459,0.522344
James_Hoffa_0001.jpg,3,1,2,1,1,0,0.544871,-1,0.544871
James_Ivory_0001.jpg,3,1,2,1,0,0,-1,-1,-1
James_Kelly_0001.jpg,3,1,2,1,1,1,0.501889,0.732235,0.617062
James_Kirtley_0001.jpg,3,2,2,1,0,0,-1,-1,-1
James_Kopp_0001.jpg,3,2,1,1,1,1,0.5517,0.413946,0.482823
James_Layug_0001.jpg,3,2,2,1,1,0,0.75135,-1,0.75135
James_Lockhart_0001.jpg,2,2,1,1,1,1,1.64239,0.940011,1.2912
James_Maguire_0001.jpg,3,2,1,1,0,0,-1,-1,-1
James_McGreevey_0001.jpg,3,1,2,1,1,1,1.40446,0.359084,0.881772
James_McMahon_0001.jpg,3,2,1,1,0,0,-1,-1,-1
James_McPherson_0001.jpg,3,1,2,1,0,0,-1,-1,-1
James_Meeks_0001.jpg,3,2,2,1,0,0,-1,-1,-1
James_Meredeth_0001.jpg,3,1,2,1,0,0,-1,-1,-1
James_Morris_0001.jpg,3,1,2,1,0,0,-1,-1,-1
James_Murdoch_0001.jpg,3,1,1,1,0,0,-1,-1,-1
James_Phelps_0001.jpg,3,1,2,1,1,1,0.71503,0.515153,0.615092
James_Robertson_Jr_0001.jpg,3,1,2,1,0,0,-1,-1,-1
James_Sensenbrenner_0001.jpg,3,2,1,1,0,0,-1,-1,-1
James_Smith_0001.jpg,3,2,1,1,1,1,0.846065,0.886181,0.866123
James_Spalding_0001.jpg,3,2,1,1,1,1,0.553911,0.371308,0.46261
James_Traficant_0001.jpg,3,2,1,1,0,0,-1,-1,-1
James_Wallack_0001.jpg,3,2,2,1,0,0,-1,-1,-1
James_Watt_0001.jpg,3,1,1,1,1,1,0.722625,1.32177,1.0222
James_Williams_0001.jpg,3,1,1,1,1,1,0.654427,0.448124,0.551276
James_Wolfensohn_0001.jpg,3,1,2,1,0,0,-1,-1,-1
James_W_Kennedy_0001.jpg,3,1,2,1,1,1,0.671882,0.628545,0.650214
James_Young_0001.jpg,3,2,2,1,1,1,1.03871,0.741999,0.890353
Jamie_Carey_0001.jpg,3,1,2,2,1,1,0.635452,0.6238,0.629626
Jamie_Dimon_0001.jpg,3,2,2,1,0,0,-1,-1,-1
Jamie_King_0001.jpg,4,1,2,2,0,0,-1,-1,-1
Jamie_Martin_0001.jpg,3,2,2,1,1,1,0.629973,0.873684,0.751829
Jamie_Olis_0001.jpg,3,1,2,1,0,0,-1,-1,-1
Jamie_Villafane_0001.jpg,3,2,2,1,1,1,0.521268,0.700499,0.610884
Jamir_Miller_0001.jpg,3,1,2,1,0,0,-1,-1,-1
Jamling_Norgay_0001.jpg,3,1,2,1,1,1,0.68935,0.371496,0.530423
Jan-Michael_Gambill_0001.jpg,3,2,2,1,0,0,-1,-1,-1
Jana_Henke_0001.jpg,3,2,2,1,0,0,-1,-1,-1
Janela_Jara_0001.jpg,3,2,2,2,1,1,0.616434,1.32496,0.970698
Janette_Husarova_0001.jpg,2,1,2,2,1,1,2.452,0.540541,1.49627
Janet_Chandler_0001.jpg,3,1,2,2,0,0,-1,-1,-1
Janet_Crawford_0001.jpg,3,2,1,2,1,1,0.520095,0.600812,0.560454
Janet_Ecker_0001.jpg,3,2,1,2,1,1,0.614074,1.27325,0.943663
Janet_Horvath_0001.jpg,2,2,1,2,0,0,-1,-1,-1
Janet_Leigh_0001.jpg,3,1,2,2,1,1,0.54281,0.674692,0.608751
Janet_Napolitano_0001.jpg,3,1,2,2,1,1,0.519388,0.567183,0.543286
Janet_Thorpe_0001.jpg,3,2,2,2,0,0,-1,-1,-1
Janez_Drnovsek_0001.jpg,3,1,2,1,1,1,0.58582,0.584042,0.584931
Jane_Clayson_0001.jpg,3,1,2,2,0,0,-1,-1,-1
Jane_Fonda_0001.jpg,3,1,1,2,0,0,-1,-1,-1
Jane_Kaczmarek_0001.jpg,3,1,2,2,1,1,1.04224,0.922327,0.982286
Jane_Krakowski_0001.jpg,3,1,2,2,1,1,0.839024,1.83698,1.338
Jane_Leeves_0001.jpg,3,1,2,2,0,0,-1,-1,-1
Jane_Menelaus_0001.jpg,3,1,2,2,1,1,0.778004,1.40429,1.09115
Jane_Pauley_0001.jpg,3,1,2,2,1,1,0.782967,0.41092,0.596944
Jane_Riley_0001.jpg,3,1,1,2,0,0,-1,-1,-1
Jane_Rooney_0001.jpg,3,1,2,2,1,1,0.936731,0.502588,0.71966
Jane_Russell_0001.jpg,3,1,2,2,0,0,-1,-1,-1
Jane_Walker_Wood_0001.jpg,3,1,2,2,1,1,0.543109,0.427365,0.485237
Janica_Kostelic_0001.jpg,3,1,2,2,0,0,-1,-1,-1
Janice_Abreu_0001.jpg,3,1,2,2,1,1,0.67988,0.542127,0.611003
Janice_Goldfinger_0001.jpg,2,1,1,2,1,1,2.35009,2.32749,2.33879
Janis_Ruth_Coulter_0001.jpg,3,1,2,2,0,0,-1,-1,-1
Janusz_Kaminski_0001.jpg,3,1,1,1,0,0,-1,-1,-1
Jan_De_Bont_0001.jpg,3,1,2,1,0,0,-1,-1,-1
Jan_Pronk_0001.jpg,3,2,1,1,0,0,-1,-1,-1
Jan_van_Breda_Kolff_0001.jpg,3,1,2,1,1,0,0.678106,-1,0.678106
Jason_Biggs_0001.jpg,3,1,2,1,0,0,-1,-1,-1
Jason_Campbell_0001.jpg,3,2,2,1,0,0,-1,-1,-1
Jason_Kapono_0001.jpg,3,1,2,1,0,0,-1,-1,-1
Jason_Keep_0001.jpg,2,1,2,1,0,0,-1,-1,-1
Jason_Kidd_0001.jpg,3,2,2,1,0,0,-1,-1,-1
Jason_Mewes_0001.jpg,4,1,2,1,1,1,0.384671,0.646046,0.515358
Jason_Petty_0001.jpg,3,1,2,1,0,0,-1,-1,-1
Jason_Priestley_0001.jpg,3,2,2,1,1,1,0.496833,0.330357,0.413595
Jason_Sorens_0001.jpg,3,1,2,1,1,1,1.33718,1.61446,1.47582
Jason_Statham_0001.jpg,3,1,2,1,1,1,0.721168,0.448729,0.584949
Jason_Vale_0001.jpg,3,1,2,1,1,1,0.734252,1.06032,0.897286
Javier_Camara_0001.jpg,3,1,1,1,1,1,0.633683,0.76649,0.700086
Javier_Saviola_0001.jpg,3,1,2,1,0,0,-1,-1,-1
Javier_Vargas_0001.jpg,3,1,2,1,0,0,-1,-1,-1
Javier_Vazquez_0001.jpg,3,2,2,1,0,0,-1,-1,-1
Javier_Zanetti_0001.jpg,3,2,2,1,1,1,0.567543,1.52588,1.04671
Jawad_Boulus_0001.jpg,3,2,1,1,0,0,-1,-1,-1
Jaymon_Crabb_0001.jpg,4,1,2,1,0,0,-1,-1,-1
Jayne_Yarris_0001.jpg,4,2,2,2,0,0,-1,-1,-1
Jayson_Williams_0001.jpg,3,2,2,1,0,0,-1,-1,-1
Jay_Garner_0001.jpg,3,2,1,1,0,0,-1,-1,-1
Jay_Leno_0001.jpg,3,2,2,1,1,1,0.545706,0.498752,0.522229
Jay_Rasulo_0001.jpg,3,2,1,1,0,0,-1,-1,-1
Jean-Claude_Braquet_0001.jpg,3,2,2,1,1,1,0.643443,1.34515,0.994296
Jean-Claude_Juncker_0001.jpg,3,2,1,1,0,0,-1,-1,-1
Jean-Claude_Trichet_0001.jpg,3,1,2,1,0,0,-1,-1,-1
Jean-Claude_Van_Damme_0001.jpg,3,1,2,1,1,1,0.738927,0.719129,0.729028
Jean-David_Levitte_0001.jpg,3,2,1,1,0,0,-1,-1,-1
Jean-Francois_Pontal_0001.jpg,3,1,2,1,1,1,0.512877,0.694482,0.603679
Jean-Luc_Bideau_0001.jpg,3,1,2,1,0,0,-1,-1,-1
Jean-Marc_de_La_Sabliere_0001.jpg,4,1,1,1,1,1,0.517048,0.564262,0.540655
Jean-Pierre_Bemba_0001.jpg,3,2,2,1,0,0,-1,-1,-1
Jean-Rene_Fourtou_0001.jpg,3,1,2,1,0,0,-1,-1,-1
Jeane_Kirkpatrick_0001.jpg,3,2,2,2,0,0,-1,-1,-1
Jeannette_Biedermann_0001.jpg,3,1,1,2,1,1,0.608886,1.87812,1.2435
Jeanne_Anne_Schroeder_0001.jpg,3,1,2,2,1,1,0.621337,0.324274,0.472805
Jean_Brumley_0001.jpg,3,1,2,2,1,1,0.771467,1.78355,1.27751
Jean_Carnahan_0001.jpg,3,2,2,2,1,1,0.912681,0.312256,0.612469
Jean_Charest_0001.jpg,3,1,2,1,0,0,-1,-1,-1
Jean_Chretien_0001.jpg,2,1,2,1,1,1,0.953743,0.446257,0.7
Jean_Nagel_0001.jpg,3,1,2,2,1,0,1.21618,-1,1.21618
Jean_Todt_0001.jpg,2,1,2,1,0,0,-1,-1,-1
Jefferson_Perez_0001.jpg,2,2,2,1,1,1,0.827784,1.0435,0.935641
Jeffery_Hendren_0001.jpg,2,1,1,1,1,1,1.71505,0.622508,1.16878
Jeffrey_Archer_0001.jpg,2,1,1,1,1,1,1.65557,0.838459,1.24701
Jeffrey_Ashby_0001.jpg,3,1,2,1,0,0,-1,-1,-1
Jeffrey_Jones_0001.jpg,3,2,2,1,1,1,1.67278,0.485071,1.07893
Jeffrey_Scott_Postell_0001.jpg,3,1,2,1,1,1,0.478947,0.649589,0.564268
Jeff_Bridges_0001.jpg,3,1,2,1,1,1,1.43028,0.62867,1.02947
Jeff_Dederian_0001.jpg,3,2,2,1,1,1,0.473669,0.412311,0.44299
Jeff_Hornacek_0001.jpg,3,2,2,1,1,1,0.628262,0.394484,0.511373
Jeff_Roehm_0001.jpg,3,2,2,1,1,1,0.741085,0.488667,0.614876
Jeff_Schiffner_0001.jpg,2,2,2,1,1,1,1.15908,0.502299,0.830691
Jeff_Van_Gundy_0001.jpg,3,2,2,1,0,0,-1,-1,-1
Jelena_Dokic_0001.jpg,3,2,2,2,1,1,0.808797,0.291858,0.550327
Jenna_Elfman_0001.jpg,3,1,2,2,1,1,0.697423,1.23487,0.966147
Jennette_Bradley_0001.jpg,3,1,2,2,0,0,-1,-1,-1
Jennie_Finch_0001.jpg,3,2,2,2,1,1,0.851187,0.47892,0.665053
Jennie_Garth_0001.jpg,3,1,2,2,1,0,0.635133,-1,0.635133
Jennifer_Connelly_0001.jpg,3,1,2,2,1,1,0.584256,0.382922,0.483589
Jennifer_Furminger_0001.jpg,2,2,2,2,1,1,0.855725,0.453413,0.654569
Jennifer_Garner_0001.jpg,3,1,2,2,1,1,0.586045,0.268259,0.427152
Jennifer_Granholm_0001.jpg,3,2,2,2,1,1,0.605186,0.546088,0.575637
Jennifer_Gratz_0001.jpg,4,2,2,2,0,0,-1,-1,-1
Jennifer_Keller_0001.jpg,3,2,2,2,1,1,0.652892,0.289421,0.471156
Jennifer_Lopez_0001.jpg,3,1,2,2,1,1,0.734668,1.19348,0.964073
Jennifer_Love_Hewitt_0001.jpg,3,1,2,2,1,1,0.947574,0.968443,0.958008
Jennifer_McCoy_0001.jpg,2,2,2,2,1,1,1.3861,0.574231,0.980164
Jennifer_Pena_0001.jpg,3,2,2,2,0,0,-1,-1,-1
Jennifer_Rodriguez_0001.jpg,3,2,2,2,1,1,0.521519,0.501294,0.511406
Jennifer_Tilly_0001.jpg,3,1,2,2,0,0,-1,-1,-1
Jenny_Romero_0001.jpg,3,2,2,2,1,0,0.857062,-1,0.857062
Jens_Lehmann_0001.jpg,3,2,2,1,0,0,-1,-1,-1
Jen_Schefft_0001.jpg,3,1,2,2,0,0,-1,-1,-1
Jeong_Se-hyun_0001.jpg,3,2,1,1,0,0,-1,-1,-1
Jerelle_Kraus_0001.jpg,3,2,2,2,0,0,-1,-1,-1
Jeremy_Gompertz_0001.jpg,4,2,2,1,1,1,0.783936,0.776493,0.780214
Jeremy_Wotherspoon_0001.jpg,3,2,2,1,1,1,1.22637,1.64326,1.43482
Jeri_Ryan_0001.jpg,3,1,2,2,1,1,0.518715,1.02217,0.770442
Jerome_Golmard_0001.jpg,3,2,2,1,0,0,-1,-1,-1
Jerome_Jenkins_0001.jpg,3,2,2,1,0,0,-1,-1,-1
Jerry_Angelo_0001.jpg,3,2,1,1,1,1,0.640907,0.34549,0.493198
Jerry_Colangelo_0001.jpg,3,1,2,1,1,1,1.14489,0.392232,0.768559
Jerry_Falwell_0001.jpg,3,1,2,1,1,1,0.561187,0.688099,0.624643
Jerry_Hall_0001.jpg,3,1,2,2,0,0,-1,-1,-1
Jerry_Jones_0001.jpg,3,1,2,1,1,1,0.570904,0.201958,0.386431
Jerry_Lewis_0001.jpg,3,2,2,1,1,1,0.542173,0.824768,0.683471
Jerry_Oliver_0001.jpg,2,2,2,1,0,0,-1,-1,-1
Jerry_Pauley_0001.jpg,3,2,1,1,1,1,0.698311,0.670209,0.68426
Jerry_Seinfeld_0001.jpg,3,1,2,1,0,0,-1,-1,-1
Jerry_Sexton_0001.jpg,3,1,2,1,1,1,0.738288,1.12354,0.930915
Jerry_Springer_0001.jpg,3,2,1,1,0,0,-1,-1,-1
Jerry_Tarkanian_0001.jpg,3,1,1,1,1,1,0.868739,0.702348,0.785543
Jesse_Helms_0001.jpg,2,1,1,1,1,1,1.03926,0.820389,0.929824
Jesse_James_0001.jpg,3,2,2,1,0,0,-1,-1,-1
Jesse_James_Leija_0001.jpg,3,2,2,1,0,0,-1,-1,-1
Jesse_Ventura_0001.jpg,4,2,2,1,1,1,0.439088,0.606012,0.52255
Jessica_Alba_0001.jpg,3,1,2,2,1,1,0.664604,0.443328,0.553966
Jessica_Biel_0001.jpg,3,1,2,2,0,0,-1,-1,-1
Jessica_Brungo_0001.jpg,4,2,2,2,0,0,-1,-1,-1
Jessica_Capshaw_0001.jpg,3,1,2,2,0,0,-1,-1,-1
Jessica_Lange_0001.jpg,3,1,1,2,1,1,0.559271,1.30685,0.933059
Jessica_Lynch_0001.jpg,3,1,2,2,1,1,0.552728,0.523679,0.538203
Jessica_Simpson_0001.jpg,3,1,2,2,1,1,0.662861,1.11996,0.891411
Jesus_Cardenal_0001.jpg,2,2,2,1,0,0,-1,-1,-1
Jewel_Howard-Taylor_0001.jpg,3,1,2,2,1,1,0.694183,0.229104,0.461644
Jimmy_Carter_0001.jpg,3,2,2,1,0,0,-1,-1,-1
Jimmy_Gurule_0001.jpg,3,2,2,1,0,0,-1,-1,-1
Jimmy_Iovine_0001.jpg,2,1,1,1,1,0,1.2016,-1,1.2016
Jimmy_Jimenez_0001.jpg,3,1,1,1,1,0,0.527253,-1,0.527253
Jimmy_Kimmel_0001.jpg,3,1,2,1,0,0,-1,-1,-1
Jimmy_Lee_0001.jpg,3,2,1,1,1,1,0.910727,0.618871,0.764799
Jimmy_Smits_0001.jpg,3,1,1,1,0,0,-1,-1,-1
Jimmy_Szymanski_0001.jpg,3,2,2,1,0,0,-1,-1,-1
Jim_Abbott_0001.jpg,3,1,2,1,0,0,-1,-1,-1
Jim_Ahern_0001.jpg,3,1,2,1,0,0,-1,-1,-1
Jim_Anderson_0001.jpg,3,1,2,1,1,1,0.872981,0.506562,0.689771
Jim_Beattie_0001.jpg,2,2,2,1,1,1,1.64988,0.470334,1.06011
Jim_Bollman_0001.jpg,3,2,2,1,0,0,-1,-1,-1
Jim_Bunning_0001.jpg,3,1,1,1,1,1,0.576691,0.441522,0.509107
Jim_Calhoun_0001.jpg,4,2,2,1,1,1,0.694981,0.483188,0.589084
Jim_Doyle_0001.jpg,4,1,2,1,1,1,0.553912,0.714317,0.634115
Jim_Fassel_0001.jpg,3,2,2,1,0,0,-1,-1,-1
Jim_Flaherty_0001.jpg,3,2,2,1,1,1,0.515979,0.702874,0.609426
Jim_Freudenberg_0001.jpg,3,2,2,1,0,0,-1,-1,-1
Jim_Furyk_0001.jpg,3,2,2,1,1,1,1.12908,1.4589,1.29399
Jim_Greenwood_0001.jpg,3,2,1,1,1,1,0.545195,0.701734,0.623464
Jim_Hahn_0001.jpg,3,1,2,1,0,0,-1,-1,-1
Jim_Hardin_0001.jpg,2,2,2,1,1,1,1.61434,1.46975,1.54204
Jim_Harrick_0001.jpg,4,1,2,1,1,0,0.852087,-1,0.852087
Jim_Haslett_0001.jpg,2,2,2,1,1,1,1.43767,1.9338,1.68574
Jim_Jeffords_0001.jpg,3,1,2,1,0,0,-1,-1,-1
Jim_Kelly_0001.jpg,4,1,2,1,1,1,0.574114,0.851638,0.712876
Jim_Leach_0001.jpg,3,1,2,1,1,1,0.706811,0.330122,0.518466
Jim_Letten_0001.jpg,3,2,2,1,1,1,0.543037,0.666667,0.604852
Jim_Nochols_0001.jpg,3,1,2,1,0,0,-1,-1,-1
Jim_OBrien_0001.jpg,3,1,2,1,1,1,0.547349,0.702838,0.625094
Jim_Otto_0001.jpg,4,1,2,1,1,0,0.539523,-1,0.539523
Jim_Parque_0001.jpg,3,2,2,1,1,0,0.637946,-1,0.637946
Jim_Ryan_0001.jpg,3,1,2,1,1,1,0.789826,0.354032,0.571929
Jim_Schwarz_0001.jpg,3,1,1,1,0,0,-1,-1,-1
Jim_Sterk_0001.jpg,3,2,1,1,1,1,0.991328,0.848896,0.920112
Jim_Talent_0001.jpg,3,2,1,1,1,1,0.484486,0.409616,0.447051
Jim_Taylor_0001.jpg,4,1,2,1,0,0,-1,-1,-1
Jim_Thome_0001.jpg,3,1,2,1,0,0,-1,-1,-1
Jim_Tressel_0001.jpg,3,1,2,1,1,1,0.851271,0.417106,0.634188
Jim_Wall_0001.jpg,3,1,1,1,0,0,-1,-1,-1
Jim_Wessling_0001.jpg,3,1,2,1,1,1,0.6907,1.2998,0.995252
Jim_Wong_0001.jpg,3,2,1,1,0,0,-1,-1,-1
JJ_Redick_0001.jpg,3,2,2,1,0,0,-1,-1,-1
JK_Rowling_0001.jpg,3,1,2,2,0,0,-1,-1,-1
Joanna_Poitier_0001.jpg,3,1,2,2,1,1,0.72215,1.28037,1.00126
Joanne_Woodward_0001.jpg,3,1,2,2,1,0,0.665159,-1,0.665159
Joan_Collins_0001.jpg,3,1,2,2,0,0,-1,-1,-1
Joan_Jett_0001.jpg,3,1,2,2,0,0,-1,-1,-1
Joan_Laporta_0001.jpg,3,1,2,1,0,0,-1,-1,-1
Joao_Rocha_0001.jpg,2,2,1,1,0,0,-1,-1,-1
Joaquim_Levy_0001.jpg,3,1,1,1,1,1,0.538619,0.408314,0.473466
Joaquin_Sanchez_0001.jpg,2,2,2,1,1,1,2.95879,1.85748,2.40813
Job_Cohen_0001.jpg,3,1,2,1,1,1,0.52771,0.577693,0.552701
Jodie_Foster_0001.jpg,4,1,2,2,1,0,0.760186,-1,0.760186
Jodie_Henry_0001.jpg,3,1,2,2,1,0,0.625958,-1,0.625958
Jodie_Kidd_0001.jpg,3,1,2,2,0,0,-1,-1,-1
Jody_Richards_0001.jpg,3,1,1,1,1,1,1.11243,0.77024,0.941334
Joel_Gallen_0001.jpg,3,1,2,1,1,1,0.651648,0.858085,0.754866
Joel_Todd_0001.jpg,3,2,1,1,1,0,0.594515,-1,0.594515
Joerg_Haider_0001.jpg,3,2,2,1,0,0,-1,-1,-1
Joey_Harrington_0001.jpg,3,1,2,1,1,1,0.943325,0.346139,0.644732
Joey_Mantia_0001.jpg,3,1,1,1,0,0,-1,-1,-1
Joe_Calzaghe_0001.jpg,3,1,2,1,0,0,-1,-1,-1
Joe_Darrell_0001.jpg,3,1,2,1,1,1,0.876749,0.287053,0.581901
Joe_DeLamielleure_0001.jpg,3,1,2,1,1,1,1.21711,1.28501,1.25106
Joe_Dicaro_0001.jpg,3,2,2,1,0,0,-1,-1,-1
Joe_Dumars_0001.jpg,3,1,2,1,0,0,-1,-1,-1
Joe_Garner_0001.jpg,3,1,2,1,1,1,0.659724,0.234026,0.446875
Joe_Gatti_0001.jpg,3,1,2,1,1,1,0.628522,0.351756,0.490139
Joe_Glover_0001.jpg,3,2,2,1,1,1,0.672231,0.269663,0.470947
Joe_Lieberman_0001.jpg,3,1,2,1,0,0,-1,-1,-1
Joe_Mantegna_0001.jpg,2,2,2,1,1,1,1.50184,0.618347,1.06009
Joe_Metz_0001.jpg,3,1,2,1,1,1,1.44966,0.896977,1.17332
Joe_Nichols_0001.jpg,2,1,2,1,1,1,0.662313,0.518235,0.590274
Joe_Paterno_0001.jpg,3,1,1,1,0,0,-1,-1,-1
Joe_Strummer_0001.jpg,3,2,2,1,1,1,1.09299,1.83967,1.46633
Joe_Torre_0001.jpg,2,1,2,1,1,1,1.21644,0.409583,0.813009
Joe_Vandever_0001.jpg,4,2,1,1,1,1,0.940734,1.13181,1.03627
Johannes_Rau_0001.jpg,3,1,2,1,1,1,0.597229,0.419001,0.508115
Johnnie_Lynn_0001.jpg,3,1,2,1,1,1,0.635474,0.929597,0.782535
Johnny_Benson_0001.jpg,3,1,2,1,1,1,0.684864,0.182283,0.433574
Johnny_Carson_0001.jpg,3,1,2,1,1,1,0.663381,0.764835,0.714108
Johnny_Htu_0001.jpg,3,2,2,2,0,0,-1,-1,-1
Johnny_Unitas_0001.jpg,3,1,2,1,1,0,0.524777,-1,0.524777
Johnson_Panjaitan_0001.jpg,3,2,2,1,1,1,0.560589,0.671832,0.61621
John_Allen_Muhammad_0001.jpg,3,2,2,1,0,0,-1,-1,-1
John_Baldacci_0001.jpg,3,2,2,1,0,0,-1,-1,-1
John_Belushi_0001.jpg,3,1,2,1,1,0,0.88297,-1,0.88297
John_Blaney_0001.jpg,3,2,1,1,1,1,0.839214,0.251101,0.545157
John_Bolton_0001.jpg,3,2,1,1,1,1,0.495165,1.20975,0.852456
John_Bond_0001.jpg,3,2,1,1,1,1,0.662983,0.35445,0.508717
John_Burnett_0001.jpg,3,2,2,1,1,1,0.651952,0.613719,0.632836
John_Coomber_0001.jpg,3,2,1,1,0,0,-1,-1,-1
John_Cornyn_0001.jpg,3,2,2,1,0,0,-1,-1,-1
John_Cruz_0001.jpg,3,1,1,1,0,0,-1,-1,-1
John_Dallager_0001.jpg,3,2,1,1,0,0,-1,-1,-1
John_Danforth_0001.jpg,3,1,2,1,1,1,0.838521,2.61458,1.72655
John_Darby_0001.jpg,3,1,2,1,1,0,0.820873,-1,0.820873
John_Duprey_0001.jpg,3,2,2,1,1,1,1.02117,0.766684,0.893925
John_Eastman_0001.jpg,3,2,2,1,1,1,0.873971,0.409745,0.641858
John_Eder_0001.jpg,3,1,2,1,0,0,-1,-1,-1
John_Edwards_0001.jpg,3,2,2,1,1,1,0.563525,0.691004,0.627264
John_Elway_0001.jpg,3,2,2,1,0,0,-1,-1,-1
John_Engler_0001.jpg,3,2,1,1,1,1,1.03723,0.687874,0.86255
John_Fox_0001.jpg,3,2,2,1,0,0,-1,-1,-1
John_Franco_0001.jpg,3,2,2,1,0,0,-1,-1,-1
John_F_Kennedy_Jr_0001.jpg,3,2,2,1,0,0,-1,-1,-1
John_Garamendi_0001.jpg,3,1,2,1,0,0,-1,-1,-1
John_Geoghan_0001.jpg,4,1,2,1,0,0,-1,-1,-1
John_Goold_0001.jpg,3,2,1,1,1,1,1.21834,0.7283,0.973318
John_Gordnick_0001.jpg,3,2,2,1,0,0,-1,-1,-1
John_Gruden_0001.jpg,3,2,2,1,1,1,1.57846,0.134732,0.856596
John_Hartson_0001.jpg,3,2,2,1,0,0,-1,-1,-1
John_Henry_0001.jpg,4,2,1,2,1,1,0.94262,1.51097,1.22679
John_Herrington_0001.jpg,3,1,2,1,1,1,0.725478,0.4599,0.592689
John_Howard_0001.jpg,3,1,1,1,1,1,0.70521,0.358323,0.531766
John_Jones_0001.jpg,3,1,2,1,1,1,0.862489,0.971052,0.916771
John_Kerr_0001.jpg,3,2,2,1,0,0,-1,-1,-1
John_Kerry_0001.jpg,3,2,2,1,1,1,0.761978,0.443358,0.602668
John_Lawrence_0001.jpg,3,2,1,1,1,0,0.701281,-1,0.701281
John_Lennon_0001.jpg,3,2,2,1,0,0,-1,-1,-1
John_Lisowski_0001.jpg,3,2,2,1,0,0,-1,-1,-1
John_Lithgow_0001.jpg,3,2,2,1,1,1,0.692305,0.358234,0.525269
John_Lynch_0001.jpg,3,2,2,1,1,1,0.774727,1.10772,0.941223
John_Mabry_0001.jpg,3,2,2,1,1,0,1.81851,-1,1.81851
John_Madden_0001.jpg,3,2,2,1,1,1,0.731454,0.82959,0.780522
John_Malkovich_0001.jpg,3,1,2,1,1,1,0.67338,0.459718,0.566549
John_Manley_0001.jpg,3,2,2,1,1,1,0.491937,0.744798,0.618367
John_Mayer_0001.jpg,3,1,2,1,1,1,0.750838,0.452679,0.601758
