image,pose,smile,glasses,gender,eye_detected,mouth_detected,eye_nme,mouth_nme,combined_nme
Aaron_Eckhart_0001.jpg,3,2,2,1,1,1,0.673326,0.345674,0.5095
Aaron_Guiel_0001.jpg,3,1,2,1,0,0,-1,-1,-1
Aaron_Peirsol_0001.jpg,3,1,2,1,1,1,0.569034,0.292671,0.430852
Aaron_Pena_0001.jpg,3,2,2,1,0,0,-1,-1,-1
Aaron_Sorkin_0001.jpg,3,1,2,1,0,0,-1,-1,-1
Aaron_Tippin_0001.jpg,4,2,2,1,1,0,0.489986,-1,0.489986
Abba_Eban_0001.jpg,3,1,1,1,0,0,-1,-1,-1
Abdel_Aziz_Al-Hakim_0001.jpg,4,1,1,1,0,0,-1,-1,-1
Abdel_Nasser_Assidi_0001.jpg,3,2,2,1,0,0,-1,-1,-1
Abdulaziz_Kamilov_0001.jpg,3,2,2,1,0,0,-1,-1,-1
Abdullah_0001.jpg,3,2,2,1,1,1,0.652509,0.40065,0.526579
Abdullah_al-Attiyah_0001.jpg,2,2,2,1,0,0,-1,-1,-1
Abdullah_Gul_0001.jpg,3,2,2,1,0,0,-1,-1,-1
Abdullatif_Sener_0001.jpg,3,2,2,1,0,0,-1,-1,-1
Abdul_Majeed_Shobokshi_0001.jpg,5,2,1,1,0,0,-1,-1,-1
Abel_Aguilar_0001.jpg,3,2,2,1,0,0,-1,-1,-1
Abner_Martinez_0001.jpg,3,1,2,1,0,0,-1,-1,-1
Adam_Ant_0001.jpg,3,2,2,1,1,1,0.685893,0.41364,0.549767
Adam_Herbert_0001.jpg,3,2,1,1,0,0,-1,-1,-1
Adam_Mair_0001.jpg,3,2,2,1,1,1,0.674753,0.437016,0.555885
Adam_Rich_0001.jpg,3,2,2,1,0,0,-1,-1,-1
Adelina_Avila_0001.jpg,3,2,1,2,0,0,-1,-1,-1
Adel_Al-Jubeir_0001.jpg,3,2,2,1,1,1,0.555428,0.444494,0.499961
Adisai_Bodharamik_0001.jpg,3,2,1,1,0,0,-1,-1,-1
Adolfo_Aguilar_Zinser_0001.jpg,3,2,1,1,1,1,0.594887,0.455321,0.525104
Adoor_Gopalakarishnan_0001.jpg,3,2,1,1,0,0,-1,-1,-1
Adriana_Perez_Navarro_0001.jpg,3,1,2,2,0,0,-1,-1,-1
Adrianna_Zuzic_0001.jpg,3,2,2,2,0,0,-1,-1,-1
Adrian_Annus_0001.jpg,4,2,2,1,1,0,0.511652,-1,0.511652
Adrian_Fernandez_0001.jpg,3,1,1,1,1,1,0.754156,0.361387,0.557772
Adrian_Murrell_0001.jpg,3,2,2,1,0,0,-1,-1,-1
Adrian_Nastase_0001.jpg,3,2,2,1,0,0,-1,-1,-1
Adrien_Brody_0001.jpg,4,1,2,1,1,1,0.679765,0.29349,0.486628
Afton_Smith_0001.jpg,3,1,2,2,1,1,0.755245,0.383374,0.56931
Agbani_Darego_0001.jpg,3,1,2,2,1,1,0.808008,0.403105,0.605556
Agnelo_Queiroz_0001.jpg,2,2,2,1,0,0,-1,-1,-1
Ahmed_Ahmed_0001.jpg,3,2,2,1,1,1,0.566506,0.383482,0.474994
Ahmed_Chalabi_0001.jpg,3,1,2,1,1,1,0.576535,0.415227,0.495881
Ahmed_Ibrahim_Bilal_0001.jpg,3,2,2,1,1,1,0.638345,0.327092,0.482719
Ahmed_Lopez_0001.jpg,3,1,2,1,1,1,0.645048,0.43201,0.538529
Ahmed_Qureia_0001.jpg,3,1,1,1,1,1,0.711756,0.38363,0.547693
Ahmet_Demir_0001.jpg,4,2,1,1,0,0,-1,-1,-1
Ahmet_Necdet_Sezer_0001.jpg,3,2,2,1,1,1,0.743862,0.464049,0.603956
Aicha_El_Ouafi_0001.jpg,3,2,2,2,1,1,0.909406,0.416463,0.662935
Aidan_Quinn_0001.jpg,3,1,2,1,1,1,0.797703,0.320909,0.559306
Aileen_Riggin_Soule_0001.jpg,3,1,2,2,1,1,0.463662,0.309022,0.386342
Ainsworth_Dyer_0001.jpg,3,2,2,1,1,1,0.712452,0.41739,0.564921
Ain_Seppik_0001.jpg,3,2,1,1,1,1,0.597628,0.413023,0.505326
Aishwarya_Rai_0001.jpg,3,1,2,2,0,0,-1,-1,-1
Aitor_Gonzalez_0001.jpg,3,1,2,1,0,0,-1,-1,-1
Aiysha_Smith_0001.jpg,4,2,2,2,0,0,-1,-1,-1
Ajit_Agarkar_0001.jpg,3,1,2,1,1,1,0.660006,0.310597,0.485302
AJ_Cook_0001.jpg,2,1,2,2,1,1,1.00952,0.439311,0.724414
AJ_Lamas_0001.jpg,3,1,2,1,0,0,-1,-1,-1
Akbar_Al_Baker_0001.jpg,3,1,2,1,1,1,0.532824,0.348174,0.440499
Akbar_Hashemi_Rafsanjani_0001.jpg,3,2,2,1,1,1,0.621506,0.363316,0.492411
Akiko_Morigami_0001.jpg,3,2,2,2,1,1,0.67377,0.646081,0.659926
Akmal_Taher_0001.jpg,3,1,2,1,1,1,0.706411,0.304524,0.505467
Alanis_Morissette_0001.jpg,2,1,2,2,1,1,0.826512,0.439311,0.632911
Alanna_Ubach_0001.jpg,4,1,2,2,1,1,0.499382,0.29642,0.397901
Alan_Dershowitz_0001.jpg,3,2,1,1,1,1,0.591105,0.427737,0.509421
Alan_Dreher_0001.jpg,3,2,2,1,0,0,-1,-1,-1
Alan_Greenspan_0001.jpg,3,2,1,1,0,0,-1,-1,-1
Alan_Greer_0001.jpg,3,2,2,1,1,1,0.78205,0.516648,0.649349
Alan_Jackson_0001.jpg,3,1,2,1,0,0,-1,-1,-1
Alan_Mulally_0001.jpg,3,2,2,1,0,0,-1,-1,-1
Alan_Stonecipher_0001.jpg,3,2,2,1,1,1,0.695246,0.376651,0.535949
Alan_Tang_Kwong-wing_0001.jpg,3,2,2,1,1,1,0.543947,0.402726,0.473336
Alan_Trammell_0001.jpg,3,1,2,1,1,1,0.589971,0.371687,0.480829
Alan_Zemaitis_0001.jpg,3,2,2,1,1,1,0.708577,0.421053,0.564815
Alastair_Johnston_0001.jpg,3,1,2,1,0,0,-1,-1,-1
Albaro_Recoba_0001.jpg,3,2,2,1,0,0,-1,-1,-1
Alberta_Lee_0001.jpg,3,1,2,2,0,0,-1,-1,-1
Alberto_Acosta_0001.jpg,3,2,2,1,0,0,-1,-1,-1
Alberto_Fujimori_0001.jpg,3,1,1,1,0,0,-1,-1,-1
Alberto_Gonzales_0001.jpg,3,1,1,1,1,1,0.636424,0.444329,0.540377
Alberto_Ruiz_Gallardon_0001.jpg,3,2,1,1,1,1,0.512674,0.435062,0.473868
Alberto_Sordi_0001.jpg,3,1,2,1,0,0,-1,-1,-1
Albert_Brooks_0001.jpg,3,1,2,1,0,0,-1,-1,-1
Albert_Costa_0001.jpg,2,2,2,1,0,0,-1,-1,-1
Albert_Montanes_0001.jpg,3,2,2,1,0,0,-1,-1,-1
Albrecht_Mentz_0001.jpg,3,2,1,1,0,0,-1,-1,-1
Aldo_Paredes_0001.jpg,2,1,2,1,0,0,-1,-1,-1
Alecos_Markides_0001.jpg,3,2,1,1,1,1,0.831218,0.380105,0.605661
Alec_Baldwin_0001.jpg,4,1,2,1,0,0,-1,-1,-1
Alejandro_Atchugarry_0001.jpg,3,1,2,1,0,0,-1,-1,-1
Alejandro_Avila_0001.jpg,3,2,2,1,0,0,-1,-1,-1
Alejandro_Fernandez_0001.jpg,3,1,2,1,0,0,-1,-1,-1
Alejandro_Gonzalez_Inarritu_0001.jpg,3,1,2,1,0,0,-1,-1,-1
Alejandro_Lembo_0001.jpg,3,1,2,1,0,0,-1,-1,-1
Alejandro_Lerner_0001.jpg,4,1,2,1,0,0,-1,-1,-1
Alejandro_Toledo_0001.jpg,3,2,1,1,0,0,-1,-1,-1
Aleksander_Kwasniewski_0001.jpg,3,1,2,1,0,0,-1,-1,-1
Aleksander_Voloshin_0001.jpg,4,1,2,1,1,1,0.550967,0.275414,0.41319
Alessandra_Cerna_0001.jpg,4,2,2,2,1,1,0.508355,0.365343,0.436849
Alexander_Downer_0001.jpg,4,1,1,1,1,1,0.531848,0.310259,0.421054
Alexandra_Jackson_0001.jpg,2,2,2,1,1,1,0.88951,0.49796,0.693735
Alexandra_Rozovskaya_0001.jpg,2,2,2,2,0,0,-1,-1,-1
Alexandra_Spann_0001.jpg,3,1,2,2,1,1,0.649997,0.316368,0.483183
Alexandra_Vodjanikova_0001.jpg,3,2,2,2,0,0,-1,-1,-1
Alexandre_Daigle_0001.jpg,3,1,2,1,0,0,-1,-1,-1
Alexandre_Despatie_0001.jpg,3,1,2,1,0,0,-1,-1,-1
Alexandre_Herchcovitch_0001.jpg,3,2,2,1,0,0,-1,-1,-1
Alexa_Loren_0001.jpg,3,2,2,2,1,1,1.13935,0.47976,0.809553
Alexa_Vega_0001.jpg,3,2,2,2,0,0,-1,-1,-1
Alexis_Bledel_0001.jpg,3,1,2,2,1,1,0.63732,0.308229,0.472775
Alexis_Dennisoff_0001.jpg,3,2,2,1,0,0,-1,-1,-1
Alex_Cabrera_0001.jpg,3,2,2,1,1,1,0.698811,0.422086,0.560449
Alex_Cejka_0001.jpg,3,1,2,1,0,0,-1,-1,-1
Alex_Corretja_0001.jpg,3,2,2,1,1,1,0.592814,0.445164,0.518989
Alex_Gonzalez_0001.jpg,3,2,2,1,0,0,-1,-1,-1
Alex_Holmes_0001.jpg,3,1,2,1,0,0,-1,-1,-1
Alex_King_0001.jpg,3,2,2,2,1,1,0.732433,0.401833,0.567133
Alex_Penelas_0001.jpg,3,2,2,1,1,1,0.79062,0.477377,0.633998
Alex_Wallau_0001.jpg,3,1,2,2,0,0,-1,-1,-1
Alex_Zanardi_0001.jpg,3,1,2,1,0,0,-1,-1,-1
Alfonso_Cuaron_0001.jpg,3,2,2,1,1,1,0.650148,0.472071,0.561109
Alfonso_Portillo_0001.jpg,3,1,2,1,0,0,-1,-1,-1
Alfonso_Soriano_0001.jpg,3,1,2,1,0,0,-1,-1,-1
Alfredo_Moreno_0001.jpg,3,1,2,1,0,0,-1,-1,-1
Alfredo_Pena_0001.jpg,3,2,1,1,0,0,-1,-1,-1
Alfred_Ford_0001.jpg,5,2,2,1,0,0,-1,-1,-1
Alfred_Sant_0001.jpg,3,2,2,1,0,0,-1,-1,-1
Alice_Fisher_0001.jpg,3,2,2,2,0,0,-1,-1,-1
Alicia_Keys_0001.jpg,3,1,2,2,1,1,0.599741,0.330601,0.465171
Alicia_Molik_0001.jpg,3,2,2,2,1,1,0.664518,0.436528,0.550523
Alicia_Silverstone_0001.jpg,3,1,2,2,0,0,-1,-1,-1
Alicia_Witt_0001.jpg,3,1,2,2,0,0,-1,-1,-1
Alimzhan_Tokhtakhounov_0001.jpg,3,2,2,1,1,1,0.654671,0.360797,0.507734
Alina_Kabaeva_0001.jpg,3,1,2,2,0,0,-1,-1,-1
Aline_Chretien_0001.jpg,3,1,2,2,0,0,-1,-1,-1
Alisha_Richman_0001.jpg,3,2,1,2,0,0,-1,-1,-1
Alistair_MacDonald_0001.jpg,3,1,2,1,0,0,-1,-1,-1
Ali_Abbas_0001.jpg,2,1,2,1,0,0,-1,-1,-1
Ali_Abdullah_Saleh_0001.jpg,4,2,2,1,0,0,-1,-1,-1
Ali_Ahmeti_0001.jpg,3,2,2,1,1,1,0.614573,0.422888,0.51873
Ali_Bin_Hussein_0001.jpg,3,2,2,1,0,0,-1,-1,-1
Ali_Fallahian_0001.jpg,3,2,1,1,1,0,0.841202,-1,0.841202
Ali_Naimi_0001.jpg,3,2,1,1,0,0,-1,-1,-1
Allan_Kemakeza_0001.jpg,3,1,2,1,0,0,-1,-1,-1
Allan_Wagner_0001.jpg,3,2,1,1,0,0,-1,-1,-1
Allen_Iverson_0001.jpg,3,2,2,1,1,1,0.570169,0.488473,0.529321
Allison_Janney_0001.jpg,3,2,2,2,1,1,0.590213,0.3772,0.483707
Allison_Searing_0001.jpg,3,2,2,2,0,0,-1,-1,-1
Allyson_Felix_0001.jpg,3,2,2,2,0,0,-1,-1,-1
Ally_Sheedy_0001.jpg,3,1,2,2,0,0,-1,-1,-1
Alma_Powell_0001.jpg,2,1,1,2,0,0,-1,-1,-1
Almeida_Baptista_0001.jpg,3,2,2,1,1,1,1.27141,0.495261,0.883335
Alonzo_Mourning_0001.jpg,3,2,1,1,1,1,0.690128,0.449816,0.569972
Alvaro_Silva_Calderon_0001.jpg,3,1,1,1,1,1,0.602836,0.426018,0.514427
Alvaro_Uribe_0001.jpg,3,2,1,1,0,0,-1,-1,-1
Alyse_Beaupre_0001.jpg,3,1,2,2,0,0,-1,-1,-1
Aly_Wagner_0001.jpg,3,1,2,2,0,0,-1,-1,-1
Al_Cardenas_0001.jpg,4,2,2,1,1,1,0.659084,0.410358,0.534721
Al_Davis_0001.jpg,3,1,2,1,0,0,-1,-1,-1
Al_Gore_0001.jpg,2,2,2,1,1,1,0.846378,0.438529,0.642454
Al_Leiter_0001.jpg,3,1,2,1,0,0,-1,-1,-1
Al_Pacino_0001.jpg,3,1,2,1,1,1,0.692215,0.490533,0.591374
Al_Sharpton_0001.jpg,3,2,2,1,1,0,0.675321,-1,0.675321
Amanda_Beard_0001.jpg,3,1,2,2,1,1,0.497876,0.305058,0.401467
Amanda_Bynes_0001.jpg,3,1,2,2,1,1,0.596624,0.380315,0.488469
Amanda_Coetzer_0001.jpg,4,2,2,2,0,0,-1,-1,-1
Amanda_Marsh_0001.jpg,4,1,2,2,1,1,0.427285,0.271223,0.349254
Amanda_Plumer_0001.jpg,4,1,2,2,1,0,0.471234,-1,0.471234
Amber_Tamblyn_0001.jpg,2,2,2,2,0,0,-1,-1,-1
Amer_al-Saadi_0001.jpg,2,2,2,1,0,0,-1,-1,-1
Amporn_Falise_0001.jpg,3,1,2,2,1,1,0.749435,0.572998,0.661216
Amram_Mitzna_0001.jpg,3,2,1,1,0,0,-1,-1,-1
Amy_Cotton_0001.jpg,3,1,2,2,1,0,0.49086,-1,0.49086
Amy_Redford_0001.jpg,3,1,2,2,1,1,0.530891,0.328457,0.429674
Anastasia_Kelesidou_0001.jpg,4,1,2,2,0,0,-1,-1,-1
Anastasia_Myskina_0001.jpg,3,2,2,2,0,0,-1,-1,-1
Anatoliy_Kinakh_0001.jpg,4,2,2,1,1,1,0.585111,0.440812,0.512961
Ana_Claudia_Talancon_0001.jpg,3,1,2,2,1,1,0.663368,0.424611,0.54399
Ana_Guevara_0001.jpg,2,1,2,2,1,1,0.842804,0.374945,0.608874
Ana_Isabel_Sanchez_0001.jpg,3,1,2,2,1,1,0.596372,0.292933,0.444653
Ana_Paula_Gerard_0001.jpg,3,1,2,2,0,0,-1,-1,-1
Ana_Sebastiao_0001.jpg,3,1,2,2,1,1,0.63169,0.352865,0.492277
Anderson_Varejao_0001.jpg,3,1,2,2,0,0,-1,-1,-1
Anders_Ebbeson_0001.jpg,4,1,2,1,0,0,-1,-1,-1
Anders_Fogh_Rasmussen_0001.jpg,3,2,2,1,0,0,-1,-1,-1
Andreas_Vinciguerra_0001.jpg,3,2,2,1,0,0,-1,-1,-1
Andrea_De_Cruz_0001.jpg,3,1,2,2,1,1,0.480324,0.301629,0.390976
Andrea_Kiser_0001.jpg,3,2,2,2,0,0,-1,-1,-1
Andrea_Yates_0001.jpg,3,2,2,2,1,1,0.696002,0.48216,0.589081
Andrei_Konchalovsky_0001.jpg,3,1,1,1,1,1,0.550959,0.374441,0.4627
Andrei_Mikhnevich_0001.jpg,3,1,2,1,0,0,-1,-1,-1
Andres_DAlessandro_0001.jpg,3,1,2,1,0,0,-1,-1,-1
Andres_Manuel_Lopez_Obrador_0001.jpg,3,1,2,1,1,1,0.746834,0.459509,0.603172
Andres_Pastrana_0001.jpg,3,2,2,1,0,0,-1,-1,-1
Andrew_Caldecott_0001.jpg,3,1,2,1,1,1,0.51016,0.411318,0.460739
Andrew_Cuomo_0001.jpg,3,2,2,1,1,1,0.813594,0.572999,0.693296
Andrew_Firestone_0001.jpg,2,1,2,1,0,0,-1,-1,-1
Andrew_Gilligan_0001.jpg,3,1,2,1,1,1,0.53594,0.411507,0.473723
Andrew_Jarecki_0001.jpg,3,2,2,1,1,1,0.59028,0.446578,0.518429
Andrew_Sabey_0001.jpg,3,1,2,1,0,0,-1,-1,-1
Andrew_Shutley_0001.jpg,3,2,2,1,0,0,-1,-1,-1
Andre_Agassi_0001.jpg,3,1,2,1,1,1,0.583298,0.382632,0.482965
Andre_Bucher_0001.jpg,3,2,1,1,0,0,-1,-1,-1
Andre_Techine_0001.jpg,3,2,1,1,0,0,-1,-1,-1
Andrzej_Tyszkiewicz_0001.jpg,3,2,2,1,0,0,-1,-1,-1
Andy_Bryant_0001.jpg,3,1,1,1,1,1,0.564929,0.487974,0.526452
Andy_Garcia_0001.jpg,3,1,2,1,1,1,0.632939,0.447063,0.540001
Andy_Griffith_0001.jpg,3,1,1,1,0,0,-1,-1,-1
Andy_Griggs_0001.jpg,3,1,1,1,1,1,0.600926,0.349229,0.475077
Andy_Hebb_0001.jpg,4,2,2,1,0,0,-1,-1,-1
Andy_Madikians_0001.jpg,3,1,2,1,1,1,0.530217,0.458552,0.494385
Andy_North_0001.jpg,3,1,2,1,0,0,-1,-1,-1
Andy_Perez_0001.jpg,3,1,1,1,0,0,-1,-1,-1
Andy_Roddick_0001.jpg,3,2,2,1,0,0,-1,-1,-1
Andy_Rooney_0001.jpg,3,1,2,1,1,1,0.536461,0.343294,0.439878
Andy_Warhol_0001.jpg,3,2,1,2,0,0,-1,-1,-1
Andy_Wisecarver_0001.jpg,4,2,2,1,0,0,-1,-1,-1
AnFernce_Negron_0001.jpg,3,1,2,1,0,0,-1,-1,-1
Angela_Alvarado_Rosa_0001.jpg,3,2,2,2,1,1,0.696236,0.507679,0.601958
Angela_Lansbury_0001.jpg,3,1,2,2,0,0,-1,-1,-1
Angela_Merkel_0001.jpg,2,1,2,2,1,1,1.09238,0.429824,0.7611
Angelina_Jolie_0001.jpg,3,1,2,2,1,1,0.521603,0.313325,0.417464
Angelo_Genova_0001.jpg,4,1,1,1,0,0,-1,-1,-1
Angelo_Reyes_0001.jpg,2,2,1,1,1,1,0.876079,0.556165,0.716122
Angel_Maza_0001.jpg,3,1,2,1,0,0,-1,-1,-1
Angie_Arzola_0001.jpg,4,2,2,2,1,1,0.447465,0.457843,0.452654
Angie_Martinez_0001.jpg,2,1,1,2,0,0,-1,-1,-1
Anita_DeFrantz_0001.jpg,3,1,2,2,1,1,0.75523,0.37378,0.564505
Anjum_Hussain_0001.jpg,3,2,2,1,1,1,0.605384,0.374976,0.49018
Anna_Chicherova_0001.jpg,3,2,2,2,1,0,0.586234,-1,0.586234
Anna_Faris_0001.jpg,3,1,2,2,1,1,0.757274,0.305267,0.53127
Anna_Jones_0001.jpg,3,2,2,2,0,0,-1,-1,-1
Anna_Kournikova_0001.jpg,3,2,2,2,1,0,0.695544,-1,0.695544
Anneli_Jaatteenmaki_0001.jpg,3,2,2,2,0,0,-1,-1,-1
Annette_Bening_0001.jpg,3,1,2,2,1,1,0.655811,0.264468,0.460139
Annette_Lu_0001.jpg,3,1,1,2,0,0,-1,-1,-1
Anne_Cavers_0001.jpg,3,2,2,2,0,0,-1,-1,-1
Anne_Donovan_0001.jpg,4,2,2,2,1,1,0.528259,0.434483,0.481371
Anne_Heche_0001.jpg,2,1,2,2,1,1,0.871491,0.348282,0.609887
Anne_Krueger_0001.jpg,3,2,1,2,1,1,0.549568,0.346688,0.448128
Anne_McLellan_0001.jpg,3,1,1,2,0,0,-1,-1,-1
Annie_Chaplin_0001.jpg,4,1,2,2,1,1,0.540419,0.336928,0.438673
Annie_Machon_0001.jpg,3,1,2,2,1,1,0.669438,0.355238,0.512338
Ann_Godbehere_0001.jpg,3,2,2,2,1,1,0.912075,0.48612,0.699098
Ann_Veneman_0001.jpg,3,2,2,2,0,0,-1,-1,-1
Antanas_Valionis_0001.jpg,3,1,2,1,0,0,-1,-1,-1
Anthony_Carter_0001.jpg,3,2,2,1,1,1,0.905632,0.434245,0.669938
Anthony_Corso_0001.jpg,4,1,2,1,0,0,-1,-1,-1
Anthony_Ervin_0001.jpg,4,1,2,1,0,0,-1,-1,-1
Anthony_Fauci_0001.jpg,3,1,1,1,1,1,0.695593,0.541347,0.61847
Anthony_Garotinho_0001.jpg,5,1,2,1,1,1,0.324385,0.504372,0.414378
Anthony_Hazen_0001.jpg,3,2,1,1,0,0,-1,-1,-1
Anthony_Hopkins_0001.jpg,3,2,2,1,1,1,0.650112,0.373092,0.511602
Anthony_LaPaglia_0001.jpg,4,1,2,1,1,1,0.493285,0.347608,0.420447
Anthony_Mazur_0001.jpg,3,2,2,1,0,0,-1,-1,-1
Anthony_Pico_0001.jpg,3,1,1,1,0,0,-1,-1,-1
Anthony_Principi_0001.jpg,3,2,1,1,0,0,-1,-1,-1
Anthony_Rackauckas_0001.jpg,3,2,2,1,0,0,-1,-1,-1
Anthony_Scott_Miller_0001.jpg,3,1,2,1,0,0,-1,-1,-1
Antonio_Bernardo_0001.jpg,3,2,2,1,1,1,0.63333,0.429397,0.531364
Antonio_Cassano_0001.jpg,3,2,2,1,0,0,-1,-1,-1
Antonio_Catania_0001.jpg,3,1,2,1,0,0,-1,-1,-1
Antonio_Elias_Saca_0001.jpg,3,2,2,1,0,0,-1,-1,-1
Antonio_Palocci_0001.jpg,4,2,2,1,0,0,-1,-1,-1
Antonio_Trillanes_0001.jpg,3,2,2,1,0,0,-1,-1,-1
Antwun_Echols_0001.jpg,3,2,1,1,0,0,-1,-1,-1
Anwar_Ibrahim_0001.jpg,3,2,1,1,1,1,0.778468,0.372239,0.575354
Anzori_Kikalishvili_0001.jpg,3,1,2,1,0,0,-1,-1,-1
Aparna_Pillai_0001.jpg,3,1,2,2,0,0,-1,-1,-1
Aram_Adler_0001.jpg,3,2,2,1,0,0,-1,-1,-1
Aretha_Franklin_0001.jpg,3,1,2,2,0,0,-1,-1,-1
Arianna_Huffington_0001.jpg,2,1,2,2,1,1,1.1458,0.403719,0.77476
Ariel_Sharon_0001.jpg,3,1,2,1,1,1,0.627077,0.355319,0.491198
Arie_Haan_0001.jpg,3,2,2,1,0,0,-1,-1,-1
Ari_Bousbib_0001.jpg,3,1,2,1,0,0,-1,-1,-1
Ari_Fleischer_0001.jpg,3,1,1,1,0,0,-1,-1,-1
Armando_Avila_Panchame_0001.jpg,3,2,2,1,1,0,0.535386,-1,0.535386
Armando_Calderon_Sol_0001.jpg,3,2,2,1,1,1,0.746193,0.681677,0.713935
Armando_Carrillo_0001.jpg,3,2,2,1,0,0,-1,-1,-1
Armand_Sargen_0001.jpg,3,2,2,1,0,0,-1,-1,-1
Arminio_Fraga_0001.jpg,5,2,2,1,0,0,-1,-1,-1
Arnaud_Clement_0001.jpg,3,2,2,1,0,0,-1,-1,-1
Arnaud_Lagardere_0001.jpg,3,2,2,1,1,0,0.81668,-1,0.81668
Arnoldo_Aleman_0001.jpg,3,2,1,1,0,0,-1,-1,-1
Arnold_Palmer_0001.jpg,3,1,2,1,0,0,-1,-1,-1
Arnold_Schwarzenegger_0001.jpg,4,1,2,1,0,0,-1,-1,-1
Aron_Ralston_0001.jpg,3,2,2,1,0,0,-1,-1,-1
Arsinee_Khanjian_0001.jpg,3,1,2,2,0,0,-1,-1,-1
Arthur_Martinez_0001.jpg,3,2,2,1,0,0,-1,-1,-1
Arturo_Gatti_0001.jpg,3,2,2,1,0,0,-1,-1,-1
Art_Cooper_0001.jpg,4,1,2,1,0,0,-1,-1,-1
Art_Hoffmann_0001.jpg,2,1,2,1,0,0,-1,-1,-1
Art_Howe_0001.jpg,3,1,2,1,0,0,-1,-1,-1
Arye_Mekel_0001.jpg,3,2,1,1,0,0,-1,-1,-1
Asa_Hutchinson_0001.jpg,3,1,2,1,0,0,-1,-1,-1
Ascencion_Barajas_0001.jpg,3,2,2,1,0,0,-1,-1,-1
Ashlea_Talbot_0001.jpg,2,1,2,2,1,1,0.808312,0.402645,0.605479
Ashley_Judd_0001.jpg,3,1,2,2,0,0,-1,-1,-1
Ashley_Olsen_0001.jpg,2,1,2,2,0,0,-1,-1,-1
Ashraf_Ghani_0001.jpg,4,2,2,1,1,1,0.632908,0.512776,0.572842
Asmaa_Assad_0001.jpg,3,1,2,2,1,1,0.75088,0.317949,0.534414
Assad_Ahmadi_0001.jpg,3,2,2,1,0,0,-1,-1,-1
Astou_Ndiaye-Diatta_0001.jpg,3,1,2,2,0,0,-1,-1,-1
Astrid_Betancourt_0001.jpg,3,2,2,2,0,0,-1,-1,-1
Astrid_Eyzaguirre_0001.jpg,3,1,2,2,0,0,-1,-1,-1
Atal_Bihari_Vajpayee_0001.jpg,2,1,2,1,1,1,0.878007,0.359539,0.618773
Ataollah_Mohajerani_0001.jpg,3,2,2,1,0,0,-1,-1,-1
Atiabet_Ijan_Amabel_0001.jpg,2,1,2,2,1,1,1.06368,0.514732,0.789206
Audrey_Lacroix_0001.jpg,3,1,2,2,0,0,-1,-1,-1
Audrey_Sauret_0001.jpg,3,2,2,2,0,0,-1,-1,-1
Augustin_Calleri_0001.jpg,3,2,2,1,0,0,-1,-1,-1
Augusto_Pinochet_0001.jpg,3,1,2,1,0,0,-1,-1,-1
Augusto_Roa_Bastos_0001.jpg,3,2,2,1,0,0,-1,-1,-1
Aung_San_Suu_Kyi_0001.jpg,2,2,2,2,1,1,0.856002,0.712647,0.784324
Austin_Kearns_0001.jpg,3,1,2,1,0,0,-1,-1,-1
Azmi_Bishara_0001.jpg,3,2,2,1,0,0,-1,-1,-1
Azra_Akin_0001.jpg,3,1,2,2,1,1,0.657249,0.337005,0.497127
Babe_Ruth_0001.jpg,3,2,2,1,1,1,0.701777,0.459426,0.580602
Baburam_Bhattari_0001.jpg,3,2,2,1,0,0,-1,-1,-1
Bak_Chang-Ryun_0001.jpg,3,2,1,1,0,0,-1,-1,-1
Barbara_Boxer_0001.jpg,2,2,2,2,0,0,-1,-1,-1
Barbara_Brezigar_0001.jpg,3,1,2,2,0,0,-1,-1,-1
Barbara_De_Brun_0001.jpg,3,2,1,2,0,0,-1,-1,-1
Barbara_Felt-Miller_0001.jpg,3,2,2,2,1,1,0.660309,0.506189,0.583249
Barbara_Roberts_0001.jpg,3,2,1,2,0,0,-1,-1,-1
Barbara_Walters_0001.jpg,3,1,2,2,0,0,-1,-1,-1
Barbora_Strycova_0001.jpg,3,1,2,2,0,0,-1,-1,-1
Barrett_Jackman_0001.jpg,4,1,2,1,0,0,-1,-1,-1
Barry_Bonds_0001.jpg,3,2,2,1,0,0,-1,-1,-1
Barry_Collier_0001.jpg,3,2,2,1,1,1,0.832024,0.611843,0.721934
Barry_Diller_0001.jpg,3,2,2,1,0,0,-1,-1,-1
Barry_Ford_0001.jpg,3,1,2,2,0,0,-1,-1,-1
Barry_Hinson_0001.jpg,3,2,1,1,1,1,0.660767,0.556103,0.608435
Barry_Nakell_0001.jpg,2,2,1,1,0,0,-1,-1,-1
Barry_Switzer_0001.jpg,3,2,2,1,0,0,-1,-1,-1
Barry_Williams_0001.jpg,3,1,2,1,0,0,-1,-1,-1
Bart_Freundlich_0001.jpg,4,2,2,1,0,0,-1,-1,-1
Bart_Hendricks_0001.jpg,3,2,2,1,0,0,-1,-1,-1
Basdeo_Panday_0001.jpg,3,2,1,1,1,1,0.554103,0.502129,0.528116
Baz_Luhrmann_0001.jpg,3,2,2,1,1,1,0.648517,0.366285,0.507401
BB_King_0001.jpg,3,1,1,1,0,0,-1,-1,-1
Beatrice_Dalle_0001.jpg,2,1,2,2,0,0,-1,-1,-1
Beatriz_Merino_0001.jpg,3,1,2,2,1,1,0.701743,0.382561,0.542152
Beecher_Ray_Kirby_0001.jpg,3,1,2,1,1,1,0.676035,0.533758,0.604897
Bela_Karolyi_0001.jpg,3,1,2,1,0,0,-1,-1,-1
Benicio_Del_Toro_0001.jpg,3,1,2,1,0,0,-1,-1,-1
Benito_Santiago_0001.jpg,3,2,2,1,0,0,-1,-1,-1
Benjamin_Bratt_0001.jpg,3,1,2,1,1,1,0.848257,0.401824,0.62504
Benjamin_Martinez_0001.jpg,3,1,2,1,0,0,-1,-1,-1
Benjamin_McKenzie_0001.jpg,3,2,2,1,1,1,0.67729,0.537063,0.607177
Benjamin_Neulander_0001.jpg,3,2,2,1,1,1,0.569107,0.421772,0.49544
Ben_Affleck_0001.jpg,3,1,2,1,1,1,0.60428,0.389402,0.496841
Ben_Braun_0001.jpg,3,2,2,1,0,0,-1,-1,-1
Ben_Broussard_0001.jpg,3,2,2,1,0,0,-1,-1,-1
Ben_Cahoon_0001.jpg,3,1,2,1,1,1,0.650031,0.272606,0.461319
Ben_Cohen_0001.jpg,2,2,2,1,1,1,0.774865,0.480099,0.627482
Ben_Curtis_0001.jpg,3,1,2,1,0,0,-1,-1,-1
Ben_Davis_0001.jpg,3,1,2,1,0,0,-1,-1,-1
Ben_Glisan_0001.jpg,4,2,2,1,0,0,-1,-1,-1
Ben_Howland_0001.jpg,3,1,2,1,0,0,-1,-1,-1
Ben_Kingsley_0001.jpg,3,1,2,1,1,1,0.628605,0.341609,0.485107
Ben_Stein_0001.jpg,3,2,1,1,1,1,0.668656,0.385122,0.526889
Bernardo_Segura_0001.jpg,3,1,2,1,1,0,0.456524,-1,0.456524
Bernard_Ebbers_0001.jpg,3,2,2,1,0,0,-1,-1,-1
Bernard_Giraudeau_0001.jpg,3,1,2,1,0,0,-1,-1,-1
Bernard_Kerik_0001.jpg,4,1,2,1,1,1,0.506699,0.419362,0.46303
Bernard_Law_0001.jpg,3,2,1,1,0,0,-1,-1,-1
Bernard_Siegel_0001.jpg,3,2,1,1,0,0,-1,-1,-1
Bernice_Wong_0001.jpg,3,1,2,2,1,1,0.808044,0.382387,0.595215
Bertie_Ahern_0001.jpg,2,2,2,1,0,0,-1,-1,-1
Bertrand_Delanoe_0001.jpg,3,1,2,1,1,1,0.744153,0.495922,0.620038
Beth_Blough_0001.jpg,3,2,2,2,1,1,0.662941,0.51624,0.58959
Beth_Jones_0001.jpg,3,2,2,2,0,0,-1,-1,-1
Betsy_Coffin_0001.jpg,4,2,2,2,0,0,-1,-1,-1
Betsy_Smith_0001.jpg,3,1,2,2,0,0,-1,-1,-1
Betty_Garrison_0001.jpg,3,1,1,2,0,0,-1,-1,-1
Beyonce_Knowles_0001.jpg,3,2,2,2,0,0,-1,-1,-1
Bijan_Darvish_0001.jpg,4,2,2,1,1,1,0.589805,0.408601,0.499203
Bijan_Namdar_Zangeneh_0001.jpg,3,2,2,1,1,1,0.803765,0.532152,0.667958
Bilal_Erdogan_0001.jpg,3,1,1,1,1,1,0.613656,0.352613,0.483134
Biljana_Plavsic_0001.jpg,3,2,2,2,0,0,-1,-1,-1
Billy_Andrade_0001.jpg,3,2,2,1,0,0,-1,-1,-1
Billy_Beane_0001.jpg,2,1,2,1,1,1,0.90133,0.726796,0.814063
Billy_Bob_Thornton_0001.jpg,3,1,1,1,0,0,-1,-1,-1
Billy_Crawford_0001.jpg,3,1,2,1,1,1,0.66964,0.439306,0.554473
Billy_Crystal_0001.jpg,3,1,2,1,0,0,-1,-1,-1
Billy_Edelin_0001.jpg,3,2,2,1,0,0,-1,-1,-1
Billy_Graham_0001.jpg,4,2,2,1,0,0,-1,-1,-1
Billy_Joel_0001.jpg,4,1,2,1,0,0,-1,-1,-1
Billy_Rork_0001.jpg,4,2,2,1,0,0,-1,-1,-1
Billy_Tibbets_0001.jpg,3,1,2,1,0,0,-1,-1,-1
Bill_Belichick_0001.jpg,2,2,2,1,0,0,-1,-1,-1
Bill_Bradley_0001.jpg,3,1,2,1,1,1,0.546434,0.344982,0.445708
Bill_Byrne_0001.jpg,3,1,1,1,0,0,-1,-1,-1
Bill_Callahan_0001.jpg,3,2,2,1,0,0,-1,-1,-1
Bill_Carmody_0001.jpg,3,2,2,1,0,0,-1,-1,-1
Bill_Cartwright_0001.jpg,3,2,1,1,0,0,-1,-1,-1
Bill_Clancy_0001.jpg,3,2,2,1,0,0,-1,-1,-1
Bill_Clinton_0001.jpg,3,2,2,1,1,1,0.549849,0.395092,0.472471
Bill_Curry_0001.jpg,3,1,1,1,1,1,0.738442,0.549401,0.643921
Bill_Duffey_0001.jpg,2,2,1,1,1,1,0.903306,0.698802,0.801054
Bill_Elliott_0001.jpg,3,2,2,1,1,1,0.858209,0.544925,0.701567
Bill_Fennelly_0001.jpg,3,1,2,1,0,0,-1,-1,-1
Bill_Frist_0001.jpg,3,2,2,1,1,1,0.728479,0.481893,0.605186
Bill_Gates_0001.jpg,3,2,1,1,1,1,0.594151,0.479301,0.536726
Bill_Graham_0001.jpg,2,2,1,1,0,0,-1,-1,-1
Bill_Herrion_0001.jpg,3,2,2,1,1,1,0.719081,0.555616,0.637348
Bill_Hughes_0001.jpg,3,1,2,1,0,0,-1,-1,-1
Bill_King_0001.jpg,2,2,1,1,0,0,-1,-1,-1
Bill_Kong_0001.jpg,3,1,2,1,0,0,-1,-1,-1
Bill_Lerach_0001.jpg,3,2,1,1,0,0,-1,-1,-1
Bill_Mauldin_0001.jpg,3,1,2,1,0,0,-1,-1,-1
Bill_McBride_0001.jpg,3,1,2,1,1,1,0.620387,0.447118,0.533753
Bill_Nelson_0001.jpg,3,1,2,1,0,0,-1,-1,-1
Bill_OReilly_0001.jpg,3,1,2,1,0,0,-1,-1,-1
Bill_Paxton_0001.jpg,3,1,2,1,1,1,0.593208,0.332921,0.463065
Bill_Pryor_0001.jpg,3,1,2,1,0,0,-1,-1,-1
Bill_Rainer_0001.jpg,3,2,1,1,1,1,0.577186,0.486302,0.531744
Bill_Readdy_0001.jpg,4,2,2,1,1,1,0.431767,0.400552,0.416159
Bill_Self_0001.jpg,3,2,2,1,0,0,-1,-1,-1
Bill_Simon_0001.jpg,3,2,1,1,0,0,-1,-1,-1
Bill_Sizemore_0001.jpg,3,2,2,1,1,1,0.69586,0.368423,0.532142
Bill_Stein_0001.jpg,3,1,2,1,0,0,-1,-1,-1
Binyamin_Ben-Eliezer_0001.jpg,4,2,2,1,0,0,-1,-1,-1
Bison_Dele_0001.jpg,3,1,2,1,1,1,0.660009,0.401154,0.530581
Bixente_LIzarazu_0001.jpg,3,1,2,1,1,1,0.67607,0.254901,0.465485
BJ_Habibie_0001.jpg,3,1,2,1,1,1,0.54755,0.304821,0.426185
Blas_Ople_0001.jpg,3,1,2,1,0,0,-1,-1,-1
Bobby_Goldwater_0001.jpg,4,2,1,1,0,0,-1,-1,-1
Bobby_Kielty_0001.jpg,3,1,2,1,1,1,0.633982,0.297759,0.465871
Bobby_Robson_0001.jpg,3,2,2,1,0,0,-1,-1,-1
Bobo_Balde_0001.jpg,3,2,2,1,0,0,-1,-1,-1
Bob_Alper_0001.jpg,3,1,1,1,1,1,0.720319,0.336451,0.528385
Bob_Bowlsby_0001.jpg,3,1,2,1,0,0,-1,-1,-1
Bob_Cantrell_0001.jpg,3,2,1,1,0,0,-1,-1,-1
Bob_Colvin_0001.jpg,3,2,2,1,1,1,0.527447,0.445578,0.486513
Bob_Curtis_0001.jpg,3,2,2,1,0,0,-1,-1,-1
Bob_Ferguson_0001.jpg,2,1,2,1,0,0,-1,-1,-1
Bob_Geldof_0001.jpg,3,1,2,1,1,1,0.671802,0.352187,0.511995
Bob_Goldman_0001.jpg,3,1,2,1,0,0,-1,-1,-1
Bob_Guccione_0001.jpg,3,2,2,1,0,0,-1,-1,-1
Bob_Hartley_0001.jpg,3,1,2,1,0,0,-1,-1,-1
Bob_Hayes_0001.jpg,3,1,2,1,0,0,-1,-1,-1
Bob_Herz_0001.jpg,2,1,1,1,0,0,-1,-1,-1
Bob_Holden_0001.jpg,4,2,1,1,1,1,0.489099,0.315001,0.40205
Bob_Hope_0001.jpg,3,2,2,1,0,0,-1,-1,-1
Bob_Huggins_0001.jpg,3,2,2,1,0,0,-1,-1,-1
Bob_Iger_0001.jpg,3,1,2,1,1,1,0.71983,0.303373,0.511602
Bob_Krueger_0001.jpg,3,2,2,1,0,0,-1,-1,-1
Bob_Melvin_0001.jpg,3,1,2,1,0,0,-1,-1,-1
Bob_Menendez_0001.jpg,3,1,1,1,0,0,-1,-1,-1
Bob_Newhart_0001.jpg,3,1,2,1,1,1,0.552367,0.241002,0.396685
Bob_Petrino_0001.jpg,3,2,2,1,0,0,-1,-1,-1
Bob_Riley_0001.jpg,2,2,2,1,0,0,-1,-1,-1
Bob_Stoops_0001.jpg,2,1,2,1,1,1,0.929387,0.612481,0.770934
Bob_Taft_0001.jpg,4,2,1,1,1,1,0.45803,0.417093,0.437562
Bob_Wright_0001.jpg,3,1,2,1,0,0,-1,-1,-1
Bode_Miller_0001.jpg,3,1,2,1,0,0,-1,-1,-1
Bonnie_Hunt_0001.jpg,4,1,2,2,0,0,-1,-1,-1
Bono_0001.jpg,2,1,2,1,0,0,-1,-1,-1
Boris_Berezovsky_0001.jpg,3,2,2,1,0,0,-1,-1,-1
Boris_Henry_0001.jpg,4,1,2,1,0,0,-1,-1,-1
Boris_Jordan_0001.jpg,3,1,2,1,0,0,-1,-1,-1
Boris_Yeltsin_0001.jpg,3,1,2,1,0,0,-1,-1,-1
Bo_Ryan_0001.jpg,3,2,2,1,0,0,-1,-1,-1
Brady_Rodgers_0001.jpg,3,2,2,1,0,0,-1,-1,-1
Brad_Alexander_Smith_0001.jpg,3,1,2,1,1,1,0.597727,0.340262,0.468994
Brad_Brownell_0001.jpg,3,1,2,1,0,0,-1,-1,-1
Brad_Garrett_0001.jpg,3,1,2,1,0,0,-1,-1,-1
Brad_Gushue_0001.jpg,3,1,2,1,1,1,0.712755,0.415752,0.564254
Brad_Pitt_0001.jpg,3,2,1,1,0,0,-1,-1,-1
Brad_Smith_0001.jpg,3,1,2,1,0,0,-1,-1,-1
Brad_Wilk_0001.jpg,3,1,2,1,0,0,-1,-1,-1
Brajesh_Mishra_0001.jpg,4,2,2,1,1,1,0.510953,0.304631,0.407792
Brandon_Hammond_0001.jpg,3,2,2,1,0,0,-1,-1,-1
Brandon_Inge_0001.jpg,3,1,2,1,1,1,0.604227,0.368298,0.486262
Brandon_Knight_0001.jpg,4,2,2,1,1,1,0.532314,0.306107,0.41921
Brandon_Larson_0001.jpg,3,1,2,1,0,0,-1,-1,-1
Brandon_Lloyd_0001.jpg,3,2,2,1,0,0,-1,-1,-1
Brandon_Robinson_0001.jpg,3,2,2,1,0,0,-1,-1,-1
Brandon_Spann_0001.jpg,3,2,2,1,0,0,-1,-1,-1
Brawley_King_0001.jpg,3,2,2,1,0,0,-1,-1,-1
Brendan_Fraser_0001.jpg,3,1,2,1,1,1,0.500531,0.302329,0.40143
Brendan_Hansen_0001.jpg,3,1,2,1,0,0,-1,-1,-1
Brendan_Stai_0001.jpg,3,1,2,1,1,1,0.601941,0.406558,0.50425
Brenda_Magana_0001.jpg,3,1,2,2,1,1,0.580551,0.346343,0.463447
Brenda_van_Dam_0001.jpg,3,2,2,2,1,1,0.819829,0.354096,0.586962
Brenda_Wilson_0001.jpg,3,1,1,2,0,0,-1,-1,-1
Brennon_Leighton_0001.jpg,3,2,2,1,1,1,0.672675,0.468983,0.570829
Brett_Boone_0001.jpg,3,2,2,1,0,0,-1,-1,-1
Brett_Hawke_0001.jpg,3,1,2,1,1,1,0.601392,0.327011,0.464202
Brian_Billick_0001.jpg,2,1,1,1,0,0,-1,-1,-1
Brian_Campbell_0001.jpg,3,1,2,1,1,1,0.573774,0.360486,0.46713
Brian_Cashman_0001.jpg,3,1,2,1,1,1,0.659077,0.345768,0.502423
Brian_Clemens_0001.jpg,3,1,2,1,1,1,0.608532,0.375951,0.492242
Brian_De_Palma_0001.jpg,3,1,2,1,0,0,-1,-1,-1
Brian_Florence_0001.jpg,3,2,1,1,0,0,-1,-1,-1
Brian_Grazier_0001.jpg,3,1,2,1,1,1,0.466091,0.444599,0.455345
Brian_Gregory_0001.jpg,3,2,2,1,1,1,0.490365,0.463746,0.477055
Brian_Griese_0001.jpg,3,1,2,1,0,0,-1,-1,-1
Brian_Heidik_0001.jpg,2,1,2,1,0,0,-1,-1,-1
Brian_Henson_0001.jpg,3,1,2,1,0,0,-1,-1,-1
Brian_Kerr_0001.jpg,3,1,2,1,0,0,-1,-1,-1
Brian_Lara_0001.jpg,3,1,2,1,0,0,-1,-1,-1
Brian_Meadors_0001.jpg,3,1,1,1,0,0,-1,-1,-1
Brian_Pavlich_0001.jpg,3,2,2,1,1,1,0.796682,0.442185,0.619433
Brian_Scalabrine_0001.jpg,4,2,2,1,0,0,-1,-1,-1
Brian_Schneider_0001.jpg,3,2,2,1,0,0,-1,-1,-1
Brian_Van_Dusen_0001.jpg,3,1,2,1,0,0,-1,-1,-1
Brian_Weaver_0001.jpg,3,1,2,1,1,1,0.687059,0.378397,0.532728
Brian_Williams_0001.jpg,3,1,2,1,1,1,0.639526,0.347306,0.493416
Bridgette_Wilson-Sampras_0001.jpg,3,1,2,2,1,1,0.687761,0.435262,0.561512
Bridget_Fonda_0001.jpg,2,1,2,2,0,0,-1,-1,-1
Brigitte_Boisselier_0001.jpg,4,1,2,2,0,0,-1,-1,-1
Britney_Spears_0001.jpg,3,1,2,2,1,1,0.582265,0.305435,0.44385
Brittany_Snow_0001.jpg,3,1,2,2,1,1,0.555707,0.440067,0.497887
Bronson_Arroyo_0001.jpg,3,2,2,1,1,1,0.827588,0.393205,0.610397
Brooke_Gordon_0001.jpg,3,1,2,2,1,1,0.634387,0.406362,0.520374
Brooke_Shields_0001.jpg,3,1,2,2,0,0,-1,-1,-1
Brook_Robinson_0001.jpg,3,1,2,1,0,0,-1,-1,-1
Bruce_Arena_0001.jpg,3,2,2,1,1,1,0.669119,0.592843,0.630981
Bruce_Gebhardt_0001.jpg,3,2,2,1,0,0,-1,-1,-1
Bruce_Lunsford_0001.jpg,2,1,2,1,0,0,-1,-1,-1
Bruce_Paltrow_0001.jpg,3,1,1,1,0,0,-1,-1,-1
Bruce_Van_De_Velde_0001.jpg,3,2,2,1,1,1,0.62848,0.511036,0.569758
Bruce_Weber_0001.jpg,3,2,2,1,1,1,0.718099,0.470179,0.594139
Bruce_Willis_0001.jpg,2,2,2,1,1,0,0.868455,-1,0.868455
Bruna_Colosio_0001.jpg,3,2,2,2,0,0,-1,-1,-1
Bruno_Junquiera_0001.jpg,3,1,1,1,0,0,-1,-1,-1
Bryan_Adams_0001.jpg,4,1,2,1,1,1,0.480307,0.397948,0.439128
Bryan_Chui_0001.jpg,3,1,2,1,1,1,0.541662,0.353112,0.447387
Bryan_Cooley_0001.jpg,3,2,2,1,0,0,-1,-1,-1
Bryan_Murray_0001.jpg,3,2,2,1,0,0,-1,-1,-1
Bryan_Thomas_0001.jpg,3,2,2,1,1,0,1.33822,-1,1.33822
Buck_Rodgers_0001.jpg,2,2,2,1,0,0,-1,-1,-1
Buddy_Ryan_0001.jpg,3,1,1,1,0,0,-1,-1,-1
Budd_Schulberg_0001.jpg,5,1,2,1,0,0,-1,-1,-1
Buford_Blount_0001.jpg,3,1,2,1,0,0,-1,-1,-1
Bustam_A_Zedan_Aljanabi_0001.jpg,4,2,2,1,0,0,-1,-1,-1
Butch_Davis_0001.jpg,3,2,2,1,0,0,-1,-1,-1
Buzz_Hargrove_0001.jpg,4,1,1,1,0,0,-1,-1,-1
Byron_Scott_0001.jpg,3,2,2,1,1,0,0.814534,-1,0.814534
Cabas_0001.jpg,3,1,2,1,1,1,0.643725,0.349044,0.496384
Caio_Blat_0001.jpg,3,1,2,1,1,1,0.738936,0.341243,0.54009
Calbert_Cheaney_0001.jpg,3,1,2,1,1,1,0.570403,0.412529,0.491466
Calista_Flockhart_0001.jpg,4,1,2,2,1,1,0.410483,0.331869,0.371176
Calvin_Harrison_0001.jpg,3,1,2,1,1,1,0.95021,0.304057,0.627133
Calvin_Joseph_Coleman_0001.jpg,3,2,2,1,1,1,0.771358,0.284144,0.527751
Cameron_Diaz_0001.jpg,4,1,2,2,0,0,-1,-1,-1
Camilla_Parker_Bowles_0001.jpg,3,1,2,2,0,0,-1,-1,-1
Camille_Colvin_0001.jpg,5,1,2,2,1,0,0.394203,-1,0.394203
Camille_Lewis_0001.jpg,3,1,2,2,1,1,0.595354,0.271163,0.433259
Candie_Kung_0001.jpg,3,1,2,2,0,0,-1,-1,-1
Carina_Lau_Ka-ling_0001.jpg,3,1,1,2,0,0,-1,-1,-1
Carla_Del_Ponte_0001.jpg,3,2,1,2,0,0,-1,-1,-1
Carla_Gugino_0001.jpg,4,1,2,2,0,0,-1,-1,-1
Carla_Moreno_0001.jpg,3,1,2,2,1,1,0.680821,0.28181,0.481315
Carla_Myers_0001.jpg,3,1,2,2,1,1,0.664892,0.342997,0.503945
Carla_Tricoli_0001.jpg,3,1,2,2,1,1,0.601996,0.309861,0.455929
Carlos_Alberto_0001.jpg,3,2,2,1,0,0,-1,-1,-1
Carlos_Arroyo_0001.jpg,3,2,2,1,0,0,-1,-1,-1
Carlos_Barra_0001.jpg,3,2,2,1,1,1,1.04201,0.484446,0.763229
Carlos_Barragan_0001.jpg,3,2,2,1,0,0,-1,-1,-1
Carlos_Beltran_0001.jpg,3,2,2,1,1,1,0.781744,0.427819,0.604782
Carlos_Bianchi_0001.jpg,3,1,1,1,1,1,0.607531,0.274721,0.441126
Carlos_De_Abreu_0001.jpg,3,1,1,1,0,0,-1,-1,-1
Carlos_Fasciolo_0001.jpg,3,1,1,1,0,0,-1,-1,-1
Carlos_Ghosn_0001.jpg,3,2,2,1,0,0,-1,-1,-1
Carlos_Iturgaitz_0001.jpg,2,1,2,1,1,1,0.776771,0.527468,0.652119
Carlos_Juarez_0001.jpg,3,2,2,1,1,1,0.832925,0.453815,0.64337
Carlos_Lordkipanitse_0001.jpg,3,2,2,1,0,0,-1,-1,-1
Carlos_Menem_0001.jpg,3,2,2,1,0,0,-1,-1,-1
Carlos_Moya_0001.jpg,4,2,2,1,1,1,0.441537,0.177692,0.309614
Carlos_Ortega_0001.jpg,3,2,2,1,0,0,-1,-1,-1
Carlos_Paternina_0001.jpg,3,2,2,1,1,1,0.72207,0.441675,0.581872
Carlos_Queiroz_0001.jpg,3,1,2,1,0,0,-1,-1,-1
Carlos_Ruckauf_0001.jpg,3,2,2,1,1,1,0.780978,0.407955,0.594467
Carlos_Ruiz_0001.jpg,3,1,2,1,0,0,-1,-1,-1
Carlos_Salinas_0001.jpg,3,1,2,1,0,0,-1,-1,-1
Carlos_Savedra_0001.jpg,3,1,2,1,0,0,-1,-1,-1
Carlo_Ancelotti_0001.jpg,3,2,2,1,0,0,-1,-1,-1
Carlo_Azeglio_Ciampi_0001.jpg,3,2,2,1,1,1,0.6237,0.406397,0.515048
Carlton_Baugh_0001.jpg,3,1,2,1,1,1,0.706239,0.324574,0.515407
Carly_Fiorina_0001.jpg,3,2,2,2,0,0,-1,-1,-1
Carly_Gullickson_0001.jpg,3,2,2,2,1,1,0.651585,0.343475,0.49753
Carl_Pope_0001.jpg,3,2,2,1,0,0,-1,-1,-1
Carl_Reiner_0001.jpg,4,1,2,1,0,0,-1,-1,-1
Carolina_Barco_0001.jpg,2,1,2,2,0,0,-1,-1,-1
Carolina_Moraes_0001.jpg,3,1,2,2,0,0,-1,-1,-1
Caroline_Dhavernas_0001.jpg,3,1,2,2,0,0,-1,-1,-1
Caroline_Kennedy_0001.jpg,2,2,2,2,1,1,0.917648,0.467222,0.692435
Caroline_Link_0001.jpg,4,1,2,2,1,1,0.638305,0.326863,0.482584
Carolyn_Kuhl_0001.jpg,3,1,1,2,0,0,-1,-1,-1
Carol_Burnett_0001.jpg,3,1,2,2,0,0,-1,-1,-1
Carol_Carmody_0001.jpg,3,2,2,2,0,0,-1,-1,-1
Carol_Williams_0001.jpg,3,2,2,2,1,1,0.661801,0.493049,0.577425
Carroll_Weimer_0001.jpg,3,2,2,1,0,0,-1,-1,-1
Carson_Palmer_0001.jpg,3,1,2,1,0,0,-1,-1,-1
Casey_Crowder_0001.jpg,3,1,2,2,0,0,-1,-1,-1
Casey_Mears_0001.jpg,3,1,2,1,1,1,0.647698,0.4272,0.537449
Cassandra_Heise_0001.jpg,3,1,1,2,1,1,0.683026,0.396041,0.539534
Cass_Ballenger_0001.jpg,3,2,1,1,0,0,-1,-1,-1
Casy_Preslar_0001.jpg,3,1,2,2,0,0,-1,-1,-1
Catherine_Deneuve_0001.jpg,3,1,2,2,1,1,0.502075,0.309822,0.405948
Catherine_Woodard_0001.jpg,3,2,2,2,1,1,0.608291,0.465911,0.537101
Catherine_Zeta-Jones_0001.jpg,3,1,2,2,1,1,0.541999,0.273455,0.407727
Cathryn_Crawford_0001.jpg,3,2,2,2,0,0,-1,-1,-1
Cathy_Chisholm_0001.jpg,4,1,1,2,0,0,-1,-1,-1
Cathy_Cunningham_0001.jpg,3,2,1,2,0,0,-1,-1,-1
Cathy_Freeman_0001.jpg,4,1,2,2,0,0,-1,-1,-1
Catriona_Le_May_Doan_0001.jpg,3,1,2,2,0,0,-1,-1,-1
Cecilia_Bolocco_0001.jpg,3,1,2,2,0,0,-1,-1,-1
Cecilia_Chang_0001.jpg,3,1,2,2,1,1,0.776806,0.430007,0.603406
Cecilia_Cheung_0001.jpg,3,1,2,2,1,1,0.496091,0.306208,0.401149
Cedric_Benson_0001.jpg,3,2,2,1,0,0,-1,-1,-1
Celia_Cruz_0001.jpg,3,1,2,2,0,0,-1,-1,-1
Celine_Dion_0001.jpg,3,1,2,2,1,1,0.71199,0.364347,0.538169
Celso_Amorim_0001.jpg,3,2,2,1,1,0,0.549213,-1,0.549213
Celso_Lafer_0001.jpg,3,2,1,1,0,0,-1,-1,-1
Cemil_Cicek_0001.jpg,3,1,1,1,1,1,0.674098,0.382061,0.52808
Cesar_Gaviria_0001.jpg,3,2,1,1,0,0,-1,-1,-1
Chadha_Gurinder_0001.jpg,3,1,2,2,1,1,0.568678,0.250449,0.409564
Chakib_Khelil_0001.jpg,4,1,2,1,0,0,-1,-1,-1
Chance_Mock_0001.jpg,3,1,2,1,1,1,0.654164,0.352875,0.50352
Chandrika_Kumaratunga_0001.jpg,2,2,2,2,0,0,-1,-1,-1
Chang_Dae-whan_0001.jpg,3,2,2,1,1,1,0.723579,0.523298,0.623439
Chang_Jae_On_0001.jpg,3,2,1,1,0,0,-1,-1,-1
Chang_Saio-yue_0001.jpg,3,2,1,2,1,1,0.674874,0.604385,0.63963
Chang_Sang_0001.jpg,3,2,1,2,0,0,-1,-1,-1
Chang_Tso_0001.jpg,3,1,2,1,0,0,-1,-1,-1
Chan_Choi_0001.jpg,3,1,2,1,0,0,-1,-1,-1
Chan_Ho_Park_0001.jpg,4,2,2,1,0,0,-1,-1,-1
Charlene_Barshefsky_0001.jpg,3,1,2,2,1,1,0.905461,0.406729,0.656095
Charles_Bronson_0001.jpg,3,2,2,1,1,1,0.659919,0.441283,0.550601
Charles_Chandler_IV_0001.jpg,3,1,1,1,0,0,-1,-1,-1
Charles_Grassley_0001.jpg,3,2,1,1,0,0,-1,-1,-1
Charles_Holzner_0001.jpg,2,1,1,1,0,0,-1,-1,-1
Charles_Lebois_0001.jpg,3,1,2,1,0,0,-1,-1,-1
Charles_Moose_0001.jpg,3,2,2,1,1,1,0.905127,0.404205,0.654666
Charles_Pickering_0001.jpg,3,1,1,1,1,1,0.514296,0.326116,0.420206
Charles_Pouty_0001.jpg,3,2,1,1,0,0,-1,-1,-1
Charles_Rogers_0001.jpg,3,1,2,1,0,0,-1,-1,-1
Charles_Schumer_0001.jpg,3,2,2,1,0,0,-1,-1,-1
Charles_Tannok_0001.jpg,3,2,2,1,0,0,-1,-1,-1
Charles_Taylor_0001.jpg,3,1,2,1,1,1,0.658297,0.435171,0.546734
Charley_Armey_0001.jpg,4,2,1,1,0,0,-1,-1,-1
Charlie_Deane_0001.jpg,2,2,2,1,0,0,-1,-1,-1
Charlie_Garner_0001.jpg,3,1,2,1,0,0,-1,-1,-1
Charlie_Hunnam_0001.jpg,3,1,2,1,1,1,0.670855,0.418034,0.544445
Charlie_Sheen_0001.jpg,3,1,2,1,0,0,-1,-1,-1
Charlie_Williams_0001.jpg,3,2,1,1,0,0,-1,-1,-1
Charlize_Theron_0001.jpg,3,2,2,2,0,0,-1,-1,-1
Charlotte_Casiraghi_0001.jpg,3,2,2,2,1,1,0.654566,0.521842,0.588204
Charlotte_Chambers_0001.jpg,3,2,2,2,0,0,-1,-1,-1
Charlotte_Church_0001.jpg,3,1,2,2,1,1,0.724023,0.29725,0.510636
Charlotte_Rampling_0001.jpg,3,2,2,2,1,1,0.587514,0.366952,0.477233
Charlton_Heston_0001.jpg,3,2,1,1,0,0,-1,-1,-1
Charmaine_Crooks_0001.jpg,3,1,2,2,0,0,-1,-1,-1
Chawki_Armali_0001.jpg,2,1,2,1,0,0,-1,-1,-1
Cha_Yung-gu_0001.jpg,3,2,1,1,0,0,-1,-1,-1
Chelsea_Clinton_0001.jpg,3,1,2,2,1,1,0.687354,0.332756,0.510055
Chen_Kaige_0001.jpg,3,1,2,1,1,1,0.647268,0.419634,0.533451
Chen_Liang_Yu_0001.jpg,3,1,1,1,0,0,-1,-1,-1
Chen_Shui-bian_0001.jpg,3,2,1,1,0,0,-1,-1,-1
Chen_Tsai-chin_0001.jpg,3,2,1,1,0,0,-1,-1,-1
Cherie_Blair_0001.jpg,3,1,2,2,1,1,0.751016,0.299787,0.525401
Cherry_Jones_0001.jpg,3,1,2,2,1,1,0.661256,0.394905,0.528081
Cheryl_Tiegs_0001.jpg,3,1,2,2,0,0,-1,-1,-1
Chhouk_Rin_0001.jpg,3,2,2,1,1,1,0.556066,0.397523,0.476794
Chick_Hearn_0001.jpg,3,1,2,1,1,1,0.608694,0.306284,0.457489
Chin-Feng_Chen_0001.jpg,3,1,2,1,0,0,-1,-1,-1
Chin-Hui_Tsao_0001.jpg,3,1,2,1,1,1,0.545501,0.349215,0.447358
Chip_Ganassi_0001.jpg,3,1,2,1,0,0,-1,-1,-1
Chip_Knight_0001.jpg,3,1,2,1,0,0,-1,-1,-1
Chistian_Stahl_0001.jpg,3,1,2,1,0,0,-1,-1,-1
Chita_Rivera_0001.jpg,3,1,2,2,1,1,0.636392,0.312348,0.47437
Chloe_Sevigny_0001.jpg,2,2,2,2,1,1,0.868673,0.348725,0.608699
Choi_Sung-hong_0001.jpg,3,1,1,1,1,0,0.613349,-1,0.613349
Choi_Yun-yong_0001.jpg,3,1,2,2,1,1,0.629165,0.316847,0.473006
Cho_Myung-kyun_0001.jpg,3,1,1,1,1,1,0.677645,0.436084,0.556865
Christiane_Wulff_0001.jpg,3,1,1,2,0,0,-1,-1,-1
Christian_Bale_0001.jpg,4,1,2,1,1,1,0.547445,0.382846,0.465146
Christian_Fittipaldi_0001.jpg,3,1,2,1,1,1,0.595166,0.474445,0.534806
Christian_Lacroix_0001.jpg,3,1,2,1,0,0,-1,-1,-1
Christian_Lirette_0001.jpg,3,1,2,1,0,0,-1,-1,-1
Christian_Longo_0001.jpg,4,2,2,1,0,0,-1,-1,-1
Christian_Malcolm_0001.jpg,3,1,2,1,0,0,-1,-1,-1
Christian_Patino_0001.jpg,3,1,2,1,0,0,-1,-1,-1
Christian_Von_Wernich_0001.jpg,3,2,1,1,0,0,-1,-1,-1
Christian_Wulff_0001.jpg,3,1,1,1,0,0,-1,-1,-1
Christina_Aguilera_0001.jpg,3,1,2,2,0,0,-1,-1,-1
Christina_Sawaya_0001.jpg,3,1,2,2,1,1,0.543547,0.284262,0.413904
Christine_Arron_0001.jpg,3,2,2,2,0,0,-1,-1,-1
Christine_Baumgartner_0001.jpg,3,1,2,2,1,1,0.676917,0.286329,0.481623
Christine_Gregoire_0001.jpg,3,2,2,2,1,1,0.676188,0.454805,0.565496
Christine_Rau_0001.jpg,3,1,2,2,0,0,-1,-1,-1
Christine_Todd_Whitman_0001.jpg,3,2,2,2,1,1,0.754728,0.471764,0.613246
Christopher_Amolsch_0001.jpg,3,2,2,1,0,0,-1,-1,-1
Christopher_Matero_0001.jpg,3,1,2,1,0,0,-1,-1,-1
Christopher_Reeve_0001.jpg,3,1,2,1,0,0,-1,-1,-1
Christopher_Russell_0001.jpg,3,1,2,1,0,0,-1,-1,-1
Christopher_Speer_0001.jpg,3,2,2,1,1,1,0.646547,0.371647,0.509097
Christopher_Walken_0001.jpg,3,2,2,1,0,0,-1,-1,-1
Christopher_Whittle_0001.jpg,3,1,2,1,0,0,-1,-1,-1
Christy_Ferer_0001.jpg,2,2,2,2,1,1,0.740923,0.574593,0.657758
Christy_Turlington_0001.jpg,3,1,2,2,1,1,0.738909,0.307599,0.523254
Chris_Andrews_0001.jpg,3,1,2,1,0,0,-1,-1,-1
Chris_Bell_0001.jpg,2,1,2,1,0,0,-1,-1,-1
Chris_Byrd_0001.jpg,3,2,2,1,1,1,0.559933,0.507371,0.533652
Chris_Cirino_0001.jpg,3,2,2,1,1,1,0.762471,0.500644,0.631557
Chris_Claiborne_0001.jpg,3,1,2,1,1,1,0.567271,0.349108,0.458189
Chris_Columbus_0001.jpg,3,2,2,1,1,1,0.723164,0.442508,0.582836
Chris_Cookson_0001.jpg,3,2,1,1,0,0,-1,-1,-1
Chris_Cooper_0001.jpg,3,1,2,1,0,0,-1,-1,-1
Chris_Forsyth_0001.jpg,3,2,2,1,1,1,0.533743,0.466984,0.500363
Chris_Gratton_0001.jpg,3,2,2,1,1,1,0.615911,0.426736,0.521323
Chris_Hernandez_0001.jpg,3,2,2,1,0,0,-1,-1,-1
Chris_Matthews_0001.jpg,3,1,2,1,0,0,-1,-1,-1
Chris_Neil_0001.jpg,3,2,2,1,1,0,0.575736,-1,0.575736
Chris_Noth_0001.jpg,3,1,2,1,1,1,0.619793,0.296664,0.458229
Chris_Penn_0001.jpg,4,1,2,1,0,0,-1,-1,-1
Chris_Pronger_0001.jpg,3,1,2,1,0,0,-1,-1,-1
Chris_Reitsma_0001.jpg,3,2,2,1,0,0,-1,-1,-1
Chris_Rock_0001.jpg,3,1,2,1,1,1,0.548981,0.482502,0.515741
Chris_Simon_0001.jpg,3,2,2,1,1,1,0.625014,0.426697,0.525856
Chris_Swecker_0001.jpg,3,2,2,1,1,1,0.716656,0.48587,0.601263
Chris_Terry_0001.jpg,3,2,2,1,0,0,-1,-1,-1
Chris_Tucker_0001.jpg,3,2,1,1,1,1,0.665187,0.42347,0.544328
Chris_Whitney_0001.jpg,3,2,2,1,1,1,0.622007,0.363803,0.492905
Chuanyun_Li_0001.jpg,3,1,2,1,0,0,-1,-1,-1
Chuck_Amato_0001.jpg,2,2,2,1,0,0,-1,-1,-1
Chuck_Bednarik_0001.jpg,3,1,2,1,1,1,0.69572,0.397737,0.546728
Chuck_Finley_0001.jpg,3,2,2,1,0,0,-1,-1,-1
Chuck_Hagel_0001.jpg,3,1,2,1,0,0,-1,-1,-1
Chuck_Woolery_0001.jpg,2,1,2,1,0,0,-1,-1,-1
Chuck_Yeager_0001.jpg,2,1,2,1,1,1,0.805737,0.42504,0.615389
Chung_Mong-joon_0001.jpg,3,2,2,1,1,1,0.697238,0.491002,0.59412
Chyung_Dai-chul_0001.jpg,3,2,2,1,1,1,0.786529,0.391393,0.588961
Ciaran_Hinds_0001.jpg,5,2,2,1,0,0,-1,-1,-1
Cindy_Crawford_0001.jpg,3,1,2,2,1,1,0.521358,0.339824,0.430591
Cindy_Klassen_0001.jpg,3,1,2,2,1,1,0.666026,0.231046,0.448536
Cindy_Margolis_0001.jpg,3,1,2,2,1,1,0.651763,0.310257,0.48101
Cindy_Moll_0001.jpg,3,1,2,2,0,0,-1,-1,-1
Cindy_Taylor_0001.jpg,3,1,2,2,1,1,0.613214,0.30317,0.458192
Cindy_Zagorski_0001.jpg,1,1,2,2,0,0,-1,-1,-1
Claire_Danes_0001.jpg,3,1,2,2,0,0,-1,-1,-1
Claire_Tomalin_0001.jpg,3,2,2,2,0,0,-1,-1,-1
Clara_Harris_0001.jpg,2,2,2,2,0,0,-1,-1,-1
Clare_Latimer_0001.jpg,3,2,2,2,1,1,0.541455,0.310886,0.426171
Clare_Short_0001.jpg,3,2,2,2,0,0,-1,-1,-1
Claude_Jorda_0001.jpg,3,2,1,1,0,0,-1,-1,-1
Claudia_Coslovich_0001.jpg,3,2,2,1,0,0,-1,-1,-1
Claudia_Schiffer_0001.jpg,3,1,2,2,1,1,0.607021,0.515787,0.561404
Claudine_Farrell_0001.jpg,3,1,2,2,0,0,-1,-1,-1
Claudio_Ranieri_0001.jpg,2,2,2,1,0,0,-1,-1,-1
Clay_Aiken_0001.jpg,3,1,2,1,0,0,-1,-1,-1
Clemente_de_la_Vega_0001.jpg,4,2,1,1,1,1,0.47663,0.52234,0.499485
Clifford_Etienne_0001.jpg,3,2,2,1,1,1,0.684476,0.439664,0.56207
Clifford_Robinson_0001.jpg,3,1,2,1,1,1,0.603807,0.42178,0.512794
Cliff_Ellis_0001.jpg,3,2,1,1,1,1,0.617176,0.36193,0.489553
Clint_Eastwood_0001.jpg,3,1,2,1,0,0,-1,-1,-1
Clint_Lamebear_0001.jpg,3,2,2,1,0,0,-1,-1,-1
Coco_dEste_0001.jpg,5,1,2,2,0,0,-1,-1,-1
Cole_Chapman_0001.jpg,3,1,2,1,1,1,0.599348,0.245796,0.422572
Colin_Campbell_0001.jpg,3,2,2,1,0,0,-1,-1,-1
Colin_Cowie_0001.jpg,3,1,2,1,0,0,-1,-1,-1
Colin_Farrell_0001.jpg,3,2,2,1,0,0,-1,-1,-1
Colin_Montgomerie_0001.jpg,3,1,2,1,0,0,-1,-1,-1
Colin_Phillips_0001.jpg,3,2,2,1,1,1,0.732047,0.388064,0.560056
Colin_Powell_0001.jpg,4,2,1,1,0,0,-1,-1,-1
Colleen_Donovan_0001.jpg,3,1,2,2,0,0,-1,-1,-1
Colleen_Jones_0001.jpg,3,2,2,2,1,0,0.591113,-1,0.591113
Colleen_OClair_0001.jpg,4,2,2,2,0,0,-1,-1,-1
Colleen_Ryan_0001.jpg,2,2,1,2,1,1,0.904672,0.472731,0.688701
Collis_Temple_III_0001.jpg,3,2,2,1,0,0,-1,-1,-1
Columba_Bush_0001.jpg,3,2,1,2,1,1,0.608729,0.391848,0.500289
Compay_Segundo_0001.jpg,3,1,2,1,1,1,0.709896,0.394386,0.552141
Conan_OBrien_0001.jpg,3,1,2,1,0,0,-1,-1,-1
Condoleezza_Rice_0001.jpg,3,1,2,2,1,1,0.616538,0.292103,0.454321
Connie_Chung_0001.jpg,2,1,2,2,0,0,-1,-1,-1
Constance_Marie_0001.jpg,3,1,2,2,1,1,0.73029,0.315353,0.522822
Cora_Cambell_0001.jpg,3,2,2,2,0,0,-1,-1,-1
Coretta_Scott_King_0001.jpg,3,2,2,2,0,0,-1,-1,-1
Corey_Maggette_0001.jpg,3,2,2,1,0,0,-1,-1,-1
Corinne_Coman_0001.jpg,3,1,2,2,1,1,0.665197,0.321088,0.493142
Corliss_Williamson_0001.jpg,3,2,2,1,1,1,0.670333,0.468985,0.569659
Costas_Simitis_0001.jpg,3,2,1,1,0,0,-1,-1,-1
Courtney_Cox_0001.jpg,3,1,2,2,1,1,0.923774,0.386135,0.654954
Courtney_Love_0001.jpg,3,1,2,2,1,1,0.643578,0.431131,0.537354
Craig_Burley_0001.jpg,3,1,2,1,0,0,-1,-1,-1
Craig_MacTavish_0001.jpg,3,2,2,1,1,0,0.854062,-1,0.854062
Craig_Morgan_0001.jpg,3,1,2,1,1,1,0.651481,0.298398,0.474939
Craig_OClair_0001.jpg,4,2,2,1,0,0,-1,-1,-1
Craig_Wilson_0001.jpg,3,2,2,1,1,1,0.539016,0.377448,0.458232
Crandall_Bowles_0001.jpg,3,2,2,2,1,1,0.706637,0.380896,0.543766
Crispin_Glover_0001.jpg,3,1,2,1,1,1,0.674896,0.345124,0.51001
Cristiano_da_Matta_0001.jpg,3,2,2,1,1,1,0.772183,0.372678,0.572431
Cristina_Fernandez_0001.jpg,4,1,2,2,0,0,-1,-1,-1
Cristina_Kirchner_0001.jpg,3,1,2,2,0,0,-1,-1,-1
Cristina_Saralegui_0001.jpg,4,1,2,2,0,0,-1,-1,-1
Cristina_Torrens_Valero_0001.jpg,3,2,2,2,0,0,-1,-1,-1
Cruz_Bustamante_0001.jpg,3,1,2,1,0,0,-1,-1,-1
Curtis_Joseph_0001.jpg,3,1,2,1,0,0,-1,-1,-1
Curtis_Rodriguez_0001.jpg,3,1,2,1,0,0,-1,-1,-1
Curtis_Strange_0001.jpg,3,2,2,1,0,0,-1,-1,-1
Cynthia_Nixon_0001.jpg,2,1,2,2,1,1,0.822598,0.4,0.611299
Cynthia_Rowley_0001.jpg,3,1,2,2,0,0,-1,-1,-1
Dagmar_Dunlevy_0001.jpg,3,1,2,2,0,0,-1,-1,-1
Daisy_Fuentes_0001.jpg,3,1,2,2,0,0,-1,-1,-1
Dai_Bachtiar_0001.jpg,3,2,2,1,0,0,-1,-1,-1
Dai_Chul_Chyung_0001.jpg,3,1,2,1,0,0,-1,-1,-1
Dalai_Lama_0001.jpg,2,1,1,1,0,0,-1,-1,-1
Dale_Bosworth_0001.jpg,3,2,2,1,1,1,0.773015,0.457155,0.615085
Dale_Earnhardt_Jr_0001.jpg,3,1,2,1,1,1,0.66963,0.375423,0.522527
Dalia_Rabin-Pelosoff_0001.jpg,3,2,2,2,1,1,0.613356,0.381681,0.497518
Damon_van_Dam_0001.jpg,3,2,2,1,0,0,-1,-1,-1
DAngelo_Jimenez_0001.jpg,3,2,2,1,1,1,0.67958,0.375423,0.527502
Daniela_Cicarelli_0001.jpg,2,1,2,2,0,0,-1,-1,-1
Daniele_Bergamin_0001.jpg,2,2,2,1,1,1,0.834386,0.493964,0.664175
Daniele_Hypolito_0001.jpg,3,1,2,2,1,1,0.583497,0.316228,0.449863
Daniele_Nardello_0001.jpg,3,1,2,1,0,0,-1,-1,-1
Danielle_Spencer_0001.jpg,4,1,2,2,1,1,0.452241,0.311226,0.381733
Daniell_Sunjata_0001.jpg,3,1,2,1,1,1,0.677871,0.361516,0.519693
Daniel_Bruehl_0001.jpg,3,1,2,1,0,0,-1,-1,-1
Daniel_Chin_0001.jpg,3,1,1,1,1,1,0.64036,0.495394,0.567877
Daniel_Coats_0001.jpg,3,2,2,1,1,1,0.770815,0.464289,0.617552
Daniel_Comisso_Urdaneta_0001.jpg,4,2,2,1,0,0,-1,-1,-1
Daniel_Kurtzer_0001.jpg,3,2,1,1,0,0,-1,-1,-1
Daniel_Montenegro_0001.jpg,3,1,2,1,0,0,-1,-1,-1
Daniel_Montgomery_0001.jpg,3,2,2,1,1,1,0.542036,0.318723,0.430379
Daniel_Ortega_0001.jpg,3,1,2,1,0,0,-1,-1,-1
Daniel_Osorno_0001.jpg,3,1,2,1,0,0,-1,-1,-1
Daniel_Patrick_Moynihan_0001.jpg,3,1,1,1,0,0,-1,-1,-1
Daniel_Pearl_0001.jpg,3,1,1,1,0,0,-1,-1,-1
Daniel_Radcliffe_0001.jpg,2,1,2,1,0,0,-1,-1,-1
Daniel_Zelman_0001.jpg,3,1,2,1,0,0,-1,-1,-1
Danis_Tanovic_0001.jpg,3,1,2,1,1,1,0.653971,0.343398,0.498685
Danny_Avalon_0001.jpg,3,1,1,1,1,1,0.685076,0.415154,0.550115
Danny_Elfman_0001.jpg,3,1,1,1,0,0,-1,-1,-1
Danny_Green_0001.jpg,3,2,2,1,0,0,-1,-1,-1
Danny_Morgan_0001.jpg,3,1,2,1,0,0,-1,-1,-1
Dan_Ackroyd_0001.jpg,4,1,1,1,0,0,-1,-1,-1
Dan_Bartlett_0001.jpg,4,1,2,1,1,1,0.469491,0.491229,0.48036
Dan_Boyle_0001.jpg,4,2,2,1,0,0,-1,-1,-1
Dan_Bylsma_0001.jpg,3,2,2,1,0,0,-1,-1,-1
Dan_Guerrero_0001.jpg,3,2,2,1,1,1,0.79771,0.407751,0.602731
Dan_Kellner_0001.jpg,3,1,2,1,0,0,-1,-1,-1
Dan_LaCoutre_0001.jpg,3,2,2,1,0,0,-1,-1,-1
Dan_Morales_0001.jpg,3,1,1,1,0,0,-1,-1,-1
Dan_Prinster_0001.jpg,3,2,2,1,1,1,0.581,0.363711,0.472355
Dan_Quayle_0001.jpg,3,2,2,1,1,1,0.641987,0.482169,0.562078
Dan_Reeves_0001.jpg,3,2,1,1,0,0,-1,-1,-1
Dan_Snyder_0001.jpg,3,1,1,1,1,1,0.671149,0.353978,0.512563
Darcy_Regier_0001.jpg,4,2,2,1,1,1,0.536354,0.428619,0.482486
Dario_Camuffo_0001.jpg,3,1,1,1,0,0,-1,-1,-1
Dario_Franchitti_0001.jpg,3,1,2,1,1,0,0.647086,-1,0.647086
Dariusz_Michalczewski_0001.jpg,3,2,2,1,1,1,0.577518,0.280034,0.428776
Darla_Moore_0001.jpg,3,2,2,2,0,0,-1,-1,-1
Darlene_Garrettson_0001.jpg,3,1,2,2,0,0,-1,-1,-1
Darrell_Dickey_0001.jpg,3,1,2,1,0,0,-1,-1,-1
Darrell_Porter_0001.jpg,3,1,1,1,1,1,0.601347,0.376568,0.488957
Darrell_Royal_0001.jpg,3,1,2,1,1,1,0.620871,0.366285,0.493578
Darren_Clarke_0001.jpg,3,2,2,1,1,1,0.641848,0.346191,0.49402
Darryl_McDaniels_0001.jpg,2,1,2,1,1,1,0.918428,0.54063,0.729529
Darryl_Stingley_0001.jpg,3,2,2,1,1,1,0.619522,0.391077,0.5053
Darvis_Patton_0001.jpg,3,1,2,1,0,0,-1,-1,-1
Daryl_Hannah_0001.jpg,4,1,2,2,1,1,0.50802,0.239637,0.373828
Daryl_Jones_0001.jpg,3,2,2,1,0,0,-1,-1,-1
Daryl_Parks_0001.jpg,3,2,2,1,1,1,0.770254,0.416176,0.593215
Davey_Johnson_0001.jpg,3,1,2,1,1,1,0.931032,0.405778,0.668405
Dave_Barr_0001.jpg,3,2,2,1,0,0,-1,-1,-1
Dave_Campo_0001.jpg,3,1,2,1,0,0,-1,-1,-1
Dave_Johnson_0001.jpg,2,1,2,1,0,0,-1,-1,-1
Dave_Lewis_0001.jpg,3,2,2,1,1,1,0.814745,0.492762,0.653754
Dave_McGinnis_0001.jpg,3,2,2,1,0,0,-1,-1,-1
Dave_McNally_0001.jpg,3,1,2,1,0,0,-1,-1,-1
Dave_Odom_0001.jpg,3,2,1,1,0,0,-1,-1,-1
Dave_Potter_0001.jpg,3,1,2,1,0,0,-1,-1,-1
Dave_Ragone_0001.jpg,3,1,2,1,1,1,0.777712,0.526168,0.65194
Dave_Tucker_0001.jpg,3,2,2,1,1,1,0.634646,0.428641,0.531643
Dave_Wannstedt_0001.jpg,3,1,2,1,0,0,-1,-1,-1
Dave_Williams_0001.jpg,3,1,2,1,0,0,-1,-1,-1
David_Alpay_0001.jpg,3,1,2,1,1,1,0.630865,0.223719,0.427292
David_Arquette_0001.jpg,3,1,2,1,0,0,-1,-1,-1
David_Ballantyne_0001.jpg,2,2,2,1,0,0,-1,-1,-1
David_Beckham_0001.jpg,3,1,2,1,0,0,-1,-1,-1
David_Bisbal_0001.jpg,3,1,2,1,1,1,0.618309,0.328513,0.473411
David_Blaine_0001.jpg,3,2,2,1,0,0,-1,-1,-1
David_Bowie_0001.jpg,3,2,2,1,1,1,0.629687,0.407758,0.518722
David_Braley_0001.jpg,3,1,2,1,0,0,-1,-1,-1
David_Brent_0001.jpg,3,2,2,1,0,0,-1,-1,-1
David_Brown_0001.jpg,3,2,2,1,0,0,-1,-1,-1
David_Caraway_0001.jpg,4,2,2,1,1,1,0.512706,0.379217,0.445961
David_Carradine_0001.jpg,3,2,2,1,1,1,0.554221,0.463643,0.508932
David_Caruso_0001.jpg,3,2,2,2,0,0,-1,-1,-1
David_Chase_0001.jpg,2,2,2,1,0,0,-1,-1,-1
David_Collenette_0001.jpg,2,2,1,1,0,0,-1,-1,-1
David_Coulthard_0001.jpg,3,2,2,1,1,1,0.659989,0.371692,0.51584
David_Dewhurst_0001.jpg,3,2,2,1,0,0,-1,-1,-1
David_Dodge_0001.jpg,3,2,1,1,1,1,0.689047,0.50533,0.597188
David_Donohue_0001.jpg,4,2,1,1,1,1,0.50028,0.42281,0.461545
David_Dorfman_0001.jpg,3,1,2,1,1,1,0.497221,0.384708,0.440964
David_Duval_0001.jpg,3,1,2,1,1,1,0.498616,0.331424,0.41502
David_Eldon_0001.jpg,3,2,1,1,0,0,-1,-1,-1
David_Gest_0001.jpg,3,1,1,1,0,0,-1,-1,-1
David_Glenn_0001.jpg,3,1,1,1,1,1,0.683606,0.296664,0.490135
David_Hannay_0001.jpg,3,2,2,1,1,0,0.706304,-1,0.706304
David_Hanson_0001.jpg,3,1,2,1,1,0,0.762523,-1,0.762523
David_Hasselhoff_0001.jpg,3,1,2,1,0,0,-1,-1,-1
David_Heymann_0001.jpg,3,2,2,1,1,1,0.67527,0.486737,0.581003
David_Hilt_0001.jpg,3,1,2,1,0,0,-1,-1,-1
David_Ho_0001.jpg,3,1,1,1,0,0,-1,-1,-1
David_Howard_0001.jpg,2,2,1,1,0,0,-1,-1,-1
David_Leahy_0001.jpg,4,2,1,1,0,0,-1,-1,-1
David_McCullough_0001.jpg,2,2,2,1,0,0,-1,-1,-1
David_Millar_0001.jpg,3,1,2,1,1,0,0.476137,-1,0.476137
David_Modell_0001.jpg,3,1,1,1,0,0,-1,-1,-1
David_Montoya_0001.jpg,3,1,2,1,0,0,-1,-1,-1
David_Provost_0001.jpg,4,1,2,1,1,1,0.451682,0.404753,0.428218
David_Przybyszewski_0001.jpg,3,2,2,1,0,0,-1,-1,-1
David_Rivkin_Jr_0001.jpg,3,2,1,1,1,1,0.850974,0.485071,0.668023
David_Shayler_0001.jpg,3,1,2,1,1,1,0.57305,0.401154,0.487102
David_Sibleyk_0001.jpg,3,2,2,1,0,0,-1,-1,-1
David_Sousa_0001.jpg,3,1,2,1,0,0,-1,-1,-1
David_Spade_0001.jpg,3,1,2,1,0,0,-1,-1,-1
David_Stern_0001.jpg,4,1,1,1,0,0,-1,-1,-1
David_Suazo_0001.jpg,2,1,2,1,0,0,-1,-1,-1
David_Surrett_0001.jpg,3,2,1,1,0,0,-1,-1,-1
David_Trimble_0001.jpg,3,2,1,1,0,0,-1,-1,-1
David_Wolf_0001.jpg,4,2,2,1,0,0,-1,-1,-1
David_Zeplowitz_0001.jpg,3,1,2,1,0,0,-1,-1,-1
Davis_Love_III_0001.jpg,3,2,2,1,0,0,-1,-1,-1
Dean_Barker_0001.jpg,3,2,2,1,1,1,0.651403,0.367514,0.509458
Dean_Jacek_0001.jpg,3,2,2,1,0,0,-1,-1,-1
Dean_Sheremet_0001.jpg,2,1,2,1,0,0,-1,-1,-1
Debbie_Reynolds_0001.jpg,3,1,2,2,0,0,-1,-1,-1
Debra_Brown_0001.jpg,4,1,2,2,1,1,0.407753,0.237773,0.322763
Debra_Messing_0001.jpg,3,1,2,2,0,0,-1,-1,-1
Debra_Rose_0001.jpg,3,2,2,2,0,0,-1,-1,-1
Debra_Shank_0001.jpg,4,2,2,2,1,1,0.665158,0.38829,0.526724
Debra_Yang_0001.jpg,3,2,2,2,1,1,0.714857,0.538469,0.626663
Deena_Burnett_0001.jpg,3,2,2,1,1,1,0.774045,0.455409,0.614727
Deepa_Mehta_0001.jpg,4,1,2,2,0,0,-1,-1,-1
Della_Clara_0001.jpg,3,1,2,2,0,0,-1,-1,-1
Delphine_Chuillot_0001.jpg,2,1,2,2,1,1,0.803216,0.437806,0.620511
Demetrin_Veal_0001.jpg,3,2,2,1,0,0,-1,-1,-1
Demetrius_Ferraciu_0001.jpg,3,2,2,1,1,1,0.552329,0.540758,0.546543
Demi_Moore_0001.jpg,3,1,2,2,0,0,-1,-1,-1
Denise_Johnson_0001.jpg,3,2,2,1,1,1,0.531744,0.389367,0.460556
Denis_Coderre_0001.jpg,3,2,1,1,0,0,-1,-1,-1
Denis_Fassou-Nguesso_0001.jpg,3,1,2,1,1,1,0.904382,0.381274,0.642828
Deniz_Baykal_0001.jpg,2,2,1,1,1,0,0.871408,-1,0.871408
Dennis_Hastert_0001.jpg,3,1,1,1,0,0,-1,-1,-1
Dennis_Johnson_0001.jpg,3,2,2,1,0,0,-1,-1,-1
Dennis_Kozlowski_0001.jpg,3,2,2,1,0,0,-1,-1,-1
Dennis_Miller_0001.jpg,3,1,2,1,0,0,-1,-1,-1
Dennis_Oswald_0001.jpg,3,2,2,1,0,0,-1,-1,-1
Denzel_Washington_0001.jpg,3,1,2,1,1,1,0.686016,0.403643,0.544829
Dereck_Whittenburg_0001.jpg,3,2,2,1,0,0,-1,-1,-1
Derek_King_0001.jpg,3,2,2,1,0,0,-1,-1,-1
Derian_Hatcher_0001.jpg,3,1,2,1,1,1,0.607795,0.310257,0.459026
Derrick_Battie_0001.jpg,3,2,2,1,1,1,0.768208,0.429082,0.598645
Derrick_Rodgers_0001.jpg,3,2,1,1,0,0,-1,-1,-1
Desiree_Lemosi_0001.jpg,3,2,2,2,0,0,-1,-1,-1
Desiree_McKenzie_0001.jpg,3,1,2,2,1,1,0.692489,0.369688,0.531089
Desmon_Farmer_0001.jpg,3,2,2,1,0,0,-1,-1,-1
Des_Brown_0001.jpg,3,1,1,1,0,0,-1,-1,-1
Devin_Harris_0001.jpg,4,1,2,1,0,0,-1,-1,-1
Dewayne_White_0001.jpg,3,1,2,1,0,0,-1,-1,-1
Dexter_Jackson_0001.jpg,3,1,2,1,0,0,-1,-1,-1
Diana_Krall_0001.jpg,3,1,2,2,1,1,0.609647,0.398654,0.504151
Diana_Munz_0001.jpg,3,1,2,2,0,0,-1,-1,-1
Diana_Renee_Valdivieso_Dubon_0001.jpg,3,1,2,2,0,0,-1,-1,-1
Diana_Ross_0001.jpg,3,2,2,2,1,0,0.769258,-1,0.769258
Diana_Silvius_0001.jpg,3,1,1,2,0,0,-1,-1,-1
Diana_Taurasi_0001.jpg,3,1,2,2,0,0,-1,-1,-1
Diana_Taylor_0001.jpg,3,1,2,2,0,0,-1,-1,-1
Diane_Green_0001.jpg,2,2,1,2,0,0,-1,-1,-1
Diane_Ladd_0001.jpg,3,2,2,2,0,0,-1,-1,-1
Diane_Lane_0001.jpg,3,1,2,2,1,1,0.535709,0.375352,0.45553
Dianne_Feinstein_0001.jpg,3,2,2,2,1,1,0.598451,0.402939,0.500695
Dianne_Reeves_0001.jpg,3,1,1,2,0,0,-1,-1,-1
Dick_Cheney_0001.jpg,3,2,1,1,0,0,-1,-1,-1
Dick_Clark_0001.jpg,3,1,2,1,1,1,0.933821,0.404061,0.668941
Dick_Jauron_0001.jpg,3,2,2,1,1,1,0.706461,0.453213,0.579837
Dick_Latessa_0001.jpg,3,2,2,1,1,0,0.762415,-1,0.762415
Dick_Posthumus_0001.jpg,3,1,2,1,1,1,0.535254,0.286814,0.411034
Dick_Smothers_0001.jpg,3,1,2,1,1,1,0.693994,0.30332,0.498657
Diego_Armando_Maradona_0001.jpg,3,1,2,1,0,0,-1,-1,-1
Diego_Colorado_0001.jpg,3,2,2,1,0,0,-1,-1,-1
Diego_Diego_Lerman_0001.jpg,3,1,2,1,1,0,0.767512,-1,0.767512
Dieter_Holzer_0001.jpg,3,2,1,1,0,0,-1,-1,-1
Dieter_Zetsche_0001.jpg,3,2,1,1,1,0,0.520028,-1,0.520028
Dimitar_Berbatov_0001.jpg,4,2,2,1,1,1,0.471124,0.392636,0.43188
Dimitri_Perricos_0001.jpg,3,2,1,1,0,0,-1,-1,-1
Dinah_Turner_0001.jpg,4,1,2,2,1,1,0.524397,0.276712,0.400555
Dino_de_Laurentis_0001.jpg,3,2,2,1,0,0,-1,-1,-1
Din_Samsudin_0001.jpg,2,1,2,1,1,1,1.32394,0.649578,0.986757
Dionigi_Tettamanzi_0001.jpg,3,1,2,1,0,0,-1,-1,-1
Dionne_Warwick_0001.jpg,3,1,1,2,1,1,0.621333,0.357435,0.489384
Dion_Glover_0001.jpg,3,1,2,1,0,0,-1,-1,-1
Dita_Von_Tesse_0001.jpg,3,1,2,2,1,1,0.631698,0.222093,0.426896
Djabir_Said-Guerni_0001.jpg,3,2,2,1,1,1,0.708534,0.515513,0.612024
Doc_Rivers_0001.jpg,3,2,2,1,0,0,-1,-1,-1
Dolly_Parton_0001.jpg,3,1,2,2,0,0,-1,-1,-1
Dominick_Dunne_0001.jpg,3,2,2,1,1,1,1.07558,0.510461,0.793021
Dominic_Monaghan_0001.jpg,3,2,2,1,1,1,0.565883,0.438108,0.501995
Dominique_de_Villepin_0001.jpg,3,1,2,1,1,1,0.684318,0.300549,0.492433
Donald_Carty_0001.jpg,3,2,2,1,0,0,-1,-1,-1
Donald_Fehr_0001.jpg,3,2,2,1,0,0,-1,-1,-1
Donald_Hays_0001.jpg,3,2,1,1,0,0,-1,-1,-1
Donald_Keck_0001.jpg,3,1,1,1,0,0,-1,-1,-1
Donald_Keyser_0001.jpg,4,2,2,1,0,0,-1,-1,-1
Donald_Pettit_0001.jpg,3,1,1,1,1,1,0.839894,0.394997,0.617446
Donald_Regan_0001.jpg,3,2,2,1,0,0,-1,-1,-1
Donald_Rumsfeld_0001.jpg,3,1,1,1,0,0,-1,-1,-1
Donald_Trump_0001.jpg,3,2,2,1,0,0,-1,-1,-1
Donatella_Versace_0001.jpg,3,1,2,2,0,0,-1,-1,-1
Donna_Barrera_0001.jpg,3,2,1,2,0,0,-1,-1,-1
Donna_Brazile_0001.jpg,3,1,2,2,0,0,-1,-1,-1
Donna_Morrissey_0001.jpg,3,2,2,2,0,0,-1,-1,-1
Donna_Shalala_0001.jpg,2,1,2,2,1,1,0.589155,0.364833,0.476994
Donna_Walker_0001.jpg,3,2,1,2,1,1,1.39697,0.487914,0.942444
Donny_Osmond_0001.jpg,3,1,2,1,1,1,0.590262,0.430801,0.510532
Don_Boudria_0001.jpg,4,2,2,1,0,0,-1,-1,-1
Don_Flanagan_0001.jpg,3,1,2,1,0,0,-1,-1,-1
Don_Henley_0001.jpg,4,2,1,1,0,0,-1,-1,-1
Don_Hewitt_0001.jpg,3,1,2,1,0,0,-1,-1,-1
Don_King_0001.jpg,4,1,1,1,0,0,-1,-1,-1
Don_Lake_0001.jpg,3,1,2,1,0,0,-1,-1,-1
Don_Matthews_0001.jpg,3,2,2,1,0,0,-1,-1,-1
Don_Nickles_0001.jpg,3,2,2,1,0,0,-1,-1,-1
Don_Siegelman_0001.jpg,3,2,1,1,0,0,-1,-1,-1
Dora_Bakoyianni_0001.jpg,3,1,2,2,1,1,0.539337,0.326226,0.432782
Doris_Schroeder_0001.jpg,4,1,2,2,0,0,-1,-1,-1
Dorothy_Lamour_0001.jpg,2,1,2,2,1,1,0.677491,0.372048,0.52477
Dorothy_Loudon_0001.jpg,3,1,2,2,1,1,0.644454,0.316152,0.480303
Dorothy_Wilson_0001.jpg,2,1,1,2,0,0,-1,-1,-1
Dorthy_Moxley_0001.jpg,3,1,1,2,0,0,-1,-1,-1
Dot_Helms_0001.jpg,3,2,2,2,1,1,0.769324,0.40114,0.585232
Douglas_Faneuil_0001.jpg,3,1,2,1,0,0,-1,-1,-1
Douglas_Gansler_0001.jpg,3,2,2,1,1,1,0.596558,0.400163,0.498361
Doug_Christie_0001.jpg,4,1,2,1,0,0,-1,-1,-1
Doug_Collins_0001.jpg,4,2,2,1,1,1,0.599464,0.357946,0.478705
Doug_Duncan_0001.jpg,3,2,2,1,0,0,-1,-1,-1
Doug_Melvin_0001.jpg,3,2,2,1,1,1,0.641193,0.534592,0.587893
Doug_Moe_0001.jpg,4,1,2,1,0,0,-1,-1,-1
Doug_Racine_0001.jpg,2,2,2,1,1,1,1.0199,0.579525,0.799711
Dragan_Covic_0001.jpg,3,2,2,1,0,0,-1,-1,-1
Drew_Barrymore_0001.jpg,5,1,2,2,1,1,0.447467,0.239374,0.34342
Drew_Bledsoe_0001.jpg,3,1,2,1,0,0,-1,-1,-1
Duane_Barber_0001.jpg,3,1,2,1,0,0,-1,-1,-1
Dule_Hill_0001.jpg,3,1,2,1,0,0,-1,-1,-1
Duncan_Fletcher_0001.jpg,3,2,2,1,0,0,-1,-1,-1
Dunn_Lampton_0001.jpg,4,2,2,1,1,1,0.540988,0.342232,0.44161
Dustan_Mohr_0001.jpg,3,2,2,1,0,0,-1,-1,-1
Dustin_Brown_0001.jpg,3,1,2,1,0,0,-1,-1,-1
Du_Qinglin_0001.jpg,2,2,1,1,1,1,0.815451,0.695036,0.755243
Dwain_Kyles_0001.jpg,3,2,2,1,0,0,-1,-1,-1
Dwayne_Wade_0001.jpg,3,1,2,1,0,0,-1,-1,-1
Dyab_Abou_Jahjah_0001.jpg,4,2,2,1,1,1,0.677757,0.57594,0.626849
Dyana_Calub_0001.jpg,3,1,2,2,0,0,-1,-1,-1
Earl_Campbell_0001.jpg,3,2,2,1,1,1,0.655891,0.527315,0.591603
Earl_Counter_0001.jpg,4,2,2,1,1,1,0.442353,0.506762,0.474557
Earl_Fritts_0001.jpg,3,2,2,1,0,0,-1,-1,-1
Earl_Scruggs_0001.jpg,3,1,2,1,0,0,-1,-1,-1
Eddie_Compass_0001.jpg,3,2,2,1,0,0,-1,-1,-1
Eddie_Jordan_0001.jpg,3,1,2,1,1,1,0.720919,0.371647,0.546283
Eddie_Lewis_0001.jpg,3,2,2,1,0,0,-1,-1,-1
Eddie_Lucio_0001.jpg,3,2,2,1,1,0,0.845694,-1,0.845694
Eddie_Murray_0001.jpg,3,1,2,1,0,0,-1,-1,-1
Eddie_Sutton_0001.jpg,4,1,2,1,1,1,0.493537,0.371195,0.432366
Eddy_Hartenstein_0001.jpg,2,2,1,1,1,1,0.85836,0.544925,0.701642
Eddy_Merckx_0001.jpg,3,1,2,1,0,0,-1,-1,-1
Edgar_Savisaar_0001.jpg,3,2,1,1,1,1,1.00739,0.440604,0.723996
Edie_Falco_0001.jpg,4,1,2,2,1,1,0.490038,0.292353,0.391196
Edina_Batar_0001.jpg,3,2,2,2,1,1,0.551636,0.522187,0.536911
Edith_Masai_0001.jpg,3,1,2,2,0,0,-1,-1,-1
Edouard_Michelin_0001.jpg,3,2,2,1,1,1,0.659126,0.487636,0.573381
Eduardo_Chillida_0001.jpg,4,2,2,1,1,1,0.430157,0.330174,0.380165
Eduardo_Duhalde_0001.jpg,3,2,2,1,1,1,0.648263,0.469883,0.559073
Eduardo_Fischer_0001.jpg,3,1,2,1,0,0,-1,-1,-1
Eduardo_Romero_0001.jpg,3,2,2,1,1,1,0.699788,0.452158,0.575973
Eduard_Limonov_0001.jpg,3,1,1,1,0,0,-1,-1,-1
Eduard_Shevardnadze_0001.jpg,3,2,2,1,1,1,0.582777,0.386949,0.484863
Edward_Albee_0001.jpg,4,2,2,1,0,0,-1,-1,-1
Edward_Burns_0001.jpg,3,1,2,1,0,0,-1,-1,-1
Edward_Egan_0001.jpg,2,2,2,1,0,0,-1,-1,-1
Edward_Flynn_0001.jpg,4,2,2,1,1,1,0.522405,0.364949,0.443677
Edward_Greenspan_0001.jpg,3,2,2,1,0,0,-1,-1,-1
Edward_James_Olmos_0001.jpg,2,1,2,1,0,0,-1,-1,-1
Edward_Johnson_0001.jpg,3,2,1,1,0,0,-1,-1,-1
Edward_Kennedy_0001.jpg,4,2,2,1,0,0,-1,-1,-1
Edward_Lohn_0001.jpg,3,2,2,1,1,1,0.824993,0.383482,0.604238
Edward_Norton_0001.jpg,2,1,2,1,0,0,-1,-1,-1
Edward_Said_0001.jpg,3,2,2,1,0,0,-1,-1,-1
Edward_Seaga_0001.jpg,3,2,2,1,0,0,-1,-1,-1
Edwina_Currie_0001.jpg,3,2,2,2,1,1,0.709209,0.402208,0.555708
Edwin_Edwards_0001.jpg,2,2,2,1,0,0,-1,-1,-1
Ed_Case_0001.jpg,3,1,2,1,1,1,0.532684,0.389756,0.46122
Ed_Rosenthal_0001.jpg,3,1,2,1,0,0,-1,-1,-1
Ed_Smart_0001.jpg,3,1,2,1,0,0,-1,-1,-1
Ed_Sullivan_0001.jpg,3,2,2,1,0,0,-1,-1,-1
Ed_Wade_0001.jpg,3,1,1,1,1,1,0.615246,0.433049,0.524147
Efrain_Rios_Montt_0001.jpg,3,2,1,1,0,0,-1,-1,-1
Eglis_Yaima_Cruz_0001.jpg,3,1,2,1,1,1,0.644605,0.386632,0.515619
Eileen_Coparropa_0001.jpg,3,1,2,2,0,0,-1,-1,-1
Eileen_Spina_0001.jpg,2,2,2,2,0,0,-1,-1,-1
Einars_Repse_0001.jpg,3,1,2,1,1,1,0.819208,0.38251,0.600859
Ekaterina_Dmitriev_0001.jpg,3,1,2,2,1,1,0.773659,0.321089,0.547374
Ekke_Hard_Forberg_0001.jpg,3,2,2,1,0,0,-1,-1,-1
Eladio_Larez_0001.jpg,3,2,2,1,1,1,1.01311,0.366399,0.689752
Elaine_Chao_0001.jpg,3,2,2,2,0,0,-1,-1,-1
Elena_Dementieva_0001.jpg,3,2,2,2,0,0,-1,-1,-1
Elena_de_Chavez_0001.jpg,4,1,1,2,0,0,-1,-1,-1
Elena_Tihomirova_0001.jpg,3,1,2,2,0,0,-1,-1,-1
Elgin_Baylor_0001.jpg,3,2,2,1,0,0,-1,-1,-1
Eliane_Karp_0001.jpg,3,1,2,2,1,0,0.493961,-1,0.493961
Elias_Attallah_0001.jpg,3,2,1,1,0,0,-1,-1,-1
Elijah_Wood_0001.jpg,3,1,2,1,0,0,-1,-1,-1
Elijan_Ingram_0001.jpg,3,2,2,1,1,0,0.696694,-1,0.696694
Elin_Nordegren_0001.jpg,3,2,1,2,0,0,-1,-1,-1
Eliott_Spitzer_0001.jpg,2,2,2,1,0,0,-1,-1,-1
Elisabeth_Schumacher_0001.jpg,3,1,2,2,1,1,0.674844,0.328302,0.501573
Elisabeth_Welch_0001.jpg,3,1,2,2,1,1,0.583704,0.319077,0.45139
Elisha_Cuthbert_0001.jpg,3,1,2,2,0,0,-1,-1,-1
Elizabeth_Berkeley_0001.jpg,3,1,2,2,1,1,0.822856,0.443876,0.633366
Elizabeth_Dole_0001.jpg,4,1,2,2,0,0,-1,-1,-1
Elizabeth_Hill_0001.jpg,3,2,2,2,0,0,-1,-1,-1
Elizabeth_Pena_0001.jpg,3,1,2,2,1,1,0.699497,0.313299,0.506398
Elizabeth_Regan_0001.jpg,3,1,2,2,0,0,-1,-1,-1
Elizabeth_Shue_0001.jpg,2,1,2,2,1,1,0.881167,0.553243,0.717205
Elizabeth_Smart_0001.jpg,3,2,2,2,1,1,0.71513,0.310535,0.512833
Elizabeth_Taylor_0001.jpg,3,1,2,2,1,1,0.681376,0.414292,0.547834
Eliza_Dushku_0001.jpg,3,2,2,2,0,0,-1,-1,-1
Eliza_Manningham-Buller_0001.jpg,3,1,2,2,1,1,0.726326,0.351206,0.538766
Eli_Broad_0001.jpg,3,2,1,1,1,1,0.622393,0.493999,0.558196
Eli_Rosenbaum_0001.jpg,4,2,2,1,0,0,-1,-1,-1
Eli_Stutsman_0001.jpg,4,2,2,1,0,0,-1,-1,-1
Ellen_DeGeneres_0001.jpg,3,1,2,2,1,1,0.666349,0.315444,0.490896
Ellen_Engleman_0001.jpg,4,2,1,2,1,0,0.657765,-1,0.657765
Ellen_Martin_0001.jpg,3,1,2,2,1,1,0.61356,0.36193,0.487745
Ellen_Pompeo_0001.jpg,3,1,2,2,0,0,-1,-1,-1
Ellen_Saracini_0001.jpg,4,2,2,2,0,0,-1,-1,-1
Elliott_Mincberg_0001.jpg,3,1,1,1,0,0,-1,-1,-1
Elmar_Brok_0001.jpg,3,2,1,1,1,1,0.637387,0.391189,0.514288
Elsa_Zylberstein_0001.jpg,2,1,2,2,0,0,-1,-1,-1
Elton_John_0001.jpg,3,2,1,1,0,0,-1,-1,-1
Elvis_Costello_0001.jpg,3,1,1,1,0,0,-1,-1,-1
Elvis_Presley_0001.jpg,3,2,2,1,1,1,1.19824,0.374707,0.786474
El_Hadji_Diouf_0001.jpg,3,2,2,1,0,0,-1,-1,-1
Emanuel_Ginobili_0001.jpg,3,2,2,1,1,1,0.700715,0.50611,0.603412
Emelie_Loit_0001.jpg,3,2,2,2,0,0,-1,-1,-1
Emile_Lahoud_0001.jpg,5,2,2,1,0,0,-1,-1,-1
Emilio_Azcarraga_Jean_0001.jpg,2,2,2,1,1,0,0.855347,-1,0.855347
Emily_Mason_0001.jpg,3,1,2,2,0,0,-1,-1,-1
Emily_Mortimer_0001.jpg,3,1,2,2,0,0,-1,-1,-1
Emily_Robison_0001.jpg,3,1,2,2,1,1,0.604811,0.383737,0.494274
Eminem_0001.jpg,3,2,2,1,0,0,-1,-1,-1
Emmanuel_Filiberto_0001.jpg,3,2,2,1,0,0,-1,-1,-1
Emmanuel_Milingo_0001.jpg,3,2,1,1,0,0,-1,-1,-1
Emma_Nicholson_0001.jpg,4,2,2,2,1,1,0.530968,0.522072,0.52652
Emma_Watson_0001.jpg,3,1,2,2,1,1,0.587657,0.385286,0.486472
Emmit_Smith_0001.jpg,3,2,2,1,0,0,-1,-1,-1
Emyr_Jones_Parry_0001.jpg,4,2,2,1,1,1,0.593779,0.31323,0.453505
Enos_Slaughter_0001.jpg,3,2,2,1,1,0,0.669887,-1,0.669887
Enrica_Fico_0001.jpg,3,1,2,2,1,1,0.776411,0.320909,0.54866
Enrik_Vendt_0001.jpg,3,1,2,1,0,0,-1,-1,-1
Enrique_Haroldo_Gorriaran_Merlo_0001.jpg,3,1,2,1,0,0,-1,-1,-1
Enrique_Iglesias_0001.jpg,3,2,2,1,1,1,0.560068,0.428353,0.494211
Enrique_Medina_Gomez_0001.jpg,4,2,2,1,0,0,-1,-1,-1
Enrique_Oliu_0001.jpg,3,2,2,1,1,1,0.653443,0.372642,0.513043
Erick_Barkley_0001.jpg,3,2,2,1,0,0,-1,-1,-1
Eric_Bana_0001.jpg,3,1,2,1,1,1,0.63463,0.363447,0.499038
Eric_Benet_0001.jpg,3,1,2,1,0,0,-1,-1,-1
Eric_Christian_Olsen_0001.jpg,3,1,2,1,1,1,0.539199,0.375467,0.457333
Eric_Clapton_0001.jpg,3,2,1,1,1,1,0.926006,0.421764,0.673885
Eric_Daze_0001.jpg,3,1,2,1,0,0,-1,-1,-1
Eric_Dubin_0001.jpg,4,2,2,1,0,0,-1,-1,-1
Eric_Hinske_0001.jpg,3,2,2,1,1,1,0.6588,0.343156,0.500978
Eric_Idle_0001.jpg,3,2,2,1,0,0,-1,-1,-1
Eric_Lindros_0001.jpg,4,2,2,1,0,0,-1,-1,-1
Eric_Robert_Rudolph_0001.jpg,3,2,2,1,0,0,-1,-1,-1
Eric_Rosser_0001.jpg,3,2,2,1,0,0,-1,-1,-1
Eric_Ryan_Donnelly_0001.jpg,3,2,2,1,0,0,-1,-1,-1
Eric_Shinseki_0001.jpg,4,2,2,1,1,1,0.510627,0.384566,0.447597
Eric_Snow_0001.jpg,3,1,2,1,1,1,0.58827,0.362143,0.475206
Eric_Staal_0001.jpg,3,2,2,1,1,1,0.637707,0.387546,0.512627
Eric_Taino_0001.jpg,3,2,2,1,0,0,-1,-1,-1
Eric_Vigouroux_0001.jpg,3,2,2,1,0,0,-1,-1,-1
Erika_Christensen_0001.jpg,3,1,2,2,1,1,0.690836,0.293304,0.49207
Erika_Harold_0001.jpg,3,2,2,2,0,0,-1,-1,-1
Erika_Reyes_0001.jpg,3,1,2,2,0,0,-1,-1,-1
Eriko_Tamura_0001.jpg,3,1,2,2,1,1,0.757194,0.34986,0.553527
Ernesto_Zedillo_0001.jpg,3,2,1,1,1,0,0.707339,-1,0.707339
Ernest_Hollings_0001.jpg,2,2,2,1,0,0,-1,-1,-1
Ernie_Els_0001.jpg,3,2,2,1,0,0,-1,-1,-1
Ernie_Harwell_0001.jpg,3,2,1,1,0,0,-1,-1,-1
Ernie_Preate_0001.jpg,3,2,2,1,0,0,-1,-1,-1
Erwin_Abdullah_0001.jpg,3,2,2,1,0,0,-1,-1,-1
Erwin_Mapasseng_0001.jpg,3,2,1,1,1,1,0.548646,0.442174,0.49541
Esad_Landzo_0001.jpg,3,2,2,1,1,1,0.590908,0.39489,0.492899
Esteban_Cordoba-Velazquez_0001.jpg,4,2,2,1,1,1,0.563265,0.431563,0.497414
Estella_Warren_0001.jpg,3,1,2,2,1,1,0.676908,0.328699,0.502804
Estelle_Morris_0001.jpg,2,1,2,2,0,0,-1,-1,-1
Ester_Canadas_0001.jpg,3,2,2,2,0,0,-1,-1,-1
Ethan_Hawke_0001.jpg,3,2,2,1,1,1,0.67033,0.391454,0.530892
Eugene_Melnyk_0001.jpg,3,2,2,1,1,1,2.46381,1.28117,1.87249
Eugene_Teslovic_0001.jpg,3,1,2,2,1,1,0.737651,0.350823,0.544237
Eunice_Barber_0001.jpg,3,1,2,2,0,0,-1,-1,-1
Eurico_Guterres_0001.jpg,3,2,2,1,1,1,0.599924,0.356594,0.478259
Evander_Holyfield_0001.jpg,3,2,2,1,1,1,1.11723,0.474045,0.795638
Evan_Marriott_0001.jpg,3,2,2,1,0,0,-1,-1,-1
Evan_Rachel_Wood_0001.jpg,3,1,2,2,1,1,0.616834,0.301623,0.459228
Eva_Amurri_0001.jpg,3,1,2,2,0,0,-1,-1,-1
Eva_Herzigova_0001.jpg,2,2,2,2,0,0,-1,-1,-1
Eva_Marie_Saint_0001.jpg,3,1,2,2,1,1,0.583437,0.307384,0.445411
Eva_Mendes_0001.jpg,4,1,2,2,1,1,0.566771,0.277504,0.422138
Eve_Ensler_0001.jpg,3,1,2,2,1,1,0.682227,0.282304,0.482265
Eve_Pelletier_0001.jpg,3,2,2,2,0,0,-1,-1,-1
Evgeni_Plushenko_0001.jpg,3,1,2,1,1,1,0.557586,0.287313,0.422449
Evie_Lazarou_0001.jpg,4,1,2,2,1,1,0.544859,0.280223,0.412541
Evo_Morales_0001.jpg,4,2,2,1,1,1,0.383828,0.340059,0.361944
Ewan_McGregor_0001.jpg,3,1,2,1,1,1,0.549391,0.384341,0.466866
E_Clay_Shaw_0001.jpg,3,2,2,1,1,0,0.840547,-1,0.840547
Fabian_Vargas_0001.jpg,3,2,2,1,0,0,-1,-1,-1
Fabrice_Santoro_0001.jpg,3,2,2,1,1,1,0.545144,0.38586,0.465502
Fabricio_Oberto_0001.jpg,3,2,2,1,0,0,-1,-1,-1
Fann_Wong_0001.jpg,3,1,2,2,1,1,0.732208,0.297586,0.514897
Farida_Ragoonanan_0001.jpg,3,2,2,2,1,1,0.631153,0.446987,0.53907
Fatma_Kusibeh_0001.jpg,5,2,2,2,0,0,-1,-1,-1
Faye_Alibocus_0001.jpg,3,1,2,2,1,1,0.596108,0.336718,0.466413
Faye_Wong_0001.jpg,3,1,2,2,0,0,-1,-1,-1
Fayssal_Mekdad_0001.jpg,3,2,1,1,0,0,-1,-1,-1
Fazal-ur-Rehman_0001.jpg,3,2,2,1,0,0,-1,-1,-1
Federico_Castelan_Sayre_0001.jpg,3,2,2,1,1,1,0.542697,0.51851,0.530603
Federico_Fellini_0001.jpg,3,1,2,1,0,0,-1,-1,-1
Federico_Trillo_0001.jpg,1,2,2,1,0,0,-1,-1,-1
Feliciano_Lopez_0001.jpg,3,2,2,1,1,1,0.69008,0.433861,0.561971
Felipe_Fernandez_0001.jpg,3,1,2,1,1,1,0.789275,0.299234,0.544255
Felipe_Perez_Roque_0001.jpg,3,2,2,1,1,1,0.606779,0.478349,0.542564
Felix_Doh_0001.jpg,3,2,2,1,1,0,0.629075,-1,0.629075
Felix_Trinidad_0001.jpg,3,1,2,1,0,0,-1,-1,-1
Ferenc_Madl_0001.jpg,3,2,1,1,0,0,-1,-1,-1
Fernando_Hierro_0001.jpg,3,1,2,1,0,0,-1,-1,-1
Fernando_Leon_de_Aranoa_0001.jpg,3,2,2,1,1,1,0.752954,0.482404,0.617679
Fernando_Sanz_0001.jpg,3,2,2,1,0,0,-1,-1,-1
Fernando_Valenzuela_0001.jpg,3,1,2,1,0,0,-1,-1,-1
Fernando_Velardez_0001.jpg,3,2,2,1,1,1,0.921105,0.449082,0.685093
Festus_Mogae_0001.jpg,3,1,2,1,1,1,0.685873,0.41362,0.549746
Fidel_Castro_Daiz-Balart_0001.jpg,3,1,2,1,0,0,-1,-1,-1
Filippo_Inzaghi_0001.jpg,3,2,2,1,0,0,-1,-1,-1
Filip_De_Winter_0001.jpg,3,2,2,1,0,0,-1,-1,-1
Fiona_Milne_0001.jpg,3,1,2,2,0,0,-1,-1,-1
Flavia_Delaroli_0001.jpg,3,1,2,2,0,0,-1,-1,-1
Flavia_Pennetta_0001.jpg,3,2,2,2,1,1,0.656522,0.442935,0.549729
Florecita_Cobian_0001.jpg,3,1,2,2,1,1,0.490488,0.313569,0.402029
Floyd_Keith_0001.jpg,3,2,1,1,1,1,0.598482,0.36407,0.481276
Floyd_Mayweather_0001.jpg,3,1,2,1,0,0,-1,-1,-1
Francesco_Totti_0001.jpg,3,2,2,1,0,0,-1,-1,-1
Frances_Fisher_0001.jpg,3,1,2,2,0,0,-1,-1,-1
Francisco_Flores_0001.jpg,3,2,1,1,0,0,-1,-1,-1
Francisco_Garcia_0001.jpg,2,2,2,1,0,0,-1,-1,-1
Francisco_Maturana_0001.jpg,2,1,2,1,0,0,-1,-1,-1
Francisco_Santos_0001.jpg,3,1,1,2,0,0,-1,-1,-1
Francis_Collins_0001.jpg,3,2,1,1,0,0,-1,-1,-1
Francis_Ford_Coppola_0001.jpg,3,2,1,1,0,0,-1,-1,-1
Francis_George_0001.jpg,3,2,1,1,1,1,0.56387,0.414541,0.489206
Francis_Mer_0001.jpg,3,2,2,1,0,0,-1,-1,-1
Francis_Ricciardone_0001.jpg,3,2,2,1,1,1,0.750257,0.355322,0.552789
Franck_Cerutti_0001.jpg,3,1,2,1,1,1,0.941109,0.256401,0.598755
Francois_Ozon_0001.jpg,3,1,2,1,1,0,1.00385,-1,1.00385
Franco_Cangele_0001.jpg,3,2,2,1,0,0,-1,-1,-1
Franco_Frattini_0001.jpg,3,2,1,1,1,1,0.792406,0.361093,0.576749
Franko_Simatovic_0001.jpg,3,2,1,1,0,0,-1,-1,-1
Frank_Abagnale_Jr_0001.jpg,3,1,2,1,0,0,-1,-1,-1
Frank_Beamer_0001.jpg,3,2,2,1,0,0,-1,-1,-1
Frank_Cassell_0001.jpg,2,2,2,1,1,0,1.10432,-1,1.10432
Frank_Coraci_0001.jpg,2,1,1,1,0,0,-1,-1,-1
Frank_Dunham_Jr_0001.jpg,3,2,1,1,0,0,-1,-1,-1
Frank_Griswold_0001.jpg,3,2,1,1,0,0,-1,-1,-1
Frank_Hilldrup_0001.jpg,3,2,2,1,1,1,0.789264,0.593255,0.69126
Frank_Keating_0001.jpg,4,2,2,1,1,1,0.529782,0.38208,0.455931
Frank_Marshall_0001.jpg,3,2,2,1,1,0,0.825384,-1,0.825384
Frank_Murkowski_0001.jpg,3,2,2,1,0,0,-1,-1,-1
Frank_Pallone_0001.jpg,2,2,2,1,0,0,-1,-1,-1
Frank_Schmoekel_0001.jpg,3,2,1,1,0,0,-1,-1,-1
Frank_Sinatra_0001.jpg,2,1,2,1,0,0,-1,-1,-1
Frank_Taylor_0001.jpg,3,2,2,1,1,1,0.588655,0.453146,0.520901
Frank_Van_Ecke_0001.jpg,3,2,2,1,1,1,0.497987,0.456379,0.477183
Frank_Wycheck_0001.jpg,3,2,2,1,1,1,0.771185,0.494354,0.63277
Frank_Zappa_0001.jpg,3,2,2,1,0,0,-1,-1,-1
Franz_Beckenbauer_0001.jpg,3,1,1,1,0,0,-1,-1,-1
Franz_Fischler_0001.jpg,2,1,2,1,0,0,-1,-1,-1
Franz_Gsell_0001.jpg,3,2,2,1,1,1,0.721483,0.289742,0.505612
Franz_Muentefering_0001.jpg,2,1,1,1,1,1,0.794329,0.527121,0.660725
Fran_Drescher_0001.jpg,2,1,2,2,0,0,-1,-1,-1
Freddy_Garcia_0001.jpg,4,2,2,1,0,0,-1,-1,-1
Freddy_Vasques_Kinchokpe_0001.jpg,3,2,2,1,0,0,-1,-1,-1
Frederick_Madden_0001.jpg,3,2,2,1,0,0,-1,-1,-1
Fredric_Seaman_0001.jpg,3,1,1,1,0,0,-1,-1,-1
Fred_Durst_0001.jpg,3,1,2,1,1,1,0.717635,0.359011,0.538323
Fred_Eckhard_0001.jpg,3,2,1,1,0,0,-1,-1,-1
Fred_Funk_0001.jpg,3,1,2,1,0,0,-1,-1,-1
Fred_Swan_0001.jpg,3,1,2,1,0,0,-1,-1,-1
Fred_Wilpon_0001.jpg,3,2,2,1,1,1,0.705911,0.583543,0.644727
Fruit_Chan_0001.jpg,3,1,1,1,0,0,-1,-1,-1
Fujio_Cho_0001.jpg,3,1,1,1,0,0,-1,-1,-1
Fujio_Mitarai_0001.jpg,3,1,1,1,0,0,-1,-1,-1
Gabi_Zimmer_0001.jpg,4,2,2,2,0,0,-1,-1,-1
Gabriella_Bo_0001.jpg,3,1,2,2,1,1,0.813839,0.417953,0.615896
Gabrielle_Rose_0001.jpg,3,1,2,2,1,1,0.566138,0.324584,0.445361
Gabrielle_Union_0001.jpg,3,1,2,2,0,0,-1,-1,-1
Gabriel_Batistuta_0001.jpg,3,2,2,1,1,1,0.697318,0.407045,0.552182
Gabriel_Farhi_0001.jpg,3,2,1,1,0,0,-1,-1,-1
Gabriel_Hughes_0001.jpg,4,2,2,1,1,0,0.639104,-1,0.639104
Gabriel_Jorge_Ferreia_0001.jpg,3,2,1,1,1,1,0.627435,0.491828,0.559632
Gabriel_Valdes_0001.jpg,3,1,1,1,1,1,0.701307,0.40138,0.551343
Gael_Garcia_Bermal_0001.jpg,3,1,2,1,1,1,0.532034,0.268623,0.400329
Galen_Rowell_0001.jpg,3,1,2,1,1,1,1.36209,0.570258,0.966174
Gao_Qiang_0001.jpg,3,2,1,1,0,0,-1,-1,-1
Garry_Alejano_0001.jpg,3,2,2,1,1,1,1.05414,0.440364,0.747254
Garry_Kasparov_0001.jpg,3,2,2,1,1,1,0.803207,0.500446,0.651826
Garry_McCoy_0001.jpg,4,1,2,1,1,1,0.459364,0.388153,0.423758
Garry_Witherall_0001.jpg,3,2,2,1,0,0,-1,-1,-1
Garth_Drabinsky_0001.jpg,3,2,1,1,1,1,0.685436,0.348425,0.516931
Gary_Bald_0001.jpg,5,2,1,1,0,0,-1,-1,-1
Gary_Barnett_0001.jpg,3,2,2,1,1,1,0.931592,0.54709,0.739341
Gary_Bauer_0001.jpg,2,2,2,1,0,0,-1,-1,-1
Gary_Bettman_0001.jpg,4,2,2,1,1,1,0.575382,0.455105,0.515244
Gary_Carter_0001.jpg,3,1,2,1,0,0,-1,-1,-1
Gary_Coleman_0001.jpg,3,2,2,1,0,0,-1,-1,-1
Gary_Forsee_0001.jpg,3,1,2,1,1,1,0.586719,0.390747,0.488733
Gary_Gero_0001.jpg,3,1,2,1,1,1,1.14011,0.357106,0.748607
Gary_Gitnick_0001.jpg,3,1,2,1,0,0,-1,-1,-1
Gary_Leon_Ridgway_0001.jpg,3,2,1,1,0,0,-1,-1,-1
Gary_Locke_0001.jpg,3,2,1,1,0,0,-1,-1,-1
Gary_Marshall_0001.jpg,3,1,2,1,0,0,-1,-1,-1
Gary_Paer_0001.jpg,3,2,2,1,0,0,-1,-1,-1
Gary_Sayler_0001.jpg,3,2,1,1,0,0,-1,-1,-1
Gary_Sinise_0001.jpg,3,1,2,1,0,0,-1,-1,-1
Gary_Stevens_0001.jpg,3,1,2,1,0,0,-1,-1,-1
Gary_Williams_0001.jpg,3,2,2,1,0,0,-1,-1,-1
Gary_Winnick_0001.jpg,3,1,2,1,0,0,-1,-1,-1
Gavyn_Arthur_0001.jpg,3,1,2,1,0,0,-1,-1,-1
Gavyn_Davies_0001.jpg,3,1,1,1,0,0,-1,-1,-1
Gene_Keady_0001.jpg,3,2,2,1,0,0,-1,-1,-1
Gennifer_Flowers_0001.jpg,3,2,2,2,1,1,1.65843,0.939379,1.2989
Geno_Auriemma_0001.jpg,4,2,1,1,0,0,-1,-1,-1
Geoff_Dixon_0001.jpg,3,2,2,1,0,0,-1,-1,-1
Geoff_Hoon_0001.jpg,3,2,2,1,0,0,-1,-1,-1
George_Blaney_0001.jpg,3,2,1,1,0,0,-1,-1,-1
George_Brumley_0001.jpg,3,1,1,1,0,0,-1,-1,-1
George_Clooney_0001.jpg,4,1,2,1,1,1,0.447204,0.348924,0.398064
George_Foreman_0001.jpg,3,1,2,1,1,1,0.600218,0.333401,0.46681
George_Galloway_0001.jpg,3,2,2,1,0,0,-1,-1,-1
George_Karl_0001.jpg,3,2,2,1,0,0,-1,-1,-1
George_Lopez_0001.jpg,3,2,2,1,1,1,0.675245,0.487978,0.581611
George_Lucas_0001.jpg,3,1,2,1,0,0,-1,-1,-1
George_Maxwell_Richards_0001.jpg,4,2,1,1,0,0,-1,-1,-1
George_Murphy_0001.jpg,3,2,1,1,0,0,-1,-1,-1
George_Pataki_0001.jpg,3,2,2,1,0,0,-1,-1,-1
George_Roy_Hill_0001.jpg,3,1,2,1,0,0,-1,-1,-1
George_Ryan_0001.jpg,3,2,1,1,0,0,-1,-1,-1
George_Tenet_0001.jpg,3,1,2,1,1,1,0.727572,0.476694,0.602133
George_W_Bush_0001.jpg,3,1,2,1,0,0,-1,-1,-1
Georgia_Giddings_0001.jpg,3,1,2,2,0,0,-1,-1,-1
Georgina_Papin_0001.jpg,3,2,2,2,1,1,0.602979,0.308408,0.455694
Georgi_Parvanov_0001.jpg,3,1,2,1,0,0,-1,-1,-1
Geraldo_Rivera_0001.jpg,3,1,1,1,1,1,0.648522,0.409426,0.528974
Gerald_Barbarito_0001.jpg,3,1,1,1,0,0,-1,-1,-1
Gerald_Calabrese_0001.jpg,3,2,1,1,0,0,-1,-1,-1
Gerald_Fitch_0001.jpg,3,2,2,1,0,0,-1,-1,-1
Gerald_Ford_0001.jpg,2,2,2,1,0,0,-1,-1,-1
Gerald_Riley_0001.jpg,3,2,2,1,0,0,-1,-1,-1
Gerard_Depardieu_0001.jpg,2,2,2,1,1,0,0.816977,-1,0.816977
Gerard_Kleisterlee_0001.jpg,3,1,2,1,0,0,-1,-1,-1
Gerard_Tronche_0001.jpg,3,1,1,1,0,0,-1,-1,-1
Gerhard_Schroeder_0001.jpg,3,1,2,1,0,0,-1,-1,-1
Gerrit_Zalm_0001.jpg,3,1,1,1,0,0,-1,-1,-1
Gerry_Kelly_0001.jpg,2,2,1,1,0,0,-1,-1,-1
Ghassan_Elashi_0001.jpg,3,2,1,1,0,0,-1,-1,-1
Gianna_Angelopoulos-Daskalaki_0001.jpg,4,1,2,2,1,1,0.462043,0.254462,0.358253
Giannina_Facio_0001.jpg,4,1,2,2,0,0,-1,-1,-1
Gianni_Agnelli_0001.jpg,3,2,2,1,0,0,-1,-1,-1
Gian_Marco_0001.jpg,4,1,2,1,1,1,0.555997,0.388804,0.472401
Gideon_Black_0001.jpg,3,2,1,1,0,0,-1,-1,-1
Gideon_Yago_0001.jpg,3,1,1,1,0,0,-1,-1,-1
Gilberto_Rodriguez_Orejuela_0001.jpg,2,2,2,1,0,0,-1,-1,-1
Gillian_Anderson_0001.jpg,3,1,2,2,1,1,0.725163,0.409055,0.567109
Gil_Cates_0001.jpg,3,1,1,1,0,0,-1,-1,-1
Gil_de_Ferran_0001.jpg,3,2,2,1,0,0,-1,-1,-1
Gina_Gershon_0001.jpg,3,1,2,2,1,1,0.60148,0.326524,0.464002
Gina_Lollobrigida_0001.jpg,3,2,2,2,1,0,0.942394,-1,0.942394
Gina_Torres_0001.jpg,2,1,2,2,1,1,0.838445,0.552892,0.695668
Gisele_Bundchen_0001.jpg,3,2,2,2,0,0,-1,-1,-1
Giulietta_Masina_0001.jpg,3,1,2,2,1,1,0.687049,0.358979,0.523014
Giulio_Andreotti_0001.jpg,3,2,1,1,0,0,-1,-1,-1
Glafcos_Clerides_0001.jpg,3,1,2,1,0,0,-1,-1,-1
Glenn_Rivers_0001.jpg,3,2,2,1,0,0,-1,-1,-1
Glenn_Tilton_0001.jpg,3,2,1,1,1,1,0.572888,0.347705,0.460296
Glen_Clark_0001.jpg,3,1,2,1,1,1,0.690652,0.296927,0.49379
Glen_DaSilva_0001.jpg,3,1,1,1,1,1,0.584582,0.36379,0.474186
Gloria_Allred_0001.jpg,2,2,2,2,0,0,-1,-1,-1
Gloria_Gaynor_0001.jpg,3,2,2,2,0,0,-1,-1,-1
Gloria_Macapagal_Arroyo_0001.jpg,3,1,2,2,1,1,0.573601,0.309931,0.441766
Gloria_Trevi_0001.jpg,3,2,2,2,1,0,0.927508,-1,0.927508
GL_Peiris_0001.jpg,3,2,1,1,1,1,0.50674,0.315682,0.411211
Goh_Kun_0001.jpg,3,2,2,1,0,0,-1,-1,-1
Goldie_Hawn_0001.jpg,3,1,2,2,0,0,-1,-1,-1
Gong_Li_0001.jpg,3,1,2,2,0,0,-1,-1,-1
Gonzalo_Sanchez_de_Lozada_0001.jpg,3,1,2,1,1,1,0.802049,0.479591,0.64082
Goran_Persson_0001.jpg,3,2,2,1,0,0,-1,-1,-1
Goran_Zivkovic_0001.jpg,3,2,2,1,1,1,0.505243,0.362949,0.434096
Gordana_Grubin_0001.jpg,3,2,2,2,0,0,-1,-1,-1
Gorden_Tallis_0001.jpg,3,2,2,1,1,1,0.752666,0.357485,0.555076
Gordon_Campbell_0001.jpg,3,2,1,1,0,0,-1,-1,-1
Gordon_Cooper_0001.jpg,3,2,2,1,0,0,-1,-1,-1
Gordon_Lightfoot_0001.jpg,3,1,2,1,0,0,-1,-1,-1
Gordon_McDonald_0001.jpg,3,1,2,1,1,1,0.642469,0.322665,0.482567
Gore_Verbinski_0001.jpg,3,1,2,1,1,1,0.756311,0.346479,0.551395
Grace_Brinell_0001.jpg,3,2,2,2,1,1,0.649285,0.515379,0.582332
Grace_Dodd_0001.jpg,3,1,2,2,0,0,-1,-1,-1
Graciano_Rocchigiani_0001.jpg,3,1,2,1,0,0,-1,-1,-1
Grady_Irvin_Jr_0001.jpg,3,2,2,1,1,0,0.554944,-1,0.554944
Graham_Bentley_0001.jpg,3,2,2,1,1,1,0.772432,0.544098,0.658265
Grant_Hackett_0001.jpg,3,1,2,1,1,0,0.522225,-1,0.522225
Grant_Rossenmeyer_0001.jpg,3,2,2,1,1,1,0.774201,0.543234,0.658718
Gray_Davis_0001.jpg,3,2,2,1,0,0,-1,-1,-1
Gregg_Berhalter_0001.jpg,3,2,2,1,0,0,-1,-1,-1
Gregg_Popovich_0001.jpg,2,2,2,1,1,1,0.90303,0.606791,0.754911
Gregorio_Honasan_0001.jpg,3,2,1,1,0,0,-1,-1,-1
Gregorio_Rosal_0001.jpg,3,2,2,1,1,1,0.684899,0.531375,0.608137
Gregory_Hines_0001.jpg,3,2,1,1,0,0,-1,-1,-1
Gregor_Gysi_0001.jpg,4,2,1,1,0,0,-1,-1,-1
Greg_Frers_0001.jpg,3,1,2,1,1,1,0.678914,0.530228,0.604571
Greg_Gilbert_0001.jpg,4,2,2,1,0,0,-1,-1,-1
Greg_Hennigar_0001.jpg,3,2,2,1,1,1,0.740717,0.398306,0.569511
Greg_Kinnear_0001.jpg,3,2,2,1,0,0,-1,-1,-1
Greg_Kinsey_0001.jpg,3,2,2,1,0,0,-1,-1,-1
Greg_Ostertag_0001.jpg,3,2,1,1,0,0,-1,-1,-1
Greg_Rusedski_0001.jpg,3,2,2,1,0,0,-1,-1,-1
Gretchen_Mol_0001.jpg,3,1,2,2,1,1,0.838257,0.367971,0.603114
Gro_Harlem_Brundtland_0001.jpg,3,2,2,2,0,0,-1,-1,-1
Guangdong_Ou_Guangyuan_0001.jpg,3,1,2,1,1,1,0.663113,0.367497,0.515305
Guennadi_Chipouline_0001.jpg,3,2,2,1,0,0,-1,-1,-1
Guillaume_Cannet_0001.jpg,3,1,2,1,0,0,-1,-1,-1
Guillaume_Depardieu_0001.jpg,3,2,2,1,1,1,0.542677,0.352838,0.447757
Guillermo_Coria_0001.jpg,3,2,2,1,0,0,-1,-1,-1
Guillermo_Monroy_0001.jpg,3,1,1,1,0,0,-1,-1,-1
Guillermo_Ortiz_0001.jpg,3,1,1,1,1,1,0.664167,0.305988,0.485078
Guillermo_Ruiz_Polanco_0001.jpg,3,2,1,1,0,0,-1,-1,-1
Gunter_Pleuger_0001.jpg,2,2,1,1,0,0,-1,-1,-1
Gustavo_Cisneros_0001.jpg,3,1,2,1,1,1,0.746971,0.44098,0.593976
Gustavo_Franco_0001.jpg,3,1,1,1,0,0,-1,-1,-1
Gustavo_Kuerten_0001.jpg,3,2,2,1,0,0,-1,-1,-1
Gustavo_Noboa_0001.jpg,3,1,1,1,0,0,-1,-1,-1
Gus_Frerotte_0001.jpg,3,1,2,1,0,0,-1,-1,-1
Gus_Van_Sant_0001.jpg,3,1,2,1,0,0,-1,-1,-1
Guy_Hemmings_0001.jpg,3,2,2,1,1,0,0.663497,-1,0.663497
Guy_Ritchie_0001.jpg,4,1,2,1,0,0,-1,-1,-1
Gwendal_Peizerat_0001.jpg,3,1,2,1,1,1,0.537825,0.37003,0.453928
Gwen_Stefani_0001.jpg,3,1,2,2,0,0,-1,-1,-1
Gwyneth_Paltrow_0001.jpg,3,1,2,2,0,0,-1,-1,-1
Habib_Hisham_0001.jpg,3,2,2,1,1,1,0.816995,0.398307,0.607651
Habib_Rizieq_0001.jpg,3,1,1,1,0,0,-1,-1,-1
Hadley_Bilger_0001.jpg,3,1,2,2,1,1,0.521561,0.21708,0.36932
Halbert_Fillinger_0001.jpg,3,2,1,1,0,0,-1,-1,-1
Halle_Berry_0001.jpg,3,1,2,2,0,0,-1,-1,-1
Hal_Gehman_0001.jpg,4,2,2,1,0,0,-1,-1,-1
Hal_Sellers_0001.jpg,3,2,2,1,1,1,0.698291,0.430355,0.564323
Hal_Sutton_0001.jpg,3,1,2,1,0,0,-1,-1,-1
Hamad_Bin_Isa_al-Khalifa_0001.jpg,3,1,2,1,0,0,-1,-1,-1
Hamad_Bin_Jassim_0001.jpg,3,2,2,1,1,1,0.604981,0.426267,0.515624
Hama_Arba_Diallo_0001.jpg,3,1,2,1,0,0,-1,-1,-1
Hamid_Efendi_0001.jpg,3,2,2,1,1,1,0.628075,0.409072,0.518574
Hamid_Karzai_0001.jpg,3,1,2,1,0,0,-1,-1,-1
Hamzah_Haz_0001.jpg,3,2,2,1,0,0,-1,-1,-1
Hamza_Atiya_Muhsen_0001.jpg,3,2,2,1,0,0,-1,-1,-1
Ham_Pong-sil_0001.jpg,3,1,2,2,0,0,-1,-1,-1
Hanan_Ashrawi_0001.jpg,3,2,2,2,1,1,0.608594,0.489996,0.549295
Hana_Makhmalbaf_0001.jpg,3,1,2,2,1,1,0.566041,0.278842,0.422442
Hana_Sadiq_0001.jpg,3,1,2,2,0,0,-1,-1,-1
Hana_Urushima_0001.jpg,2,1,2,2,0,0,-1,-1,-1
Hank_Aaron_0001.jpg,3,1,2,1,0,0,-1,-1,-1
Hank_Azaria_0001.jpg,2,1,2,1,1,1,1.08805,0.378331,0.73319
Hanns_Schumacher_0001.jpg,4,2,1,1,0,0,-1,-1,-1
Hans-Christian_Schmid_0001.jpg,2,1,2,1,1,0,0.827257,-1,0.827257
Hans_Eichel_0001.jpg,3,1,1,1,0,0,-1,-1,-1
Hans_Leistritz_0001.jpg,3,2,1,1,0,0,-1,-1,-1
Hans_Peter_Briegel_0001.jpg,3,2,2,1,0,0,-1,-1,-1
Han_Sung_Joo_0001.jpg,3,2,1,1,1,1,0.603662,0.433159,0.51841
Harland_Braun_0001.jpg,3,2,2,1,0,0,-1,-1,-1
Harold_Brown_0001.jpg,3,2,2,1,1,1,0.517886,0.441758,0.479822
Harriet_Lessy_0001.jpg,3,1,2,2,0,0,-1,-1,-1
Harrison_Ford_0001.jpg,3,1,2,1,0,0,-1,-1,-1
Harry_Belafonte_0001.jpg,4,1,2,1,1,1,0.487912,0.285369,0.38664
Harry_Schmidt_0001.jpg,2,2,2,1,1,0,0.801421,-1,0.801421
Hartmut_Mehdorn_0001.jpg,1,2,2,1,0,0,-1,-1,-1
Harvey_Fierstein_0001.jpg,3,1,1,1,0,0,-1,-1,-1
Harvey_Wachsman_0001.jpg,3,2,2,1,0,0,-1,-1,-1
Harvey_Weinstein_0001.jpg,3,1,2,1,0,0,-1,-1,-1
Hasan_Wirayuda_0001.jpg,3,2,1,1,1,1,0.548974,0.298428,0.423701
Hashan_Tillakaratne_0001.jpg,3,2,2,1,1,0,0.694723,-1,0.694723
Hashim_Thaci_0001.jpg,3,1,2,1,1,1,0.593044,0.370651,0.481847
Hassanal_Bolkiah_0001.jpg,3,2,2,1,1,1,0.6214,0.359289,0.490345
Hassan_Nasrallah_0001.jpg,3,1,1,1,0,0,-1,-1,-1
Hassan_Wirajuda_0001.jpg,3,1,1,1,1,1,0.726668,0.309574,0.518121
Haydar_Aliyev_0001.jpg,3,2,2,1,0,0,-1,-1,-1
Hayden_Panettiere_0001.jpg,3,1,2,2,1,1,0.549625,0.278685,0.414155
Hayley_Tullett_0001.jpg,3,1,2,2,1,1,0.631702,0.291144,0.461423
Heather_Locklear_0001.jpg,3,1,2,2,1,1,0.786418,0.340797,0.563608
Heather_Mills_0001.jpg,3,1,2,2,1,1,0.607777,0.346672,0.477225
Heather_Whitestone_McCallum_0001.jpg,3,1,2,2,1,1,0.576861,0.33486,0.455861
Heather_Willson_0001.jpg,3,2,1,1,0,0,-1,-1,-1
Hector_Babenco_0001.jpg,3,2,2,1,1,0,0.656742,-1,0.656742
Hector_Grullon_0001.jpg,3,1,1,1,1,1,0.541863,0.26877,0.405317
Hector_Mitelman_0001.jpg,3,1,2,1,0,0,-1,-1,-1
Hedayat_Amin_Arsala_0001.jpg,3,2,2,1,0,0,-1,-1,-1
Hee-Won_Han_0001.jpg,3,2,2,2,1,1,0.687573,0.406696,0.547134
Heidi_Fleiss_0001.jpg,3,2,2,2,1,1,0.734611,0.482777,0.608694
Heidi_Klum_0001.jpg,3,1,2,2,1,1,0.698558,0.33444,0.516499
Heinrich_Wolfgang_0001.jpg,3,2,1,1,0,0,-1,-1,-1
Heinz_Feldmann_0001.jpg,3,2,2,1,1,1,0.802988,0.494629,0.648808
Helena_Schneider_0001.jpg,3,1,2,2,0,0,-1,-1,-1
Helene_Eksterowicz_0001.jpg,3,1,2,2,1,1,0.647882,0.300625,0.474253
Helen_Alvare_0001.jpg,3,2,2,2,1,0,0.625953,-1,0.625953
Helen_Clark_0001.jpg,3,2,2,2,0,0,-1,-1,-1
Helen_Darling_0001.jpg,3,2,2,2,1,1,0.66621,0.51435,0.59028
Helmut_Panke_0001.jpg,3,2,2,1,1,1,0.563521,0.439918,0.50172
Henk_Bekedam_0001.jpg,3,1,1,1,0,0,-1,-1,-1
Henri_Proglio_0001.jpg,3,1,2,1,1,1,0.739481,0.302703,0.521092
Henry_Castellanos_0001.jpg,3,2,2,1,1,1,0.675585,0.484036,0.579811
Henry_Hilow_0001.jpg,4,2,2,1,0,0,-1,-1,-1
Henry_Hyde_0001.jpg,3,2,1,1,0,0,-1,-1,-1
Henry_Kissinger_0001.jpg,4,2,1,1,0,0,-1,-1,-1
Henry_Suazo_0001.jpg,3,1,1,1,0,0,-1,-1,-1
Herbie_Hancock_0001.jpg,3,1,1,1,0,0,-1,-1,-1
Herb_Brooks_0001.jpg,2,1,1,1,0,0,-1,-1,-1
Herb_Dhaliwal_0001.jpg,3,2,2,1,1,1,0.668333,0.425221,0.546777
Herb_Sendek_0001.jpg,2,1,2,1,1,1,0.889736,0.908385,0.899061
Hermann_Maier_0001.jpg,3,1,2,1,1,1,0.697953,0.322088,0.510021
Herman_Edwards_0001.jpg,3,2,2,1,0,0,-1,-1,-1
Herman_Moore_0001.jpg,3,1,2,1,1,1,0.571371,0.381186,0.476279
Hermes_Gamonal_0001.jpg,3,2,2,1,1,1,0.838433,0.442741,0.640587
Hermogenes_Ebdane_Jr_0001.jpg,3,2,1,1,1,1,1.17374,0.50094,0.83734
Hichiro_Naemura_0001.jpg,3,2,2,1,0,0,-1,-1,-1
Hideki_Matsui_0001.jpg,3,1,2,1,0,0,-1,-1,-1
Hideki_Sato_0001.jpg,3,1,2,1,0,0,-1,-1,-1
Hidetoshi_Nakata_0001.jpg,3,2,2,1,0,0,-1,-1,-1
Hikmat_al-Azzawi_0001.jpg,3,2,2,1,1,1,0.748858,0.33509,0.541974
Hilary_Duff_0001.jpg,3,1,2,2,1,1,0.716779,0.268161,0.49247
Hilda_Fortune_0001.jpg,3,1,1,2,0,0,-1,-1,-1
Hillary_Clinton_0001.jpg,3,1,2,2,1,1,0.583687,0.380058,0.481873
Hilmi_Akin_Zorlu_0001.jpg,3,1,1,1,0,0,-1,-1,-1
Hilmi_Ozkok_0001.jpg,3,2,1,1,0,0,-1,-1,-1
Himmler_Rebu_0001.jpg,3,2,1,1,0,0,-1,-1,-1
Hipolito_Mejia_0001.jpg,3,1,1,1,1,1,0.534854,0.283422,0.409138
Hiroki_Gomi_0001.jpg,3,2,1,1,0,0,-1,-1,-1
Hiroyuki_Yoshino_0001.jpg,3,1,2,1,0,0,-1,-1,-1
Hisao_Oguchi_0001.jpg,3,1,2,1,0,0,-1,-1,-1
Hisashi_Owada_0001.jpg,3,1,1,1,0,0,-1,-1,-1
Hisham_Halawi_0001.jpg,3,2,2,1,1,1,0.747266,0.366578,0.556922
Hitomi_Soga_0001.jpg,2,2,2,2,0,0,-1,-1,-1
Hitoshi_Oshitani_0001.jpg,3,2,1,1,1,1,0.679994,0.46094,0.570467
Hitoshi_Tanaka_0001.jpg,3,1,2,1,1,1,0.601248,0.309625,0.455436
Hoda_Asfor_0001.jpg,3,2,2,2,0,0,-1,-1,-1
Holly_Hunter_0001.jpg,2,1,2,2,1,1,0.811729,0.440985,0.626357
Holly_Robinson_Peete_0001.jpg,3,1,2,2,1,1,0.712169,0.34387,0.52802
Hong_Myung_0001.jpg,3,2,2,1,1,1,0.636698,0.432572,0.534635
Horace_Newcomb_0001.jpg,3,1,1,1,0,0,-1,-1,-1
Horacio_Julio_Pina_0001.jpg,3,2,2,1,0,0,-1,-1,-1
Horst_Koehler_0001.jpg,3,2,2,1,0,0,-1,-1,-1
Hosni_Mubarak_0001.jpg,3,1,2,1,0,0,-1,-1,-1
Howard_Dean_0001.jpg,3,2,2,1,0,0,-1,-1,-1
Howard_Ross_0001.jpg,3,1,1,1,0,0,-1,-1,-1
Howard_Schultz_0001.jpg,3,1,2,1,0,0,-1,-1,-1
Howard_Stern_0001.jpg,3,2,1,1,0,0,-1,-1,-1
Howard_Stringer_0001.jpg,3,1,1,1,0,0,-1,-1,-1
Howard_Wilkinson_0001.jpg,3,1,2,1,0,0,-1,-1,-1
Hrithik_Roshan_0001.jpg,3,2,2,1,0,0,-1,-1,-1
Huang_Suey-Sheng_0001.jpg,3,2,1,1,1,1,0.630136,0.465027,0.547582
Hugh_Campbell_0001.jpg,3,1,2,1,0,0,-1,-1,-1
Hugh_Carey_0001.jpg,3,2,2,1,1,1,0.718452,0.36484,0.541646
Hugh_Grant_0001.jpg,3,1,2,1,0,0,-1,-1,-1
Hugh_Hefner_0001.jpg,3,1,2,1,1,1,0.701844,0.309173,0.505509
Hugo_Chavez_0001.jpg,3,2,2,1,0,0,-1,-1,-1
Hugo_Colace_0001.jpg,3,2,2,1,0,0,-1,-1,-1
Humberto_Coelho_0001.jpg,3,2,2,1,1,1,0.634899,0.5,0.56745
Humberto_Espinoza_0001.jpg,3,2,2,1,0,0,-1,-1,-1
Hung_Wan-ting_0001.jpg,3,2,2,2,1,1,0.756438,0.380521,0.56848
Hunter_Bates_0001.jpg,3,2,2,1,0,0,-1,-1,-1
Hunter_Kemper_0001.jpg,3,1,2,1,1,1,0.621966,0.368105,0.495036
Hushiar_Zebari_0001.jpg,3,2,2,1,1,1,0.718783,0.527247,0.623015
Hussein_Malik_0001.jpg,3,2,2,1,0,0,-1,-1,-1
Hutomo_Mandala_Putra_0001.jpg,3,1,2,1,0,0,-1,-1,-1
Hu_Maoyuan_0001.jpg,3,1,2,1,0,0,-1,-1,-1
Hwang_Doo-yun_0001.jpg,3,1,1,1,0,0,-1,-1,-1
Iain_Anderson_0001.jpg,3,2,2,1,0,0,-1,-1,-1
Iain_Duncan_Smith_0001.jpg,3,1,2,1,0,0,-1,-1,-1
Iain_Richmond_0001.jpg,3,2,2,1,0,0,-1,-1,-1
Ian_Campbell_0001.jpg,2,2,1,1,1,1,0.698478,0.661717,0.680098
Ian_Gillan_0001.jpg,3,1,2,1,1,1,0.565923,0.386905,0.476414
Ian_Huntley_0001.jpg,3,2,2,1,1,1,0.747567,0.423407,0.585487
Ian_Knop_0001.jpg,3,1,1,1,0,0,-1,-1,-1
Ian_McKellen_0001.jpg,3,1,2,1,1,0,0.470124,-1,0.470124
Ian_Moran_0001.jpg,3,2,2,1,1,0,0.77474,-1,0.77474
Ian_Smith_0001.jpg,3,2,2,1,0,0,-1,-1,-1
Ian_Wilmut_0001.jpg,3,1,1,1,0,0,-1,-1,-1
Ibrahim_Al-Marashi_0001.jpg,3,2,2,1,1,1,0.712133,0.418059,0.565096
Ibrahim_Jaafari_0001.jpg,3,2,2,1,1,0,0.648992,-1,0.648992
Ibrahim_Rugova_0001.jpg,3,1,1,1,1,1,0.784889,0.387609,0.586249
Idi_Amin_0001.jpg,3,2,2,1,0,0,-1,-1,-1
Ignacio_Antonio_Velasco_0001.jpg,3,2,1,1,0,0,-1,-1,-1
Igor_Ivanov_0001.jpg,3,2,2,1,0,0,-1,-1,-1
Ilan_Goldfajn_0001.jpg,3,2,1,1,0,0,-1,-1,-1
Ilan_Ramon_0001.jpg,3,1,2,1,1,0,0.886028,-1,0.886028
Ilham_Aliev_0001.jpg,3,2,2,1,1,1,0.689145,0.427659,0.558402
Ilie_Nastase_0001.jpg,3,2,2,1,0,0,-1,-1,-1
Imad_Khadduri_0001.jpg,3,1,1,1,1,1,0.850075,0.296683,0.573379
Imad_Moustapha_0001.jpg,3,1,2,1,1,1,0.96626,0.4,0.68313
Imam_Samudra_0001.jpg,3,1,2,1,1,1,0.631933,0.229483,0.430708
Imelda_Marcos_0001.jpg,3,1,2,2,0,0,-1,-1,-1
Imran_Khan_0001.jpg,3,1,2,1,0,0,-1,-1,-1
Inam-ul-Haq_0001.jpg,3,1,1,1,1,1,0.770644,0.350348,0.560496
Infanta_Cristina_0001.jpg,3,1,2,2,0,0,-1,-1,-1
Inga_Hall_0001.jpg,3,2,2,2,1,1,0.70948,0.302244,0.505862
Inocencio_Arias_0001.jpg,3,2,2,1,0,0,-1,-1,-1
Intisar_Ajouri_0001.jpg,3,1,2,2,1,1,0.717656,0.383482,0.550569
Ion_Tiriac_0001.jpg,3,2,1,1,0,0,-1,-1,-1
Ira_Einhorn_0001.jpg,4,2,2,1,1,0,0.476847,-1,0.476847
Irfan_Ahmed_0001.jpg,3,2,2,1,0,0,-1,-1,-1
Irina_Framtsova_0001.jpg,3,2,2,2,1,1,0.564441,0.368399,0.46642
Irina_Lobacheva_0001.jpg,4,1,2,2,1,1,0.606459,0.273321,0.43989
Irv_Nathan_0001.jpg,3,2,1,1,0,0,-1,-1,-1
Irwan_Fadzi_Idris_0001.jpg,3,2,2,1,0,0,-1,-1,-1
Isabela_Moraes_0001.jpg,3,1,2,2,0,0,-1,-1,-1
Isabella_Rossellini_0001.jpg,2,1,2,2,0,0,-1,-1,-1
Isabelle_Huppert_0001.jpg,3,1,2,2,0,0,-1,-1,-1
Isabel_Orellana_0001.jpg,3,2,2,1,0,0,-1,-1,-1
Isaiah_Washington_0001.jpg,3,1,1,1,0,0,-1,-1,-1
Isidro_Pastor_0001.jpg,4,1,2,1,0,0,-1,-1,-1
Islam_Karimov_0001.jpg,3,1,2,1,0,0,-1,-1,-1
Ismail_Abu_Shanab_0001.jpg,4,2,2,1,0,0,-1,-1,-1
Ismail_Cem_0001.jpg,3,1,1,1,0,0,-1,-1,-1
Ismail_Khan_0001.jpg,3,1,2,1,1,0,0.951929,-1,0.951929
Ismail_Merchant_0001.jpg,4,1,2,1,0,0,-1,-1,-1
Itamar_Franco_0001.jpg,3,2,1,1,0,0,-1,-1,-1
Itzhak_Perlman_0001.jpg,4,1,1,1,0,0,-1,-1,-1
Ivana_Trump_0001.jpg,3,1,2,2,0,0,-1,-1,-1
Ivan_Lee_0001.jpg,3,1,1,1,0,0,-1,-1,-1
Ivan_Stambolic_0001.jpg,3,1,2,1,0,0,-1,-1,-1
Iva_Majoli_0001.jpg,3,2,2,2,0,0,-1,-1,-1
Iveta_Benesova_0001.jpg,3,2,2,2,0,0,-1,-1,-1
Ivo_Dubs_0001.jpg,3,1,2,1,0,0,-1,-1,-1
Jaap_de_Hoop_Scheffer_0001.jpg,3,1,2,1,1,1,0.674727,0.32249,0.498609
Jackie_Chan_0001.jpg,3,1,2,1,0,0,-1,-1,-1
Jackie_Dennis_0001.jpg,3,2,1,2,0,0,-1,-1,-1
Jacky_Cheung_0001.jpg,3,2,2,1,0,0,-1,-1,-1
Jack_Grubman_0001.jpg,3,2,2,1,0,0,-1,-1,-1
Jack_Knowlton_0001.jpg,4,1,2,1,0,0,-1,-1,-1
Jack_LaLanne_0001.jpg,2,1,2,1,0,0,-1,-1,-1
Jack_Nicholson_0001.jpg,3,2,1,1,0,0,-1,-1,-1
Jack_Osbourne_0001.jpg,3,1,1,1,0,0,-1,-1,-1
Jack_Straw_0001.jpg,3,2,1,1,0,0,-1,-1,-1
Jack_Welch_0001.jpg,3,2,2,1,0,0,-1,-1,-1
Jacob_Frenkel_0001.jpg,3,1,1,1,1,1,0.575999,0.406857,0.491428
Jacqueline_Gold_0001.jpg,3,1,2,2,0,0,-1,-1,-1
Jacqueline_Marris_0001.jpg,2,2,2,2,1,1,0.903599,0.438014,0.670806
Jacques_Chirac_0001.jpg,3,2,2,1,0,0,-1,-1,-1
Jacques_Kallis_0001.jpg,3,2,2,1,1,1,0.594733,0.444721,0.519727
Jacques_Rogge_0001.jpg,2,2,2,1,0,0,-1,-1,-1
Jacques_Villeneuve_0001.jpg,3,1,1,1,0,0,-1,-1,-1
Jada_Pinkett_Smith_0001.jpg,3,1,2,2,0,0,-1,-1,-1
Jade_Jagger_0001.jpg,3,1,2,2,0,0,-1,-1,-1
Jaime_Orti_0001.jpg,2,1,2,1,0,0,-1,-1,-1
Jaime_Pressly_0001.jpg,3,1,2,2,1,1,0.612605,0.32249,0.467548
Jake_Brace_0001.jpg,3,2,2,1,0,0,-1,-1,-1
Jake_Gyllenhaal_0001.jpg,3,1,2,1,1,0,0.960611,-1,0.960611
Jake_Plummer_0001.jpg,3,2,2,1,1,0,0.83229,-1,0.83229
Jalal_Talabani_0001.jpg,3,1,1,1,0,0,-1,-1,-1
Jalen_Rose_0001.jpg,3,1,2,1,1,1,0.74694,0.381222,0.564081
James_Baker_0001.jpg,3,2,2,1,0,0,-1,-1,-1
James_Ballenger_0001.jpg,3,2,2,1,1,1,0.805905,0.445789,0.625847
James_Barksdale_0001.jpg,3,2,2,1,0,0,-1,-1,-1
James_Becker_0001.jpg,4,2,2,1,1,1,0.464641,0.341892,0.403266
James_Blake_0001.jpg,3,2,2,1,0,0,-1,-1,-1
James_Brazelton_0001.jpg,3,2,2,1,1,1,0.77326,0.412976,0.593118
James_Brosnahan_0001.jpg,3,2,1,1,0,0,-1,-1,-1
James_Caan_0001.jpg,3,1,2,1,0,0,-1,-1,-1
James_Cameron_0001.jpg,3,1,1,1,0,0,-1,-1,-1
James_Carville_0001.jpg,2,2,1,1,0,0,-1,-1,-1
James_Coburn_0001.jpg,3,2,2,1,0,0,-1,-1,-1
James_Coviello_0001.jpg,3,2,1,1,1,1,0.779799,0.5459,0.662849
James_Cunningham_0001.jpg,3,2,2,1,0,0,-1,-1,-1
James_Dingemans_0001.jpg,3,2,2,1,0,0,-1,-1,-1
James_Franco_0001.jpg,3,1,2,1,0,0,-1,-1,-1
James_Gandolfini_0001.jpg,3,1,2,1,1,1,0.736908,0.330347,0.533628
James_Gibson_0001.jpg,4,1,2,1,1,1,0.701634,0.384803,0.543218
James_Hakett_0001.jpg,3,1,2,1,0,0,-1,-1,-1
James_Harris_0001.jpg,3,2,2,1,1,1,0.618391,0.366909,0.49265
James_Hill_0001.jpg,3,2,1,1,1,1,0.64178,0.478913,0.560347
James_Hoffa_0001.jpg,3,1,2,1,0,0,-1,-1,-1
James_Ivory_0001.jpg,3,1,2,1,0,0,-1,-1,-1
James_Kelly_0001.jpg,3,1,2,1,0,0,-1,-1,-1
James_Kirtley_0001.jpg,3,2,2,1,0,0,-1,-1,-1
James_Kopp_0001.jpg,3,2,1,1,1,1,0.617905,0.375608,0.496756
James_Layug_0001.jpg,3,2,2,1,1,1,0.842746,0.506131,0.674439
James_Lockhart_0001.jpg,2,2,1,1,0,0,-1,-1,-1
James_Maguire_0001.jpg,3,2,1,1,0,0,-1,-1,-1
James_McGreevey_0001.jpg,3,1,2,1,0,0,-1,-1,-1
James_McMahon_0001.jpg,3,2,1,1,0,0,-1,-1,-1
James_McPherson_0001.jpg,3,1,2,1,0,0,-1,-1,-1
James_Meeks_0001.jpg,3,2,2,1,1,1,0.706648,0.47976,0.593204
James_Meredeth_0001.jpg,3,1,2,1,0,0,-1,-1,-1
James_Morris_0001.jpg,3,1,2,1,0,0,-1,-1,-1
James_Murdoch_0001.jpg,3,1,1,1,0,0,-1,-1,-1
James_Phelps_0001.jpg,3,1,2,1,0,0,-1,-1,-1
James_Robertson_Jr_0001.jpg,3,1,2,1,0,0,-1,-1,-1
James_Sensenbrenner_0001.jpg,3,2,1,1,0,0,-1,-1,-1
James_Smith_0001.jpg,3,2,1,1,0,0,-1,-1,-1
James_Spalding_0001.jpg,3,2,1,1,0,0,-1,-1,-1
James_Traficant_0001.jpg,3,2,1,1,0,0,-1,-1,-1
James_Wallack_0001.jpg,3,2,2,1,1,1,0.58248,0.451754,0.517117
James_Watt_0001.jpg,3,1,1,1,0,0,-1,-1,-1
James_Williams_0001.jpg,3,1,1,1,0,0,-1,-1,-1
James_Wolfensohn_0001.jpg,3,1,2,1,0,0,-1,-1,-1
James_W_Kennedy_0001.jpg,3,1,2,1,0,0,-1,-1,-1
James_Young_0001.jpg,3,2,2,1,1,0,0.79272,-1,0.79272
Jamie_Carey_0001.jpg,3,1,2,2,0,0,-1,-1,-1
Jamie_Dimon_0001.jpg,3,2,2,1,0,0,-1,-1,-1
Jamie_King_0001.jpg,4,1,2,2,0,0,-1,-1,-1
Jamie_Martin_0001.jpg,3,2,2,1,1,0,0.729589,-1,0.729589
Jamie_Olis_0001.jpg,3,1,2,1,1,1,0.667702,0.368309,0.518006
Jamie_Villafane_0001.jpg,3,2,2,1,1,1,0.730677,0.476707,0.603692
Jamir_Miller_0001.jpg,3,1,2,1,1,1,0.615487,0.32898,0.472234
Jamling_Norgay_0001.jpg,3,1,2,1,0,0,-1,-1,-1
Jan-Michael_Gambill_0001.jpg,3,2,2,1,1,1,0.560548,0.430441,0.495494
Jana_Henke_0001.jpg,3,2,2,1,0,0,-1,-1,-1
Janela_Jara_0001.jpg,3,2,2,2,0,0,-1,-1,-1
Janette_Husarova_0001.jpg,2,1,2,2,0,0,-1,-1,-1
Janet_Chandler_0001.jpg,3,1,2,2,0,0,-1,-1,-1
Janet_Crawford_0001.jpg,3,2,1,2,1,1,0.68824,0.379987,0.534114
Janet_Ecker_0001.jpg,3,2,1,2,1,1,0.696221,0.464238,0.58023
Janet_Horvath_0001.jpg,2,2,1,2,0,0,-1,-1,-1
Janet_Leigh_0001.jpg,3,1,2,2,1,1,0.607379,0.337346,0.472363
Janet_Napolitano_0001.jpg,3,1,2,2,0,0,-1,-1,-1
Janet_Thorpe_0001.jpg,3,2,2,2,0,0,-1,-1,-1
Janez_Drnovsek_0001.jpg,3,1,2,1,0,0,-1,-1,-1
Jane_Clayson_0001.jpg,3,1,2,2,1,1,0.769347,0.349898,0.559623
Jane_Fonda_0001.jpg,3,1,1,2,0,0,-1,-1,-1
Jane_Kaczmarek_0001.jpg,3,1,2,2,0,0,-1,-1,-1
Jane_Krakowski_0001.jpg,3,1,2,2,0,0,-1,-1,-1
Jane_Leeves_0001.jpg,3,1,2,2,1,1,0.784466,0.426795,0.60563
Jane_Menelaus_0001.jpg,3,1,2,2,1,1,0.797534,0.388479,0.593007
Jane_Pauley_0001.jpg,3,1,2,2,1,1,0.525367,0.279372,0.40237
Jane_Riley_0001.jpg,3,1,1,2,0,0,-1,-1,-1
Jane_Rooney_0001.jpg,3,1,2,2,0,0,-1,-1,-1
Jane_Russell_0001.jpg,3,1,2,2,1,1,0.596112,0.266485,0.431298
Jane_Walker_Wood_0001.jpg,3,1,2,2,1,1,0.621638,0.411383,0.516511
Janica_Kostelic_0001.jpg,3,1,2,2,0,0,-1,-1,-1
Janice_Abreu_0001.jpg,3,1,2,2,0,0,-1,-1,-1
Janice_Goldfinger_0001.jpg,2,1,1,2,0,0,-1,-1,-1
Janis_Ruth_Coulter_0001.jpg,3,1,2,2,0,0,-1,-1,-1
Janusz_Kaminski_0001.jpg,3,1,1,1,0,0,-1,-1,-1
Jan_De_Bont_0001.jpg,3,1,2,1,0,0,-1,-1,-1
Jan_Pronk_0001.jpg,3,2,1,1,0,0,-1,-1,-1
Jan_van_Breda_Kolff_0001.jpg,3,1,2,1,1,0,0.526964,-1,0.526964
Jason_Biggs_0001.jpg,3,1,2,1,1,1,0.638071,0.329243,0.483657
Jason_Campbell_0001.jpg,3,2,2,1,1,1,0.630702,0.415626,0.523164
Jason_Kapono_0001.jpg,3,1,2,1,0,0,-1,-1,-1
Jason_Keep_0001.jpg,2,1,2,1,0,0,-1,-1,-1
Jason_Kidd_0001.jpg,3,2,2,1,0,0,-1,-1,-1
Jason_Mewes_0001.jpg,4,1,2,1,1,1,0.438079,0.369843,0.403961
Jason_Petty_0001.jpg,3,1,2,1,1,1,0.581844,0.415729,0.498786
Jason_Priestley_0001.jpg,3,2,2,1,0,0,-1,-1,-1
Jason_Sorens_0001.jpg,3,1,2,1,1,1,1.35305,0.4807,0.916876
Jason_Statham_0001.jpg,3,1,2,1,1,1,0.536433,0.378733,0.457583
Jason_Vale_0001.jpg,3,1,2,1,1,1,0.757557,0.461838,0.609698
Javier_Camara_0001.jpg,3,1,1,1,1,1,0.697404,0.297239,0.497322
Javier_Saviola_0001.jpg,3,1,2,1,0,0,-1,-1,-1
Javier_Vargas_0001.jpg,3,1,2,1,0,0,-1,-1,-1
Javier_Vazquez_0001.jpg,3,2,2,1,0,0,-1,-1,-1
Javier_Zanetti_0001.jpg,3,2,2,1,0,0,-1,-1,-1
Jawad_Boulus_0001.jpg,3,2,1,1,1,1,0.604199,0.426641,0.51542
Jaymon_Crabb_0001.jpg,4,1,2,1,1,1,0.484358,0.394096,0.439227
Jayne_Yarris_0001.jpg,4,2,2,2,0,0,-1,-1,-1
Jayson_Williams_0001.jpg,3,2,2,1,0,0,-1,-1,-1
Jay_Garner_0001.jpg,3,2,1,1,0,0,-1,-1,-1
Jay_Leno_0001.jpg,3,2,2,1,1,1,0.623571,0.383164,0.503367
Jay_Rasulo_0001.jpg,3,2,1,1,0,0,-1,-1,-1
Jean-Claude_Braquet_0001.jpg,3,2,2,1,0,0,-1,-1,-1
Jean-Claude_Juncker_0001.jpg,3,2,1,1,1,1,0.681376,0.471584,0.57648
Jean-Claude_Trichet_0001.jpg,3,1,2,1,0,0,-1,-1,-1
Jean-Claude_Van_Damme_0001.jpg,3,1,2,1,0,0,-1,-1,-1
Jean-David_Levitte_0001.jpg,3,2,1,1,0,0,-1,-1,-1
Jean-Francois_Pontal_0001.jpg,3,1,2,1,0,0,-1,-1,-1
Jean-Luc_Bideau_0001.jpg,3,1,2,1,0,0,-1,-1,-1
Jean-Marc_de_La_Sabliere_0001.jpg,4,1,1,1,0,0,-1,-1,-1
Jean-Pierre_Bemba_0001.jpg,3,2,2,1,0,0,-1,-1,-1
Jean-Rene_Fourtou_0001.jpg,3,1,2,1,1,1,0.513353,0.312848,0.413101
Jeane_Kirkpatrick_0001.jpg,3,2,2,2,0,0,-1,-1,-1
Jeannette_Biedermann_0001.jpg,3,1,1,2,0,0,-1,-1,-1
Jeanne_Anne_Schroeder_0001.jpg,3,1,2,2,1,1,0.594764,0.326673,0.460719
Jean_Brumley_0001.jpg,3,1,2,2,0,0,-1,-1,-1
Jean_Carnahan_0001.jpg,3,2,2,2,1,1,1.13474,0.451207,0.792974
Jean_Charest_0001.jpg,3,1,2,1,0,0,-1,-1,-1
Jean_Chretien_0001.jpg,2,1,2,1,0,0,-1,-1,-1
Jean_Nagel_0001.jpg,3,1,2,2,1,1,0.6165,0.355792,0.486146
Jean_Todt_0001.jpg,2,1,2,1,0,0,-1,-1,-1
Jefferson_Perez_0001.jpg,2,2,2,1,1,1,0.57171,0.453382,0.512546
Jeffery_Hendren_0001.jpg,2,1,1,1,0,0,-1,-1,-1
Jeffrey_Archer_0001.jpg,2,1,1,1,0,0,-1,-1,-1
Jeffrey_Ashby_0001.jpg,3,1,2,1,0,0,-1,-1,-1
Jeffrey_Jones_0001.jpg,3,2,2,1,1,1,0.805513,0.328798,0.567155
Jeffrey_Scott_Postell_0001.jpg,3,1,2,1,1,1,1.22732,0.54825,0.887784
Jeff_Bridges_0001.jpg,3,1,2,1,1,1,0.89996,0.412825,0.656393
Jeff_Dederian_0001.jpg,3,2,2,1,0,0,-1,-1,-1
Jeff_Hornacek_0001.jpg,3,2,2,1,0,0,-1,-1,-1
Jeff_Roehm_0001.jpg,3,2,2,1,1,1,0.63901,0.509282,0.574146
Jeff_Schiffner_0001.jpg,2,2,2,1,0,0,-1,-1,-1
Jeff_Van_Gundy_0001.jpg,3,2,2,1,1,0,0.768086,-1,0.768086
Jelena_Dokic_0001.jpg,3,2,2,2,0,0,-1,-1,-1
Jenna_Elfman_0001.jpg,3,1,2,2,0,0,-1,-1,-1
Jennette_Bradley_0001.jpg,3,1,2,2,1,1,0.548316,0.340588,0.444452
Jennie_Finch_0001.jpg,3,2,2,2,0,0,-1,-1,-1
Jennie_Garth_0001.jpg,3,1,2,2,1,1,0.650057,0.379657,0.514857
Jennifer_Connelly_0001.jpg,3,1,2,2,1,1,0.679978,0.34996,0.514969
Jennifer_Furminger_0001.jpg,2,2,2,2,1,0,0.87906,-1,0.87906
Jennifer_Garner_0001.jpg,3,1,2,2,0,0,-1,-1,-1
Jennifer_Granholm_0001.jpg,3,2,2,2,1,1,0.545388,0.436383,0.490886
Jennifer_Gratz_0001.jpg,4,2,2,2,0,0,-1,-1,-1
Jennifer_Keller_0001.jpg,3,2,2,2,0,0,-1,-1,-1
Jennifer_Lopez_0001.jpg,3,1,2,2,1,1,0.536552,0.195217,0.365885
Jennifer_Love_Hewitt_0001.jpg,3,1,2,2,0,0,-1,-1,-1
Jennifer_McCoy_0001.jpg,2,2,2,2,1,1,1.00849,0.513818,0.761154
Jennifer_Pena_0001.jpg,3,2,2,2,0,0,-1,-1,-1
Jennifer_Rodriguez_0001.jpg,3,2,2,2,0,0,-1,-1,-1
Jennifer_Tilly_0001.jpg,3,1,2,2,0,0,-1,-1,-1
Jenny_Romero_0001.jpg,3,2,2,2,1,1,0.733355,0.542326,0.637841
Jens_Lehmann_0001.jpg,3,2,2,1,0,0,-1,-1,-1
Jen_Schefft_0001.jpg,3,1,2,2,0,0,-1,-1,-1
Jeong_Se-hyun_0001.jpg,3,2,1,1,0,0,-1,-1,-1
Jerelle_Kraus_0001.jpg,3,2,2,2,0,0,-1,-1,-1
Jeremy_Gompertz_0001.jpg,4,2,2,1,0,0,-1,-1,-1
Jeremy_Wotherspoon_0001.jpg,3,2,2,1,1,0,0.780216,-1,0.780216
Jeri_Ryan_0001.jpg,3,1,2,2,1,1,0.599598,0.2637,0.431649
Jerome_Golmard_0001.jpg,3,2,2,1,1,1,0.66671,0.6,0.633355
Jerome_Jenkins_0001.jpg,3,2,2,1,1,1,0.674064,0.465882,0.569973
Jerry_Angelo_0001.jpg,3,2,1,1,0,0,-1,-1,-1
Jerry_Colangelo_0001.jpg,3,1,2,1,0,0,-1,-1,-1
Jerry_Falwell_0001.jpg,3,1,2,1,0,0,-1,-1,-1
Jerry_Hall_0001.jpg,3,1,2,2,0,0,-1,-1,-1
Jerry_Jones_0001.jpg,3,1,2,1,0,0,-1,-1,-1
Jerry_Lewis_0001.jpg,3,2,2,1,0,0,-1,-1,-1
Jerry_Oliver_0001.jpg,2,2,2,1,0,0,-1,-1,-1
Jerry_Pauley_0001.jpg,3,2,1,1,0,0,-1,-1,-1
Jerry_Seinfeld_0001.jpg,3,1,2,1,1,1,0.616238,0.43343,0.524834
Jerry_Sexton_0001.jpg,3,1,2,1,1,1,0.613881,0.474667,0.544274
Jerry_Springer_0001.jpg,3,2,1,1,0,0,-1,-1,-1
Jerry_Tarkanian_0001.jpg,3,1,1,1,0,0,-1,-1,-1
Jesse_Helms_0001.jpg,2,1,1,1,0,0,-1,-1,-1
Jesse_James_0001.jpg,3,2,2,1,0,0,-1,-1,-1
Jesse_James_Leija_0001.jpg,3,2,2,1,1,1,0.779397,0.452822,0.616109
Jesse_Ventura_0001.jpg,4,2,2,1,0,0,-1,-1,-1
Jessica_Alba_0001.jpg,3,1,2,2,1,1,0.674509,0.374589,0.524549
Jessica_Biel_0001.jpg,3,1,2,2,0,0,-1,-1,-1
Jessica_Brungo_0001.jpg,4,2,2,2,1,0,1.75577,-1,1.75577
Jessica_Capshaw_0001.jpg,3,1,2,2,0,0,-1,-1,-1
Jessica_Lange_0001.jpg,3,1,1,2,0,0,-1,-1,-1
Jessica_Lynch_0001.jpg,3,1,2,2,0,0,-1,-1,-1
Jessica_Simpson_0001.jpg,3,1,2,2,1,1,0.614922,0.338914,0.476918
Jesus_Cardenal_0001.jpg,2,2,2,1,0,0,-1,-1,-1
Jewel_Howard-Taylor_0001.jpg,3,1,2,2,0,0,-1,-1,-1
Jimmy_Carter_0001.jpg,3,2,2,1,0,0,-1,-1,-1
Jimmy_Gurule_0001.jpg,3,2,2,1,0,0,-1,-1,-1
Jimmy_Iovine_0001.jpg,2,1,1,1,1,1,0.754495,0.487491,0.620993
Jimmy_Jimenez_0001.jpg,3,1,1,1,0,0,-1,-1,-1
Jimmy_Kimmel_0001.jpg,3,1,2,1,0,0,-1,-1,-1
Jimmy_Lee_0001.jpg,3,2,1,1,0,0,-1,-1,-1
Jimmy_Smits_0001.jpg,3,1,1,1,1,1,0.651308,0.274398,0.462853
Jimmy_Szymanski_0001.jpg,3,2,2,1,1,0,0.678102,-1,0.678102
Jim_Abbott_0001.jpg,3,1,2,1,0,0,-1,-1,-1
Jim_Ahern_0001.jpg,3,1,2,1,0,0,-1,-1,-1
Jim_Anderson_0001.jpg,3,1,2,1,1,1,0.673412,0.382188,0.5278
Jim_Beattie_0001.jpg,2,2,2,1,1,0,0.790672,-1,0.790672
Jim_Bollman_0001.jpg,3,2,2,1,0,0,-1,-1,-1
Jim_Bunning_0001.jpg,3,1,1,1,0,0,-1,-1,-1
Jim_Calhoun_0001.jpg,4,2,2,1,0,0,-1,-1,-1
Jim_Doyle_0001.jpg,4,1,2,1,1,0,0.522081,-1,0.522081
Jim_Fassel_0001.jpg,3,2,2,1,0,0,-1,-1,-1
Jim_Flaherty_0001.jpg,3,2,2,1,1,1,0.711226,0.38627,0.548748
Jim_Freudenberg_0001.jpg,3,2,2,1,0,0,-1,-1,-1
Jim_Furyk_0001.jpg,3,2,2,1,1,1,0.61291,0.403049,0.507979
Jim_Greenwood_0001.jpg,3,2,1,1,1,1,0.597388,0.454184,0.525786
Jim_Hahn_0001.jpg,3,1,2,1,1,1,0.727694,0.361625,0.54466
Jim_Hardin_0001.jpg,2,2,2,1,1,1,0.965885,0.52443,0.745157
Jim_Harrick_0001.jpg,4,1,2,1,0,0,-1,-1,-1
Jim_Haslett_0001.jpg,2,2,2,1,0,0,-1,-1,-1
Jim_Jeffords_0001.jpg,3,1,2,1,0,0,-1,-1,-1
Jim_Kelly_0001.jpg,4,1,2,1,0,0,-1,-1,-1
Jim_Leach_0001.jpg,3,1,2,1,0,0,-1,-1,-1
Jim_Letten_0001.jpg,3,2,2,1,0,0,-1,-1,-1
Jim_Nochols_0001.jpg,3,1,2,1,0,0,-1,-1,-1
Jim_OBrien_0001.jpg,3,1,2,1,0,0,-1,-1,-1
Jim_Otto_0001.jpg,4,1,2,1,0,0,-1,-1,-1
Jim_Parque_0001.jpg,3,2,2,1,1,0,0.544432,-1,0.544432
Jim_Ryan_0001.jpg,3,1,2,1,1,1,0.983952,0.404078,0.694015
Jim_Schwarz_0001.jpg,3,1,1,1,1,1,0.743389,0.368421,0.555905
Jim_Sterk_0001.jpg,3,2,1,1,0,0,-1,-1,-1
Jim_Talent_0001.jpg,3,2,1,1,0,0,-1,-1,-1
Jim_Taylor_0001.jpg,4,1,2,1,0,0,-1,-1,-1
Jim_Thome_0001.jpg,3,1,2,1,1,1,0.646656,0.355222,0.500939
Jim_Tressel_0001.jpg,3,1,2,1,0,0,-1,-1,-1
Jim_Wall_0001.jpg,3,1,1,1,0,0,-1,-1,-1
Jim_Wessling_0001.jpg,3,1,2,1,0,0,-1,-1,-1
Jim_Wong_0001.jpg,3,2,1,1,0,0,-1,-1,-1
JJ_Redick_0001.jpg,3,2,2,1,1,1,0.649254,0.385369,0.517312
JK_Rowling_0001.jpg,3,1,2,2,1,1,0.614037,0.331349,0.472693
Joanna_Poitier_0001.jpg,3,1,2,2,0,0,-1,-1,-1
Joanne_Woodward_0001.jpg,3,1,2,2,0,0,-1,-1,-1
Joan_Collins_0001.jpg,3,1,2,2,0,0,-1,-1,-1
Joan_Jett_0001.jpg,3,1,2,2,1,1,0.861634,0.329903,0.595769
Joan_Laporta_0001.jpg,3,1,2,1,1,1,1.0249,0.477624,0.751264
Joao_Rocha_0001.jpg,2,2,1,1,1,1,1.15104,0.580529,0.865785
Joaquim_Levy_0001.jpg,3,1,1,1,0,0,-1,-1,-1
Joaquin_Sanchez_0001.jpg,2,2,2,1,0,0,-1,-1,-1
Job_Cohen_0001.jpg,3,1,2,1,0,0,-1,-1,-1
Jodie_Foster_0001.jpg,4,1,2,2,0,0,-1,-1,-1
Jodie_Henry_0001.jpg,3,1,2,2,0,0,-1,-1,-1
Jodie_Kidd_0001.jpg,3,1,2,2,1,1,0.646354,0.362656,0.504505
Jody_Richards_0001.jpg,3,1,1,1,0,0,-1,-1,-1
Joel_Gallen_0001.jpg,3,1,2,1,1,1,0.631017,0.369076,0.500047
Joel_Todd_0001.jpg,3,2,1,1,0,0,-1,-1,-1
Joerg_Haider_0001.jpg,3,2,2,1,0,0,-1,-1,-1
Joey_Harrington_0001.jpg,3,1,2,1,0,0,-1,-1,-1
Joey_Mantia_0001.jpg,3,1,1,1,0,0,-1,-1,-1
Joe_Calzaghe_0001.jpg,3,1,2,1,0,0,-1,-1,-1
Joe_Darrell_0001.jpg,3,1,2,1,0,0,-1,-1,-1
Joe_DeLamielleure_0001.jpg,3,1,2,1,1,1,0.581835,0.253706,0.417771
Joe_Dicaro_0001.jpg,3,2,2,1,0,0,-1,-1,-1
Joe_Dumars_0001.jpg,3,1,2,1,0,0,-1,-1,-1
Joe_Garner_0001.jpg,3,1,2,1,1,1,0.6615,0.36077,0.511135
Joe_Gatti_0001.jpg,3,1,2,1,1,1,0.681438,0.330345,0.505891
Joe_Glover_0001.jpg,3,2,2,1,1,1,0.704456,0.385286,0.544871
Joe_Lieberman_0001.jpg,3,1,2,1,0,0,-1,-1,-1
Joe_Mantegna_0001.jpg,2,2,2,1,0,0,-1,-1,-1
Joe_Metz_0001.jpg,3,1,2,1,0,0,-1,-1,-1
Joe_Nichols_0001.jpg,2,1,2,1,0,0,-1,-1,-1
Joe_Paterno_0001.jpg,3,1,1,1,0,0,-1,-1,-1
Joe_Strummer_0001.jpg,3,2,2,1,0,0,-1,-1,-1
Joe_Torre_0001.jpg,2,1,2,1,1,1,0.761475,0.413865,0.58767
Joe_Vandever_0001.jpg,4,2,1,1,0,0,-1,-1,-1
Johannes_Rau_0001.jpg,3,1,2,1,0,0,-1,-1,-1
Johnnie_Lynn_0001.jpg,3,1,2,1,0,0,-1,-1,-1
Johnny_Benson_0001.jpg,3,1,2,1,1,1,0.63169,0.35186,0.491775
Johnny_Carson_0001.jpg,3,1,2,1,0,0,-1,-1,-1
Johnny_Htu_0001.jpg,3,2,2,2,0,0,-1,-1,-1
Johnny_Unitas_0001.jpg,3,1,2,1,1,1,0.774736,0.406644,0.59069
Johnson_Panjaitan_0001.jpg,3,2,2,1,1,1,0.615489,0.427453,0.521471
John_Allen_Muhammad_0001.jpg,3,2,2,1,1,1,0.617694,0.459321,0.538507
John_Baldacci_0001.jpg,3,2,2,1,0,0,-1,-1,-1
John_Belushi_0001.jpg,3,1,2,1,0,0,-1,-1,-1
John_Blaney_0001.jpg,3,2,1,1,0,0,-1,-1,-1
John_Bolton_0001.jpg,3,2,1,1,0,0,-1,-1,-1
John_Bond_0001.jpg,3,2,1,1,0,0,-1,-1,-1
John_Burnett_0001.jpg,3,2,2,1,0,0,-1,-1,-1
John_Coomber_0001.jpg,3,2,1,1,1,1,0.495244,0.509566,0.502405
John_Cornyn_0001.jpg,3,2,2,1,1,1,0.881969,0.477546,0.679757
John_Cruz_0001.jpg,3,1,1,1,0,0,-1,-1,-1
John_Dallager_0001.jpg,3,2,1,1,1,1,0.696165,0.391202,0.543683
John_Danforth_0001.jpg,3,1,2,1,0,0,-1,-1,-1
John_Darby_0001.jpg,3,1,2,1,0,0,-1,-1,-1
John_Duprey_0001.jpg,3,2,2,1,0,0,-1,-1,-1
John_Eastman_0001.jpg,3,2,2,1,1,1,0.761122,0.50444,0.632781
John_Eder_0001.jpg,3,1,2,1,0,0,-1,-1,-1
John_Edwards_0001.jpg,3,2,2,1,0,0,-1,-1,-1
John_Elway_0001.jpg,3,2,2,1,0,0,-1,-1,-1
John_Engler_0001.jpg,3,2,1,1,0,0,-1,-1,-1
John_Fox_0001.jpg,3,2,2,1,1,0,0.670611,-1,0.670611
John_Franco_0001.jpg,3,2,2,1,1,1,0.579881,0.468992,0.524436
John_F_Kennedy_Jr_0001.jpg,3,2,2,1,0,0,-1,-1,-1
John_Garamendi_0001.jpg,3,1,2,1,1,1,0.792113,0.408497,0.600305
John_Geoghan_0001.jpg,4,1,2,1,0,0,-1,-1,-1
John_Goold_0001.jpg,3,2,1,1,0,0,-1,-1,-1
John_Gordnick_0001.jpg,3,2,2,1,1,1,0.733208,0.462841,0.598025
John_Gruden_0001.jpg,3,2,2,1,0,0,-1,-1,-1
John_Hartson_0001.jpg,3,2,2,1,0,0,-1,-1,-1
John_Henry_0001.jpg,4,2,1,2,0,0,-1,-1,-1
John_Herrington_0001.jpg,3,1,2,1,0,0,-1,-1,-1
John_Howard_0001.jpg,3,1,1,1,0,0,-1,-1,-1
John_Jones_0001.jpg,3,1,2,1,0,0,-1,-1,-1
John_Kerr_0001.jpg,3,2,2,1,0,0,-1,-1,-1
John_Kerry_0001.jpg,3,2,2,1,0,0,-1,-1,-1
John_Lawrence_0001.jpg,3,2,1,1,0,0,-1,-1,-1
John_Lennon_0001.jpg,3,2,2,1,0,0,-1,-1,-1
John_Lisowski_0001.jpg,3,2,2,1,1,1,0.796522,0.451117,0.62382
John_Lithgow_0001.jpg,3,2,2,1,0,0,-1,-1,-1
John_Lynch_0001.jpg,3,2,2,1,1,1,0.71953,0.416497,0.568013
John_Mabry_0001.jpg,3,2,2,1,0,0,-1,-1,-1
John_Madden_0001.jpg,3,2,2,1,1,1,0.693654,0.466406,0.58003
John_Malkovich_0001.jpg,3,1,2,1,1,1,0.65635,0.457219,0.556784
John_Manley_0001.jpg,3,2,2,1,0,0,-1,-1,-1
John_Mayer_0001.jpg,3,1,2,1,1,1,0.722284,0.347189,0.534737
