image,pose,smile,glasses,gender,eye_detected,mouth_detected,eye_nme,mouth_nme,combined_nme
Aaron_Eckhart_0001.jpg,3,2,2,1,0,0,-1,-1,-1
Aaron_Guiel_0001.jpg,3,1,2,1,1,1,0.858812,1.35348,1.10615
Aaron_Peirsol_0001.jpg,3,1,2,1,1,0,0.591751,-1,0.591751
Aaron_Pena_0001.jpg,3,2,2,1,1,1,1.20655,1.07246,1.1395
Aaron_Sorkin_0001.jpg,3,1,2,1,1,1,0.707799,0.617454,0.662627
Aaron_Tippin_0001.jpg,4,2,2,1,1,0,0.482729,-1,0.482729
Abba_Eban_0001.jpg,3,1,1,1,1,1,0.558409,0.699448,0.628928
Abdel_Aziz_Al-Hakim_0001.jpg,4,1,1,1,1,1,0.636212,0.587565,0.611889
Abdel_Nasser_Assidi_0001.jpg,3,2,2,1,0,0,-1,-1,-1
Abdulaziz_Kamilov_0001.jpg,3,2,2,1,1,1,0.720407,0.48068,0.600544
Abdullah_0001.jpg,3,2,2,1,0,0,-1,-1,-1
Abdullah_al-Attiyah_0001.jpg,2,2,2,1,0,0,-1,-1,-1
Abdullah_Gul_0001.jpg,3,2,2,1,1,1,0.829569,0.577535,0.703552
Abdullatif_Sener_0001.jpg,3,2,2,1,1,1,1.02294,0.318689,0.670812
Abdul_Majeed_Shobokshi_0001.jpg,5,2,1,1,0,0,-1,-1,-1
Abel_Aguilar_0001.jpg,3,2,2,1,1,1,0.606934,0.801038,0.703986
Abner_Martinez_0001.jpg,3,1,2,1,1,0,1.47985,-1,1.47985
Adam_Ant_0001.jpg,3,2,2,1,1,1,1.06082,0.346744,0.70378
Adam_Herbert_0001.jpg,3,2,1,1,1,1,0.528433,0.743657,0.636045
Adam_Mair_0001.jpg,3,2,2,1,1,1,0.673789,0.74987,0.711829
Adam_Rich_0001.jpg,3,2,2,1,1,0,0.592304,-1,0.592304
Adelina_Avila_0001.jpg,3,2,1,2,1,0,0.57023,-1,0.57023
Adel_Al-Jubeir_0001.jpg,3,2,2,1,1,1,0.538313,0.828349,0.683331
Adisai_Bodharamik_0001.jpg,3,2,1,1,1,0,0.53216,-1,0.53216
Adolfo_Aguilar_Zinser_0001.jpg,3,2,1,1,1,1,0.509512,0.665141,0.587326
Adoor_Gopalakarishnan_0001.jpg,3,2,1,1,1,1,0.492727,1.56178,1.02725
Adriana_Perez_Navarro_0001.jpg,3,1,2,2,1,1,0.686592,0.581667,0.634129
Adrianna_Zuzic_0001.jpg,3,2,2,2,1,1,0.604874,0.850357,0.727615
Adrian_Annus_0001.jpg,4,2,2,1,1,1,0.928545,1.31006,1.1193
Adrian_Fernandez_0001.jpg,3,1,1,1,0,0,-1,-1,-1
Adrian_Murrell_0001.jpg,3,2,2,1,1,1,0.608151,1.38067,0.994411
Adrian_Nastase_0001.jpg,3,2,2,1,0,0,-1,-1,-1
Adrien_Brody_0001.jpg,4,1,2,1,0,0,-1,-1,-1
Afton_Smith_0001.jpg,3,1,2,2,1,1,0.813786,1.54561,1.1797
Agbani_Darego_0001.jpg,3,1,2,2,0,0,-1,-1,-1
Agnelo_Queiroz_0001.jpg,2,2,2,1,1,1,0.994182,0.51398,0.754081
Ahmed_Ahmed_0001.jpg,3,2,2,1,0,0,-1,-1,-1
Ahmed_Chalabi_0001.jpg,3,1,2,1,0,0,-1,-1,-1
Ahmed_Ibrahim_Bilal_0001.jpg,3,2,2,1,1,1,0.638121,0.335926,0.487024
Ahmed_Lopez_0001.jpg,3,1,2,1,1,0,0.854147,-1,0.854147
Ahmed_Qureia_0001.jpg,3,1,1,1,1,1,0.691965,0.456318,0.574141
Ahmet_Demir_0001.jpg,4,2,1,1,0,0,-1,-1,-1
Ahmet_Necdet_Sezer_0001.jpg,3,2,2,1,0,0,-1,-1,-1
Aicha_El_Ouafi_0001.jpg,3,2,2,2,1,1,1.26394,1.85263,1.55828
Aidan_Quinn_0001.jpg,3,1,2,1,1,1,0.59215,0.946864,0.769507
Aileen_Riggin_Soule_0001.jpg,3,1,2,2,1,1,0.370779,0.452943,0.411861
Ainsworth_Dyer_0001.jpg,3,2,2,1,1,1,0.682411,1.05334,0.867874
Ain_Seppik_0001.jpg,3,2,1,1,0,0,-1,-1,-1
Aishwarya_Rai_0001.jpg,3,1,2,2,0,0,-1,-1,-1
Aitor_Gonzalez_0001.jpg,3,1,2,1,1,1,0.53383,0.632456,0.583143
Aiysha_Smith_0001.jpg,4,2,2,2,1,1,0.827718,1.67998,1.25385
Ajit_Agarkar_0001.jpg,3,1,2,1,1,1,0.789087,0.261219,0.525153
AJ_Cook_0001.jpg,2,1,2,2,1,1,1.78399,2.07748,1.93073
AJ_Lamas_0001.jpg,3,1,2,1,0,0,-1,-1,-1
Akbar_Al_Baker_0001.jpg,3,1,2,1,1,1,0.591364,0.418395,0.50488
Akbar_Hashemi_Rafsanjani_0001.jpg,3,2,2,1,1,1,0.598894,0.498062,0.548478
Akiko_Morigami_0001.jpg,3,2,2,2,0,0,-1,-1,-1
Akmal_Taher_0001.jpg,3,1,2,1,1,1,0.643615,1.30427,0.973943
Alanis_Morissette_0001.jpg,2,1,2,2,0,0,-1,-1,-1
Alanna_Ubach_0001.jpg,4,1,2,2,1,1,0.572014,1.43682,1.00442
Alan_Dershowitz_0001.jpg,3,2,1,1,1,1,0.737128,0.344805,0.540966
Alan_Dreher_0001.jpg,3,2,2,1,1,1,0.583249,1.34597,0.964611
Alan_Greenspan_0001.jpg,3,2,1,1,0,0,-1,-1,-1
Alan_Greer_0001.jpg,3,2,2,1,1,1,0.827678,0.499722,0.6637
Alan_Jackson_0001.jpg,3,1,2,1,0,0,-1,-1,-1
Alan_Mulally_0001.jpg,3,2,2,1,1,1,0.653761,1.31954,0.986649
Alan_Stonecipher_0001.jpg,3,2,2,1,1,1,1.16187,0.216005,0.688938
Alan_Tang_Kwong-wing_0001.jpg,3,2,2,1,1,1,0.895545,0.372392,0.633968
Alan_Trammell_0001.jpg,3,1,2,1,1,1,0.5576,0.624083,0.590841
Alan_Zemaitis_0001.jpg,3,2,2,1,0,0,-1,-1,-1
Alastair_Johnston_0001.jpg,3,1,2,1,1,1,0.636114,0.772421,0.704267
Albaro_Recoba_0001.jpg,3,2,2,1,0,0,-1,-1,-1
Alberta_Lee_0001.jpg,3,1,2,2,1,0,0.632424,-1,0.632424
Alberto_Acosta_0001.jpg,3,2,2,1,0,0,-1,-1,-1
Alberto_Fujimori_0001.jpg,3,1,1,1,1,1,0.730179,0.57959,0.654885
Alberto_Gonzales_0001.jpg,3,1,1,1,1,1,0.743198,0.504893,0.624046
Alberto_Ruiz_Gallardon_0001.jpg,3,2,1,1,1,1,0.445418,1.05119,0.748301
Alberto_Sordi_0001.jpg,3,1,2,1,0,0,-1,-1,-1
Albert_Brooks_0001.jpg,3,1,2,1,1,1,1.328,0.829575,1.07879
Albert_Costa_0001.jpg,2,2,2,1,0,0,-1,-1,-1
Albert_Montanes_0001.jpg,3,2,2,1,0,0,-1,-1,-1
Albrecht_Mentz_0001.jpg,3,2,1,1,1,1,0.653836,0.739408,0.696622
Aldo_Paredes_0001.jpg,2,1,2,1,0,0,-1,-1,-1
Alecos_Markides_0001.jpg,3,2,1,1,0,0,-1,-1,-1
Alec_Baldwin_0001.jpg,4,1,2,1,1,1,0.815348,1.02347,0.919408
Alejandro_Atchugarry_0001.jpg,3,1,2,1,0,0,-1,-1,-1
Alejandro_Avila_0001.jpg,3,2,2,1,0,0,-1,-1,-1
Alejandro_Fernandez_0001.jpg,3,1,2,1,1,0,0.608602,-1,0.608602
Alejandro_Gonzalez_Inarritu_0001.jpg,3,1,2,1,1,1,0.74069,0.547497,0.644093
Alejandro_Lembo_0001.jpg,3,1,2,1,1,1,0.909376,1.25057,1.07997
Alejandro_Lerner_0001.jpg,4,1,2,1,1,1,0.561842,0.690535,0.626188
Alejandro_Toledo_0001.jpg,3,2,1,1,1,1,0.569467,0.684133,0.6268
Aleksander_Kwasniewski_0001.jpg,3,1,2,1,0,0,-1,-1,-1
Aleksander_Voloshin_0001.jpg,4,1,2,1,1,1,0.668112,0.225207,0.44666
Alessandra_Cerna_0001.jpg,4,2,2,2,1,1,0.431359,0.531446,0.481402
Alexander_Downer_0001.jpg,4,1,1,1,1,1,0.495773,0.465388,0.480581
Alexandra_Jackson_0001.jpg,2,2,2,1,1,1,1.4113,0.404723,0.908009
Alexandra_Rozovskaya_0001.jpg,2,2,2,2,1,1,0.783227,0.333333,0.55828
Alexandra_Spann_0001.jpg,3,1,2,2,1,0,0.634954,-1,0.634954
Alexandra_Vodjanikova_0001.jpg,3,2,2,2,1,1,0.657276,1.42001,1.03864
Alexandre_Daigle_0001.jpg,3,1,2,1,1,1,0.492208,0.711391,0.6018
Alexandre_Despatie_0001.jpg,3,1,2,1,1,0,0.798704,-1,0.798704
Alexandre_Herchcovitch_0001.jpg,3,2,2,1,1,1,0.538268,0.677034,0.607651
Alexa_Loren_0001.jpg,3,2,2,2,1,1,1.2313,1.33088,1.28109
Alexa_Vega_0001.jpg,3,2,2,2,0,0,-1,-1,-1
Alexis_Bledel_0001.jpg,3,1,2,2,1,1,0.691275,0.300994,0.496135
Alexis_Dennisoff_0001.jpg,3,2,2,1,0,0,-1,-1,-1
Alex_Cabrera_0001.jpg,3,2,2,1,1,1,0.920102,0.392767,0.656435
Alex_Cejka_0001.jpg,3,1,2,1,1,1,0.612577,0.447214,0.529895
Alex_Corretja_0001.jpg,3,2,2,1,0,0,-1,-1,-1
Alex_Gonzalez_0001.jpg,3,2,2,1,1,0,0.598615,-1,0.598615
Alex_Holmes_0001.jpg,3,1,2,1,0,0,-1,-1,-1
Alex_King_0001.jpg,3,2,2,2,1,0,0.708294,-1,0.708294
Alex_Penelas_0001.jpg,3,2,2,1,0,0,-1,-1,-1
Alex_Wallau_0001.jpg,3,1,2,2,1,1,0.639363,0.517447,0.578405
Alex_Zanardi_0001.jpg,3,1,2,1,0,0,-1,-1,-1
Alfonso_Cuaron_0001.jpg,3,2,2,1,0,0,-1,-1,-1
Alfonso_Portillo_0001.jpg,3,1,2,1,1,1,0.625686,0.617436,0.621561
Alfonso_Soriano_0001.jpg,3,1,2,1,1,1,0.551185,0.427498,0.489342
Alfredo_Moreno_0001.jpg,3,1,2,1,1,1,0.752477,0.323694,0.538086
Alfredo_Pena_0001.jpg,3,2,1,1,1,0,0.805107,-1,0.805107
Alfred_Ford_0001.jpg,5,2,2,1,1,1,1.12254,1.87203,1.49728
Alfred_Sant_0001.jpg,3,2,2,1,0,0,-1,-1,-1
Alice_Fisher_0001.jpg,3,2,2,2,1,0,0.812026,-1,0.812026
Alicia_Keys_0001.jpg,3,1,2,2,1,1,0.610822,1.19561,0.903215
Alicia_Molik_0001.jpg,3,2,2,2,1,1,0.677338,1.13097,0.904153
Alicia_Silverstone_0001.jpg,3,1,2,2,1,1,1.56723,2.44135,2.00429
Alicia_Witt_0001.jpg,3,1,2,2,0,0,-1,-1,-1
Alimzhan_Tokhtakhounov_0001.jpg,3,2,2,1,1,1,0.700564,1.08331,0.891938
Alina_Kabaeva_0001.jpg,3,1,2,2,1,1,0.548423,1.28635,0.917388
Aline_Chretien_0001.jpg,3,1,2,2,1,1,0.556683,0.747471,0.652077
Alisha_Richman_0001.jpg,3,2,1,2,0,0,-1,-1,-1
Alistair_MacDonald_0001.jpg,3,1,2,1,0,0,-1,-1,-1
Ali_Abbas_0001.jpg,2,1,2,1,0,0,-1,-1,-1
Ali_Abdullah_Saleh_0001.jpg,4,2,2,1,1,1,1.01889,0.793103,0.905997
Ali_Ahmeti_0001.jpg,3,2,2,1,0,0,-1,-1,-1
Ali_Bin_Hussein_0001.jpg,3,2,2,1,0,0,-1,-1,-1
Ali_Fallahian_0001.jpg,3,2,1,1,0,0,-1,-1,-1
Ali_Naimi_0001.jpg,3,2,1,1,0,0,-1,-1,-1
Allan_Kemakeza_0001.jpg,3,1,2,1,0,0,-1,-1,-1
Allan_Wagner_0001.jpg,3,2,1,1,1,1,1.2204,0.275473,0.747938
Allen_Iverson_0001.jpg,3,2,2,1,1,0,0.68016,-1,0.68016
Allison_Janney_0001.jpg,3,2,2,2,1,1,0.509101,1.32135,0.915225
Allison_Searing_0001.jpg,3,2,2,2,1,0,0.666694,-1,0.666694
Allyson_Felix_0001.jpg,3,2,2,2,1,1,0.876605,1.03229,0.954445
Ally_Sheedy_0001.jpg,3,1,2,2,1,1,0.371085,0.445,0.408042
Alma_Powell_0001.jpg,2,1,1,2,1,1,0.907879,1.55205,1.22996
Almeida_Baptista_0001.jpg,3,2,2,1,1,1,0.955776,0.481307,0.718541
Alonzo_Mourning_0001.jpg,3,2,1,1,0,0,-1,-1,-1
Alvaro_Silva_Calderon_0001.jpg,3,1,1,1,1,1,0.427693,0.914044,0.670868
Alvaro_Uribe_0001.jpg,3,2,1,1,1,1,1.03174,1.15803,1.09489
Alyse_Beaupre_0001.jpg,3,1,2,2,1,0,0.442118,-1,0.442118
Aly_Wagner_0001.jpg,3,1,2,2,0,0,-1,-1,-1
Al_Cardenas_0001.jpg,4,2,2,1,1,1,0.54556,0.460907,0.503233
Al_Davis_0001.jpg,3,1,2,1,0,0,-1,-1,-1
Al_Gore_0001.jpg,2,2,2,1,0,0,-1,-1,-1
Al_Leiter_0001.jpg,3,1,2,1,0,0,-1,-1,-1
Al_Pacino_0001.jpg,3,1,2,1,1,1,0.806577,0.346859,0.576718
Al_Sharpton_0001.jpg,3,2,2,1,0,0,-1,-1,-1
Amanda_Beard_0001.jpg,3,1,2,2,1,1,0.510847,0.833514,0.672181
Amanda_Bynes_0001.jpg,3,1,2,2,1,1,0.620256,0.447317,0.533786
Amanda_Coetzer_0001.jpg,4,2,2,2,1,1,0.555953,1.07436,0.815157
Amanda_Marsh_0001.jpg,4,1,2,2,0,0,-1,-1,-1
Amanda_Plumer_0001.jpg,4,1,2,2,1,1,0.74554,1.20502,0.975279
Amber_Tamblyn_0001.jpg,2,2,2,2,0,0,-1,-1,-1
Amer_al-Saadi_0001.jpg,2,2,2,1,1,1,1.09415,0.312742,0.703446
Amporn_Falise_0001.jpg,3,1,2,2,1,1,1.07593,0.442874,0.7594
Amram_Mitzna_0001.jpg,3,2,1,1,0,0,-1,-1,-1
Amy_Cotton_0001.jpg,3,1,2,2,1,0,0.535707,-1,0.535707
Amy_Redford_0001.jpg,3,1,2,2,1,1,0.653293,0.509658,0.581476
Anastasia_Kelesidou_0001.jpg,4,1,2,2,1,0,0.836412,-1,0.836412
Anastasia_Myskina_0001.jpg,3,2,2,2,1,1,0.696972,1.09973,0.898353
Anatoliy_Kinakh_0001.jpg,4,2,2,1,1,1,0.952473,0.639858,0.796166
Ana_Claudia_Talancon_0001.jpg,3,1,2,2,1,0,1.76126,-1,1.76126
Ana_Guevara_0001.jpg,2,1,2,2,0,0,-1,-1,-1
Ana_Isabel_Sanchez_0001.jpg,3,1,2,2,0,0,-1,-1,-1
Ana_Paula_Gerard_0001.jpg,3,1,2,2,0,0,-1,-1,-1
Ana_Sebastiao_0001.jpg,3,1,2,2,1,0,1.01498,-1,1.01498
Anderson_Varejao_0001.jpg,3,1,2,2,0,0,-1,-1,-1
Anders_Ebbeson_0001.jpg,4,1,2,1,1,1,0.661895,0.666667,0.664281
Anders_Fogh_Rasmussen_0001.jpg,3,2,2,1,1,1,0.693375,0.895533,0.794454
Andreas_Vinciguerra_0001.jpg,3,2,2,1,1,0,0.55583,-1,0.55583
Andrea_De_Cruz_0001.jpg,3,1,2,2,1,1,0.444978,0.460887,0.452933
Andrea_Kiser_0001.jpg,3,2,2,2,1,1,0.606834,1.32029,0.963561
Andrea_Yates_0001.jpg,3,2,2,2,1,1,0.665792,1.62144,1.14361
Andrei_Konchalovsky_0001.jpg,3,1,1,1,1,1,0.547889,0.557609,0.552749
Andrei_Mikhnevich_0001.jpg,3,1,2,1,1,0,0.554877,-1,0.554877
Andres_DAlessandro_0001.jpg,3,1,2,1,1,1,0.616876,0.635401,0.626139
Andres_Manuel_Lopez_Obrador_0001.jpg,3,1,2,1,0,0,-1,-1,-1
Andres_Pastrana_0001.jpg,3,2,2,1,1,1,0.574808,0.533844,0.554326
Andrew_Caldecott_0001.jpg,3,1,2,1,1,1,0.86958,0.867302,0.868441
Andrew_Cuomo_0001.jpg,3,2,2,1,1,1,0.657672,0.392767,0.52522
Andrew_Firestone_0001.jpg,2,1,2,1,1,1,1.06638,1.83304,1.44971
Andrew_Gilligan_0001.jpg,3,1,2,1,1,1,0.665535,0.704078,0.684807
Andrew_Jarecki_0001.jpg,3,2,2,1,1,0,0.74708,-1,0.74708
Andrew_Sabey_0001.jpg,3,1,2,1,1,1,0.850882,1.24152,1.0462
Andrew_Shutley_0001.jpg,3,2,2,1,1,1,0.60495,0.319786,0.462368
Andre_Agassi_0001.jpg,3,1,2,1,0,0,-1,-1,-1
Andre_Bucher_0001.jpg,3,2,1,1,0,0,-1,-1,-1
Andre_Techine_0001.jpg,3,2,1,1,1,1,0.707475,0.953052,0.830264
Andrzej_Tyszkiewicz_0001.jpg,3,2,2,1,0,0,-1,-1,-1
Andy_Bryant_0001.jpg,3,1,1,1,1,1,0.639231,0.42508,0.532155
Andy_Garcia_0001.jpg,3,1,2,1,1,1,0.703635,0.760699,0.732167
Andy_Griffith_0001.jpg,3,1,1,1,1,1,0.642758,0.421053,0.531905
Andy_Griggs_0001.jpg,3,1,1,1,0,0,-1,-1,-1
Andy_Hebb_0001.jpg,4,2,2,1,0,0,-1,-1,-1
Andy_Madikians_0001.jpg,3,1,2,1,1,1,0.488546,0.744348,0.616447
Andy_North_0001.jpg,3,1,2,1,1,1,1.08311,1.50878,1.29594
Andy_Perez_0001.jpg,3,1,1,1,0,0,-1,-1,-1
Andy_Roddick_0001.jpg,3,2,2,1,1,1,0.642195,0.615571,0.628883
Andy_Rooney_0001.jpg,3,1,2,1,1,1,0.599988,0.444103,0.522045
Andy_Warhol_0001.jpg,3,2,1,2,0,0,-1,-1,-1
Andy_Wisecarver_0001.jpg,4,2,2,1,0,0,-1,-1,-1
AnFernce_Negron_0001.jpg,3,1,2,1,1,1,0.646557,0.599876,0.623216
Angela_Alvarado_Rosa_0001.jpg,3,2,2,2,1,1,0.653236,0.445701,0.549469
Angela_Lansbury_0001.jpg,3,1,2,2,1,1,0.716777,1.77611,1.24645
Angela_Merkel_0001.jpg,2,1,2,2,1,1,0.82119,1.72685,1.27402
Angelina_Jolie_0001.jpg,3,1,2,2,1,1,0.564382,1.08781,0.826098
Angelo_Genova_0001.jpg,4,1,1,1,1,1,0.51797,0.646048,0.582009
Angelo_Reyes_0001.jpg,2,2,1,1,0,0,-1,-1,-1
Angel_Maza_0001.jpg,3,1,2,1,0,0,-1,-1,-1
Angie_Arzola_0001.jpg,4,2,2,2,1,1,0.905811,0.396691,0.651251
Angie_Martinez_0001.jpg,2,1,1,2,1,1,1.34569,0.304939,0.825315
Anita_DeFrantz_0001.jpg,3,1,2,2,1,1,0.712696,1.26826,0.990479
Anjum_Hussain_0001.jpg,3,2,2,1,1,0,0.569625,-1,0.569625
Anna_Chicherova_0001.jpg,3,2,2,2,0,0,-1,-1,-1
Anna_Faris_0001.jpg,3,1,2,2,1,1,1.56443,0.304212,0.934322
Anna_Jones_0001.jpg,3,2,2,2,1,1,0.701159,0.526048,0.613604
Anna_Kournikova_0001.jpg,3,2,2,2,1,1,0.772107,1.21935,0.995729
Anneli_Jaatteenmaki_0001.jpg,3,2,2,2,0,0,-1,-1,-1
Annette_Bening_0001.jpg,3,1,2,2,1,0,0.990119,-1,0.990119
Annette_Lu_0001.jpg,3,1,1,2,1,1,0.764405,1.62359,1.194
Anne_Cavers_0001.jpg,3,2,2,2,1,1,0.648636,0.585088,0.616862
Anne_Donovan_0001.jpg,4,2,2,2,1,1,0.560686,0.630529,0.595607
Anne_Heche_0001.jpg,2,1,2,2,1,0,0.948408,-1,0.948408
Anne_Krueger_0001.jpg,3,2,1,2,1,1,0.651905,0.517483,0.584694
Anne_McLellan_0001.jpg,3,1,1,2,1,1,0.623858,0.98142,0.802639
Annie_Chaplin_0001.jpg,4,1,2,2,1,1,0.761599,0.655433,0.708516
Annie_Machon_0001.jpg,3,1,2,2,1,1,0.814221,0.343523,0.578872
Ann_Godbehere_0001.jpg,3,2,2,2,0,0,-1,-1,-1
Ann_Veneman_0001.jpg,3,2,2,2,0,0,-1,-1,-1
Antanas_Valionis_0001.jpg,3,1,2,1,1,1,0.691929,0.345349,0.518639
Anthony_Carter_0001.jpg,3,2,2,1,1,1,0.816107,0.197473,0.50679
Anthony_Corso_0001.jpg,4,1,2,1,1,0,0.554058,-1,0.554058
Anthony_Ervin_0001.jpg,4,1,2,1,1,1,0.724715,1.40928,1.067
Anthony_Fauci_0001.jpg,3,1,1,1,1,1,1.54138,0.379834,0.960607
Anthony_Garotinho_0001.jpg,5,1,2,1,0,0,-1,-1,-1
Anthony_Hazen_0001.jpg,3,2,1,1,0,0,-1,-1,-1
Anthony_Hopkins_0001.jpg,3,2,2,1,1,1,0.999982,0.53491,0.767446
Anthony_LaPaglia_0001.jpg,4,1,2,1,1,1,0.514671,0.779138,0.646905
Anthony_Mazur_0001.jpg,3,2,2,1,1,0,0.924241,-1,0.924241
Anthony_Pico_0001.jpg,3,1,1,1,1,1,0.468428,0.591182,0.529805
Anthony_Principi_0001.jpg,3,2,1,1,0,0,-1,-1,-1
Anthony_Rackauckas_0001.jpg,3,2,2,1,1,1,0.625103,0.885576,0.755339
Anthony_Scott_Miller_0001.jpg,3,1,2,1,0,0,-1,-1,-1
Antonio_Bernardo_0001.jpg,3,2,2,1,1,1,0.711469,0.433169,0.572319
Antonio_Cassano_0001.jpg,3,2,2,1,1,1,0.870457,0.505056,0.687757
Antonio_Catania_0001.jpg,3,1,2,1,0,0,-1,-1,-1
Antonio_Elias_Saca_0001.jpg,3,2,2,1,1,1,0.802159,0.713733,0.757946
Antonio_Palocci_0001.jpg,4,2,2,1,1,1,0.612687,0.433198,0.522942
Antonio_Trillanes_0001.jpg,3,2,2,1,0,0,-1,-1,-1
Antwun_Echols_0001.jpg,3,2,1,1,0,0,-1,-1,-1
Anwar_Ibrahim_0001.jpg,3,2,1,1,1,1,0.62258,0.323381,0.47298
Anzori_Kikalishvili_0001.jpg,3,1,2,1,0,0,-1,-1,-1
Aparna_Pillai_0001.jpg,3,1,2,2,0,0,-1,-1,-1
Aram_Adler_0001.jpg,3,2,2,1,0,0,-1,-1,-1
Aretha_Franklin_0001.jpg,3,1,2,2,0,0,-1,-1,-1
Arianna_Huffington_0001.jpg,2,1,2,2,0,0,-1,-1,-1
Ariel_Sharon_0001.jpg,3,1,2,1,1,1,0.590066,0.36973,0.479898
Arie_Haan_0001.jpg,3,2,2,1,1,0,0.777269,-1,0.777269
Ari_Bousbib_0001.jpg,3,1,2,1,0,0,-1,-1,-1
Ari_Fleischer_0001.jpg,3,1,1,1,1,0,0.579554,-1,0.579554
Armando_Avila_Panchame_0001.jpg,3,2,2,1,1,0,0.551135,-1,0.551135
Armando_Calderon_Sol_0001.jpg,3,2,2,1,1,1,1.51194,0.937052,1.22449
Armando_Carrillo_0001.jpg,3,2,2,1,1,1,0.54848,0.902415,0.725447
Armand_Sargen_0001.jpg,3,2,2,1,0,0,-1,-1,-1
Arminio_Fraga_0001.jpg,5,2,2,1,0,0,-1,-1,-1
Arnaud_Clement_0001.jpg,3,2,2,1,0,0,-1,-1,-1
Arnaud_Lagardere_0001.jpg,3,2,2,1,0,0,-1,-1,-1
Arnoldo_Aleman_0001.jpg,3,2,1,1,1,1,0.838711,0.663201,0.750956
Arnold_Palmer_0001.jpg,3,1,2,1,0,0,-1,-1,-1
Arnold_Schwarzenegger_0001.jpg,4,1,2,1,1,1,0.585687,0.5,0.542843
Aron_Ralston_0001.jpg,3,2,2,1,0,0,-1,-1,-1
Arsinee_Khanjian_0001.jpg,3,1,2,2,0,0,-1,-1,-1
Arthur_Martinez_0001.jpg,3,2,2,1,0,0,-1,-1,-1
Arturo_Gatti_0001.jpg,3,2,2,1,0,0,-1,-1,-1
Art_Cooper_0001.jpg,4,1,2,1,1,1,0.700402,1.04341,0.871908
Art_Hoffmann_0001.jpg,2,1,2,1,1,1,1.54668,2.05961,1.80314
Art_Howe_0001.jpg,3,1,2,1,1,1,0.505555,1.24963,0.877593
Arye_Mekel_0001.jpg,3,2,1,1,1,1,1.2634,1.02774,1.14557
Asa_Hutchinson_0001.jpg,3,1,2,1,1,1,0.886081,1.35289,1.11949
Ascencion_Barajas_0001.jpg,3,2,2,1,1,1,0.539195,0.800894,0.670044
Ashlea_Talbot_0001.jpg,2,1,2,2,0,0,-1,-1,-1
Ashley_Judd_0001.jpg,3,1,2,2,1,1,0.61741,1.28995,0.953678
Ashley_Olsen_0001.jpg,2,1,2,2,1,1,1.6902,0.575817,1.13301
Ashraf_Ghani_0001.jpg,4,2,2,1,0,0,-1,-1,-1
Asmaa_Assad_0001.jpg,3,1,2,2,1,1,0.745322,0.386279,0.565801
Assad_Ahmadi_0001.jpg,3,2,2,1,0,0,-1,-1,-1
Astou_Ndiaye-Diatta_0001.jpg,3,1,2,2,1,1,0.584196,0.677359,0.630778
Astrid_Betancourt_0001.jpg,3,2,2,2,0,0,-1,-1,-1
Astrid_Eyzaguirre_0001.jpg,3,1,2,2,1,1,0.69644,1.58696,1.1417
Atal_Bihari_Vajpayee_0001.jpg,2,1,2,1,1,1,1.00201,0.335864,0.668939
Ataollah_Mohajerani_0001.jpg,3,2,2,1,1,1,0.70379,1.21496,0.959372
Atiabet_Ijan_Amabel_0001.jpg,2,1,2,2,1,1,0.722333,0.434868,0.5786
Audrey_Lacroix_0001.jpg,3,1,2,2,1,0,0.449738,-1,0.449738
Audrey_Sauret_0001.jpg,3,2,2,2,1,0,1.54272,-1,1.54272
Augustin_Calleri_0001.jpg,3,2,2,1,1,1,0.714844,0.73562,0.725232
Augusto_Pinochet_0001.jpg,3,1,2,1,1,1,0.553109,0.356131,0.45462
Augusto_Roa_Bastos_0001.jpg,3,2,2,1,1,1,0.552218,0.535793,0.544005
Aung_San_Suu_Kyi_0001.jpg,2,2,2,2,1,1,0.960539,0.784685,0.872612
Austin_Kearns_0001.jpg,3,1,2,1,0,0,-1,-1,-1
Azmi_Bishara_0001.jpg,3,2,2,1,1,1,0.799244,0.513894,0.656569
Azra_Akin_0001.jpg,3,1,2,2,1,0,1.27159,-1,1.27159
Babe_Ruth_0001.jpg,3,2,2,1,1,0,1.05367,-1,1.05367
Baburam_Bhattari_0001.jpg,3,2,2,1,0,0,-1,-1,-1
Bak_Chang-Ryun_0001.jpg,3,2,1,1,1,1,1.08379,0.834811,0.9593
Barbara_Boxer_0001.jpg,2,2,2,2,0,0,-1,-1,-1
Barbara_Brezigar_0001.jpg,3,1,2,2,1,1,0.728813,0.726004,0.727409
Barbara_De_Brun_0001.jpg,3,2,1,2,1,0,0.805789,-1,0.805789
Barbara_Felt-Miller_0001.jpg,3,2,2,2,1,1,0.576177,0.536895,0.556536
Barbara_Roberts_0001.jpg,3,2,1,2,1,1,0.457175,0.709347,0.583261
Barbara_Walters_0001.jpg,3,1,2,2,1,1,0.7826,0.230544,0.506572
Barbora_Strycova_0001.jpg,3,1,2,2,0,0,-1,-1,-1
Barrett_Jackman_0001.jpg,4,1,2,1,0,0,-1,-1,-1
Barry_Bonds_0001.jpg,3,2,2,1,1,0,1.11721,-1,1.11721
Barry_Collier_0001.jpg,3,2,2,1,1,1,1.92056,0.367035,1.1438
Barry_Diller_0001.jpg,3,2,2,1,1,1,0.569582,1.61249,1.09104
Barry_Ford_0001.jpg,3,1,2,2,1,1,0.454086,0.75307,0.603578
Barry_Hinson_0001.jpg,3,2,1,1,1,0,0.632622,-1,0.632622
Barry_Nakell_0001.jpg,2,2,1,1,1,1,0.776029,1.03334,0.904682
Barry_Switzer_0001.jpg,3,2,2,1,1,0,2.42838,-1,2.42838
Barry_Williams_0001.jpg,3,1,2,1,1,1,0.512576,0.58734,0.549958
Bart_Freundlich_0001.jpg,4,2,2,1,1,1,0.491448,0.427056,0.459252
Bart_Hendricks_0001.jpg,3,2,2,1,1,1,0.499863,1.63803,1.06895
Basdeo_Panday_0001.jpg,3,2,1,1,1,1,0.582407,0.998447,0.790427
Baz_Luhrmann_0001.jpg,3,2,2,1,1,1,0.661224,0.353112,0.507168
BB_King_0001.jpg,3,1,1,1,0,0,-1,-1,-1
Beatrice_Dalle_0001.jpg,2,1,2,2,1,0,1.82851,-1,1.82851
Beatriz_Merino_0001.jpg,3,1,2,2,1,1,0.79724,1.62824,1.21274
Beecher_Ray_Kirby_0001.jpg,3,1,2,1,1,0,1.27465,-1,1.27465
Bela_Karolyi_0001.jpg,3,1,2,1,1,1,0.996424,0.245739,0.621082
Benicio_Del_Toro_0001.jpg,3,1,2,1,0,0,-1,-1,-1
Benito_Santiago_0001.jpg,3,2,2,1,1,1,0.799796,0.941443,0.870619
Benjamin_Bratt_0001.jpg,3,1,2,1,1,1,0.910261,0.359826,0.635043
Benjamin_Martinez_0001.jpg,3,1,2,1,1,1,0.65368,0.76267,0.708175
Benjamin_McKenzie_0001.jpg,3,2,2,1,1,1,0.81314,0.943625,0.878383
Benjamin_Neulander_0001.jpg,3,2,2,1,1,1,0.523837,0.324651,0.424244
Ben_Affleck_0001.jpg,3,1,2,1,1,1,0.589823,0.404226,0.497025
Ben_Braun_0001.jpg,3,2,2,1,1,1,0.560722,0.364504,0.462613
Ben_Broussard_0001.jpg,3,2,2,1,1,1,1.17099,1.64968,1.41033
Ben_Cahoon_0001.jpg,3,1,2,1,1,1,0.703805,0.411796,0.557801
Ben_Cohen_0001.jpg,2,2,2,1,1,1,0.776086,0.383228,0.579657
Ben_Curtis_0001.jpg,3,1,2,1,0,0,-1,-1,-1
Ben_Davis_0001.jpg,3,1,2,1,1,1,0.526096,0.417924,0.47201
Ben_Glisan_0001.jpg,4,2,2,1,1,1,0.464232,0.614912,0.539572
Ben_Howland_0001.jpg,3,1,2,1,1,1,0.927619,0.537333,0.732476
Ben_Kingsley_0001.jpg,3,1,2,1,1,1,0.631457,1.24347,0.937466
Ben_Stein_0001.jpg,3,2,1,1,0,0,-1,-1,-1
Bernardo_Segura_0001.jpg,3,1,2,1,1,1,0.818381,1.23088,1.02463
Bernard_Ebbers_0001.jpg,3,2,2,1,1,1,0.671472,0.45758,0.564526
Bernard_Giraudeau_0001.jpg,3,1,2,1,1,1,0.645131,0.384391,0.514761
Bernard_Kerik_0001.jpg,4,1,2,1,0,0,-1,-1,-1
Bernard_Law_0001.jpg,3,2,1,1,1,1,0.588815,0.850295,0.719555
Bernard_Siegel_0001.jpg,3,2,1,1,1,1,0.896384,1.17935,1.03787
Bernice_Wong_0001.jpg,3,1,2,2,0,0,-1,-1,-1
Bertie_Ahern_0001.jpg,2,2,2,1,0,0,-1,-1,-1
Bertrand_Delanoe_0001.jpg,3,1,2,1,0,0,-1,-1,-1
Beth_Blough_0001.jpg,3,2,2,2,1,1,0.652054,0.504261,0.578157
Beth_Jones_0001.jpg,3,2,2,2,0,0,-1,-1,-1
Betsy_Coffin_0001.jpg,4,2,2,2,1,1,0.702437,0.638965,0.670701
Betsy_Smith_0001.jpg,3,1,2,2,1,1,0.669003,0.465422,0.567212
Betty_Garrison_0001.jpg,3,1,1,2,1,1,0.811729,0.491164,0.651447
Beyonce_Knowles_0001.jpg,3,2,2,2,1,1,0.644471,0.749033,0.696752
Bijan_Darvish_0001.jpg,4,2,2,1,1,1,0.785807,0.635271,0.710539
Bijan_Namdar_Zangeneh_0001.jpg,3,2,2,1,1,1,3.23588,0.148741,1.69231
Bilal_Erdogan_0001.jpg,3,1,1,1,0,0,-1,-1,-1
Biljana_Plavsic_0001.jpg,3,2,2,2,1,1,0.887831,0.658364,0.773097
Billy_Andrade_0001.jpg,3,2,2,1,0,0,-1,-1,-1
Billy_Beane_0001.jpg,2,1,2,1,1,1,2.00133,1.96532,1.98332
Billy_Bob_Thornton_0001.jpg,3,1,1,1,1,1,0.72437,0.55967,0.64202
Billy_Crawford_0001.jpg,3,1,2,1,1,1,0.740106,1.33594,1.03802
Billy_Crystal_0001.jpg,3,1,2,1,1,1,0.780762,0.364418,0.57259
Billy_Edelin_0001.jpg,3,2,2,1,1,1,0.572377,0.41178,0.492079
Billy_Graham_0001.jpg,4,2,2,1,1,1,0.529092,0.52927,0.529181
Billy_Joel_0001.jpg,4,1,2,1,1,1,0.56147,1.30161,0.931539
Billy_Rork_0001.jpg,4,2,2,1,1,1,0.871485,0.615754,0.74362
Billy_Tibbets_0001.jpg,3,1,2,1,0,0,-1,-1,-1
Bill_Belichick_0001.jpg,2,2,2,1,1,1,1.07013,0.901388,0.98576
Bill_Bradley_0001.jpg,3,1,2,1,1,1,0.5,0.692107,0.596054
Bill_Byrne_0001.jpg,3,1,1,1,1,1,0.929117,0.877058,0.903088
Bill_Callahan_0001.jpg,3,2,2,1,1,1,0.651344,1.80278,1.22706
Bill_Carmody_0001.jpg,3,2,2,1,1,0,0.598061,-1,0.598061
Bill_Cartwright_0001.jpg,3,2,1,1,1,0,0.791867,-1,0.791867
Bill_Clancy_0001.jpg,3,2,2,1,1,1,0.628528,0.491097,0.559813
Bill_Clinton_0001.jpg,3,2,2,1,1,1,0.697234,0.635874,0.666554
Bill_Curry_0001.jpg,3,1,1,1,1,1,1.11168,0.528605,0.820142
Bill_Duffey_0001.jpg,2,2,1,1,1,1,1.71208,0.644382,1.17823
Bill_Elliott_0001.jpg,3,2,2,1,1,1,0.893897,0.570758,0.732327
Bill_Fennelly_0001.jpg,3,1,2,1,1,1,0.783402,0.592283,0.687842
Bill_Frist_0001.jpg,3,2,2,1,1,1,0.648019,0.576512,0.612265
Bill_Gates_0001.jpg,3,2,1,1,1,1,0.428437,1.16758,0.798009
Bill_Graham_0001.jpg,2,2,1,1,0,0,-1,-1,-1
Bill_Herrion_0001.jpg,3,2,2,1,1,1,1.17422,1.37437,1.27429
Bill_Hughes_0001.jpg,3,1,2,1,0,0,-1,-1,-1
Bill_King_0001.jpg,2,2,1,1,1,1,2.02322,0.786151,1.40468
Bill_Kong_0001.jpg,3,1,2,1,1,1,0.674496,0.277742,0.476119
Bill_Lerach_0001.jpg,3,2,1,1,0,0,-1,-1,-1
Bill_Mauldin_0001.jpg,3,1,2,1,1,1,0.621799,0.698818,0.660309
Bill_McBride_0001.jpg,3,1,2,1,1,1,0.679094,0.869287,0.77419
Bill_Nelson_0001.jpg,3,1,2,1,1,1,0.630937,0.640048,0.635492
Bill_OReilly_0001.jpg,3,1,2,1,0,0,-1,-1,-1
Bill_Paxton_0001.jpg,3,1,2,1,1,1,0.896906,1.93661,1.41676
Bill_Pryor_0001.jpg,3,1,2,1,1,1,0.573411,0.578689,0.57605
Bill_Rainer_0001.jpg,3,2,1,1,1,1,0.616021,0.855629,0.735825
Bill_Readdy_0001.jpg,4,2,2,1,1,1,0.961642,0.465666,0.713654
Bill_Self_0001.jpg,3,2,2,1,1,1,0.571824,0.607103,0.589463
Bill_Simon_0001.jpg,3,2,1,1,1,1,0.582913,0.775585,0.679249
Bill_Sizemore_0001.jpg,3,2,2,1,1,1,0.616248,1.11797,0.867107
Bill_Stein_0001.jpg,3,1,2,1,1,1,0.481658,0.594964,0.538311
Binyamin_Ben-Eliezer_0001.jpg,4,2,2,1,0,0,-1,-1,-1
Bison_Dele_0001.jpg,3,1,2,1,1,1,0.628364,0.376478,0.502421
Bixente_LIzarazu_0001.jpg,3,1,2,1,1,0,0.703447,-1,0.703447
BJ_Habibie_0001.jpg,3,1,2,1,0,0,-1,-1,-1
Blas_Ople_0001.jpg,3,1,2,1,1,1,0.620274,0.358505,0.489389
Bobby_Goldwater_0001.jpg,4,2,1,1,0,0,-1,-1,-1
Bobby_Kielty_0001.jpg,3,1,2,1,1,1,0.559015,0.33219,0.445603
Bobby_Robson_0001.jpg,3,2,2,1,1,1,0.603498,1.59831,1.1009
Bobo_Balde_0001.jpg,3,2,2,1,0,0,-1,-1,-1
Bob_Alper_0001.jpg,3,1,1,1,1,1,0.717199,0.453286,0.585242
Bob_Bowlsby_0001.jpg,3,1,2,1,1,0,0.513511,-1,0.513511
Bob_Cantrell_0001.jpg,3,2,1,1,1,1,0.771621,0.392679,0.58215
Bob_Colvin_0001.jpg,3,2,2,1,1,1,0.851148,0.862013,0.85658
Bob_Curtis_0001.jpg,3,2,2,1,1,1,0.930898,0.636652,0.783775
Bob_Ferguson_0001.jpg,2,1,2,1,1,1,2.27724,1.69525,1.98624
Bob_Geldof_0001.jpg,3,1,2,1,1,1,0.66408,0.233725,0.448902
Bob_Goldman_0001.jpg,3,1,2,1,1,1,0.681822,0.865417,0.773619
Bob_Guccione_0001.jpg,3,2,2,1,0,0,-1,-1,-1
Bob_Hartley_0001.jpg,3,1,2,1,1,1,0.59826,0.920701,0.75948
Bob_Hayes_0001.jpg,3,1,2,1,0,0,-1,-1,-1
Bob_Herz_0001.jpg,2,1,1,1,1,1,1.8469,0.784763,1.31583
Bob_Holden_0001.jpg,4,2,1,1,1,1,0.407164,0.396622,0.401893
Bob_Hope_0001.jpg,3,2,2,1,0,0,-1,-1,-1
Bob_Huggins_0001.jpg,3,2,2,1,1,0,0.613809,-1,0.613809
Bob_Iger_0001.jpg,3,1,2,1,1,1,0.772833,0.386727,0.57978
Bob_Krueger_0001.jpg,3,2,2,1,0,0,-1,-1,-1
Bob_Melvin_0001.jpg,3,1,2,1,1,1,0.511872,1.14881,0.830339
Bob_Menendez_0001.jpg,3,1,1,1,1,1,0.625517,0.28818,0.456849
Bob_Newhart_0001.jpg,3,1,2,1,0,0,-1,-1,-1
Bob_Petrino_0001.jpg,3,2,2,1,1,1,1.30472,0.578537,0.941629
Bob_Riley_0001.jpg,2,2,2,1,0,0,-1,-1,-1
Bob_Stoops_0001.jpg,2,1,2,1,1,1,1.90988,3.38089,2.64538
Bob_Taft_0001.jpg,4,2,1,1,1,1,0.478465,0.154813,0.316639
Bob_Wright_0001.jpg,3,1,2,1,1,1,0.602831,0.957789,0.78031
Bode_Miller_0001.jpg,3,1,2,1,0,0,-1,-1,-1
Bonnie_Hunt_0001.jpg,4,1,2,2,1,1,0.77457,1.42997,1.10227
Bono_0001.jpg,2,1,2,1,0,0,-1,-1,-1
Boris_Berezovsky_0001.jpg,3,2,2,1,1,1,0.661749,0.320638,0.491193
Boris_Henry_0001.jpg,4,1,2,1,1,1,0.484726,0.522798,0.503762
Boris_Jordan_0001.jpg,3,1,2,1,1,1,0.602283,0.336953,0.469618
Boris_Yeltsin_0001.jpg,3,1,2,1,0,0,-1,-1,-1
Bo_Ryan_0001.jpg,3,2,2,1,1,1,0.624158,0.792724,0.708441
Brady_Rodgers_0001.jpg,3,2,2,1,1,1,1.39536,0.299273,0.847316
Brad_Alexander_Smith_0001.jpg,3,1,2,1,0,0,-1,-1,-1
Brad_Brownell_0001.jpg,3,1,2,1,1,1,0.508305,1.09322,0.800761
Brad_Garrett_0001.jpg,3,1,2,1,1,1,0.872347,1.07857,0.97546
Brad_Gushue_0001.jpg,3,1,2,1,1,1,0.755589,0.439416,0.597502
Brad_Pitt_0001.jpg,3,2,1,1,1,1,0.659273,0.598053,0.628663
Brad_Smith_0001.jpg,3,1,2,1,1,1,1.17603,0.43122,0.803624
Brad_Wilk_0001.jpg,3,1,2,1,0,0,-1,-1,-1
Brajesh_Mishra_0001.jpg,4,2,2,1,1,1,0.482923,0.465188,0.474056
Brandon_Hammond_0001.jpg,3,2,2,1,1,1,1.34926,1.60506,1.47716
Brandon_Inge_0001.jpg,3,1,2,1,1,0,0.59572,-1,0.59572
Brandon_Knight_0001.jpg,4,2,2,1,1,1,0.702068,0.408142,0.555105
Brandon_Larson_0001.jpg,3,1,2,1,1,0,0.845939,-1,0.845939
Brandon_Lloyd_0001.jpg,3,2,2,1,1,0,0.45424,-1,0.45424
Brandon_Robinson_0001.jpg,3,2,2,1,0,0,-1,-1,-1
Brandon_Spann_0001.jpg,3,2,2,1,1,0,0.52457,-1,0.52457
Brawley_King_0001.jpg,3,2,2,1,1,1,0.769162,1.67385,1.22151
Brendan_Fraser_0001.jpg,3,1,2,1,1,1,0.521722,0.665912,0.593817
Brendan_Hansen_0001.jpg,3,1,2,1,1,1,0.830055,0.391235,0.610645
Brendan_Stai_0001.jpg,3,1,2,1,1,1,0.552767,0.592655,0.572711
Brenda_Magana_0001.jpg,3,1,2,2,1,0,0.608113,-1,0.608113
Brenda_van_Dam_0001.jpg,3,2,2,2,1,1,0.490087,0.80046,0.645274
Brenda_Wilson_0001.jpg,3,1,1,2,0,0,-1,-1,-1
Brennon_Leighton_0001.jpg,3,2,2,1,1,1,0.640034,0.942091,0.791062
Brett_Boone_0001.jpg,3,2,2,1,1,1,0.87571,1.51637,1.19604
Brett_Hawke_0001.jpg,3,1,2,1,1,1,0.709975,1.55905,1.13451
Brian_Billick_0001.jpg,2,1,1,1,1,1,1.3491,2.27983,1.81447
Brian_Campbell_0001.jpg,3,1,2,1,1,1,0.578665,0.45775,0.518207
Brian_Cashman_0001.jpg,3,1,2,1,1,1,0.675386,0.418463,0.546924
Brian_Clemens_0001.jpg,3,1,2,1,1,1,0.619087,0.838177,0.728632
Brian_De_Palma_0001.jpg,3,1,2,1,0,0,-1,-1,-1
Brian_Florence_0001.jpg,3,2,1,1,0,0,-1,-1,-1
Brian_Grazier_0001.jpg,3,1,2,1,1,1,0.569446,0.50976,0.539603
Brian_Gregory_0001.jpg,3,2,2,1,1,1,0.587029,0.55758,0.572304
Brian_Griese_0001.jpg,3,1,2,1,0,0,-1,-1,-1
Brian_Heidik_0001.jpg,2,1,2,1,1,1,0.773799,0.272043,0.522921
Brian_Henson_0001.jpg,3,1,2,1,1,1,0.605875,1.04544,0.825657
Brian_Kerr_0001.jpg,3,1,2,1,1,1,0.760493,0.556701,0.658597
Brian_Lara_0001.jpg,3,1,2,1,0,0,-1,-1,-1
Brian_Meadors_0001.jpg,3,1,1,1,0,0,-1,-1,-1
Brian_Pavlich_0001.jpg,3,2,2,1,1,1,0.784283,0.78484,0.784562
Brian_Scalabrine_0001.jpg,4,2,2,1,1,1,0.456948,1.07259,0.764768
Brian_Schneider_0001.jpg,3,2,2,1,1,0,0.72305,-1,0.72305
Brian_Van_Dusen_0001.jpg,3,1,2,1,1,1,0.980001,0.984742,0.982371
Brian_Weaver_0001.jpg,3,1,2,1,1,1,0.770561,0.299866,0.535214
Brian_Williams_0001.jpg,3,1,2,1,1,1,0.451375,0.374325,0.41285
Bridgette_Wilson-Sampras_0001.jpg,3,1,2,2,0,0,-1,-1,-1
Bridget_Fonda_0001.jpg,2,1,2,2,1,1,0.986431,0.423186,0.704809
Brigitte_Boisselier_0001.jpg,4,1,2,2,0,0,-1,-1,-1
Britney_Spears_0001.jpg,3,1,2,2,1,1,0.666592,0.39968,0.533136
Brittany_Snow_0001.jpg,3,1,2,2,1,0,0.481107,-1,0.481107
Bronson_Arroyo_0001.jpg,3,2,2,1,1,1,0.818363,1.59353,1.20595
Brooke_Gordon_0001.jpg,3,1,2,2,0,0,-1,-1,-1
Brooke_Shields_0001.jpg,3,1,2,2,0,0,-1,-1,-1
Brook_Robinson_0001.jpg,3,1,2,1,0,0,-1,-1,-1
Bruce_Arena_0001.jpg,3,2,2,1,1,1,0.833745,0.176913,0.505329
Bruce_Gebhardt_0001.jpg,3,2,2,1,1,1,0.611241,0.482747,0.546994
Bruce_Lunsford_0001.jpg,2,1,2,1,0,0,-1,-1,-1
Bruce_Paltrow_0001.jpg,3,1,1,1,1,1,0.850562,0.545282,0.697922
Bruce_Van_De_Velde_0001.jpg,3,2,2,1,1,1,0.562601,0.506293,0.534447
Bruce_Weber_0001.jpg,3,2,2,1,1,1,0.816343,0.926049,0.871196
Bruce_Willis_0001.jpg,2,2,2,1,0,0,-1,-1,-1
Bruna_Colosio_0001.jpg,3,2,2,2,0,0,-1,-1,-1
Bruno_Junquiera_0001.jpg,3,1,1,1,1,1,0.758345,0.879038,0.818691
Bryan_Adams_0001.jpg,4,1,2,1,1,0,0.80702,-1,0.80702
Bryan_Chui_0001.jpg,3,1,2,1,1,1,0.648236,0.574174,0.611205
Bryan_Cooley_0001.jpg,3,2,2,1,0,0,-1,-1,-1
Bryan_Murray_0001.jpg,3,2,2,1,1,1,0.578678,0.54139,0.560034
Bryan_Thomas_0001.jpg,3,2,2,1,0,0,-1,-1,-1
Buck_Rodgers_0001.jpg,2,2,2,1,0,0,-1,-1,-1
Buddy_Ryan_0001.jpg,3,1,1,1,1,1,0.825243,0.747996,0.786619
Budd_Schulberg_0001.jpg,5,1,2,1,0,0,-1,-1,-1
Buford_Blount_0001.jpg,3,1,2,1,1,1,0.608704,0.6936,0.651152
Bustam_A_Zedan_Aljanabi_0001.jpg,4,2,2,1,0,0,-1,-1,-1
Butch_Davis_0001.jpg,3,2,2,1,1,1,0.757703,0.331975,0.544839
Buzz_Hargrove_0001.jpg,4,1,1,1,1,1,0.422659,1.20576,0.814208
Byron_Scott_0001.jpg,3,2,2,1,0,0,-1,-1,-1
Cabas_0001.jpg,3,1,2,1,0,0,-1,-1,-1
Caio_Blat_0001.jpg,3,1,2,1,1,1,0.778767,1.21648,0.997621
Calbert_Cheaney_0001.jpg,3,1,2,1,1,1,0.607462,0.283893,0.445677
Calista_Flockhart_0001.jpg,4,1,2,2,1,1,0.956559,1.32805,1.14231
Calvin_Harrison_0001.jpg,3,1,2,1,0,0,-1,-1,-1
Calvin_Joseph_Coleman_0001.jpg,3,2,2,1,0,0,-1,-1,-1
Cameron_Diaz_0001.jpg,4,1,2,2,0,0,-1,-1,-1
Camilla_Parker_Bowles_0001.jpg,3,1,2,2,1,1,2.36321,2.07245,2.21783
Camille_Colvin_0001.jpg,5,1,2,2,0,0,-1,-1,-1
Camille_Lewis_0001.jpg,3,1,2,2,1,1,0.65215,0.692051,0.672101
Candie_Kung_0001.jpg,3,1,2,2,0,0,-1,-1,-1
Carina_Lau_Ka-ling_0001.jpg,3,1,1,2,1,1,1.22656,1.06278,1.14467
Carla_Del_Ponte_0001.jpg,3,2,1,2,0,0,-1,-1,-1
Carla_Gugino_0001.jpg,4,1,2,2,0,0,-1,-1,-1
Carla_Moreno_0001.jpg,3,1,2,2,1,0,0.707168,-1,0.707168
Carla_Myers_0001.jpg,3,1,2,2,1,1,0.69597,1.44149,1.06873
Carla_Tricoli_0001.jpg,3,1,2,2,0,0,-1,-1,-1
Carlos_Alberto_0001.jpg,3,2,2,1,0,0,-1,-1,-1
Carlos_Arroyo_0001.jpg,3,2,2,1,1,1,0.800904,1.66529,1.2331
Carlos_Barra_0001.jpg,3,2,2,1,1,1,0.794558,1.74964,1.2721
Carlos_Barragan_0001.jpg,3,2,2,1,0,0,-1,-1,-1
Carlos_Beltran_0001.jpg,3,2,2,1,1,1,0.823007,1.15157,0.987286
Carlos_Bianchi_0001.jpg,3,1,1,1,1,1,0.575148,0.903661,0.739405
Carlos_De_Abreu_0001.jpg,3,1,1,1,1,1,0.768851,1.32532,1.04709
Carlos_Fasciolo_0001.jpg,3,1,1,1,1,1,0.60838,0.298142,0.453261
Carlos_Ghosn_0001.jpg,3,2,2,1,1,1,0.889893,0.458967,0.67443
Carlos_Iturgaitz_0001.jpg,2,1,2,1,0,0,-1,-1,-1
Carlos_Juarez_0001.jpg,3,2,2,1,0,0,-1,-1,-1
Carlos_Lordkipanitse_0001.jpg,3,2,2,1,0,0,-1,-1,-1
Carlos_Menem_0001.jpg,3,2,2,1,1,1,0.657504,0.306756,0.48213
Carlos_Moya_0001.jpg,4,2,2,1,1,0,0.97663,-1,0.97663
Carlos_Ortega_0001.jpg,3,2,2,1,1,1,0.642188,0.331634,0.486911
Carlos_Paternina_0001.jpg,3,2,2,1,0,0,-1,-1,-1
Carlos_Queiroz_0001.jpg,3,1,2,1,1,1,0.623673,0.50236,0.563017
Carlos_Ruckauf_0001.jpg,3,2,2,1,0,0,-1,-1,-1
Carlos_Ruiz_0001.jpg,3,1,2,1,0,0,-1,-1,-1
Carlos_Salinas_0001.jpg,3,1,2,1,1,1,0.645587,1.22571,0.935647
Carlos_Savedra_0001.jpg,3,1,2,1,1,1,0.487754,0.772432,0.630093
Carlo_Ancelotti_0001.jpg,3,2,2,1,1,0,1.58461,-1,1.58461
Carlo_Azeglio_Ciampi_0001.jpg,3,2,2,1,1,1,0.665139,0.452244,0.558692
Carlton_Baugh_0001.jpg,3,1,2,1,0,0,-1,-1,-1
Carly_Fiorina_0001.jpg,3,2,2,2,1,1,0.510745,0.915958,0.713352
Carly_Gullickson_0001.jpg,3,2,2,2,0,0,-1,-1,-1
Carl_Pope_0001.jpg,3,2,2,1,1,1,0.748178,0.673669,0.710923
Carl_Reiner_0001.jpg,4,1,2,1,1,1,0.936661,1.12487,1.03076
Carolina_Barco_0001.jpg,2,1,2,2,1,1,1.94821,1.26578,1.607
Carolina_Moraes_0001.jpg,3,1,2,2,0,0,-1,-1,-1
Caroline_Dhavernas_0001.jpg,3,1,2,2,0,0,-1,-1,-1
Caroline_Kennedy_0001.jpg,2,2,2,2,1,1,0.844084,1.5031,1.17359
Caroline_Link_0001.jpg,4,1,2,2,0,0,-1,-1,-1
Carolyn_Kuhl_0001.jpg,3,1,1,2,1,1,0.995594,1.21787,1.10673
Carol_Burnett_0001.jpg,3,1,2,2,1,1,0.565552,0.451403,0.508478
Carol_Carmody_0001.jpg,3,2,2,2,1,1,0.905226,0.53155,0.718388
Carol_Williams_0001.jpg,3,2,2,2,1,1,0.506252,0.465496,0.485874
Carroll_Weimer_0001.jpg,3,2,2,1,0,0,-1,-1,-1
Carson_Palmer_0001.jpg,3,1,2,1,1,1,0.495078,1.20331,0.849193
Casey_Crowder_0001.jpg,3,1,2,2,1,1,0.580027,1.2257,0.902865
Casey_Mears_0001.jpg,3,1,2,1,1,1,0.727948,0.560357,0.644152
Cassandra_Heise_0001.jpg,3,1,1,2,0,0,-1,-1,-1
Cass_Ballenger_0001.jpg,3,2,1,1,1,1,0.537814,1.08294,0.810377
Casy_Preslar_0001.jpg,3,1,2,2,1,1,0.494299,0.572481,0.53339
Catherine_Deneuve_0001.jpg,3,1,2,2,0,0,-1,-1,-1
Catherine_Woodard_0001.jpg,3,2,2,2,1,1,0.411149,1.19883,0.80499
Catherine_Zeta-Jones_0001.jpg,3,1,2,2,0,0,-1,-1,-1
Cathryn_Crawford_0001.jpg,3,2,2,2,1,0,0.707934,-1,0.707934
Cathy_Chisholm_0001.jpg,4,1,1,2,1,1,0.444681,1.02275,0.733715
Cathy_Cunningham_0001.jpg,3,2,1,2,1,0,1.24095,-1,1.24095
Cathy_Freeman_0001.jpg,4,1,2,2,1,1,0.560019,0.581611,0.570815
Catriona_Le_May_Doan_0001.jpg,3,1,2,2,1,1,0.584867,1.10596,0.845415
Cecilia_Bolocco_0001.jpg,3,1,2,2,1,1,0.484378,0.768911,0.626644
Cecilia_Chang_0001.jpg,3,1,2,2,1,1,0.843983,0.555589,0.699786
Cecilia_Cheung_0001.jpg,3,1,2,2,1,1,0.772715,1.31826,1.04549
Cedric_Benson_0001.jpg,3,2,2,1,0,0,-1,-1,-1
Celia_Cruz_0001.jpg,3,1,2,2,1,1,0.783568,0.256401,0.519984
Celine_Dion_0001.jpg,3,1,2,2,0,0,-1,-1,-1
Celso_Amorim_0001.jpg,3,2,2,1,1,1,0.64395,0.313454,0.478702
Celso_Lafer_0001.jpg,3,2,1,1,1,1,0.688584,0.434092,0.561338
Cemil_Cicek_0001.jpg,3,1,1,1,1,1,1.0104,0.357963,0.684181
Cesar_Gaviria_0001.jpg,3,2,1,1,0,0,-1,-1,-1
Chadha_Gurinder_0001.jpg,3,1,2,2,1,1,0.615193,0.545135,0.580164
Chakib_Khelil_0001.jpg,4,1,2,1,1,1,0.957156,0.389102,0.673129
Chance_Mock_0001.jpg,3,1,2,1,0,0,-1,-1,-1
Chandrika_Kumaratunga_0001.jpg,2,2,2,2,0,0,-1,-1,-1
Chang_Dae-whan_0001.jpg,3,2,2,1,1,1,0.728031,0.392389,0.56021
Chang_Jae_On_0001.jpg,3,2,1,1,0,0,-1,-1,-1
Chang_Saio-yue_0001.jpg,3,2,1,2,1,1,0.935315,1.68458,1.30995
Chang_Sang_0001.jpg,3,2,1,2,1,1,0.887826,0.865332,0.876579
Chang_Tso_0001.jpg,3,1,2,1,1,1,0.721263,0.447214,0.584239
Chan_Choi_0001.jpg,3,1,2,1,1,1,0.734458,0.724056,0.729257
Chan_Ho_Park_0001.jpg,4,2,2,1,0,0,-1,-1,-1
Charlene_Barshefsky_0001.jpg,3,1,2,2,0,0,-1,-1,-1
Charles_Bronson_0001.jpg,3,2,2,1,0,0,-1,-1,-1
Charles_Chandler_IV_0001.jpg,3,1,1,1,0,0,-1,-1,-1
Charles_Grassley_0001.jpg,3,2,1,1,1,1,1.56906,0.401448,0.985256
Charles_Holzner_0001.jpg,2,1,1,1,0,0,-1,-1,-1
Charles_Lebois_0001.jpg,3,1,2,1,1,1,0.539996,0.713702,0.626849
Charles_Moose_0001.jpg,3,2,2,1,1,0,0.603059,-1,0.603059
Charles_Pickering_0001.jpg,3,1,1,1,0,0,-1,-1,-1
Charles_Pouty_0001.jpg,3,2,1,1,0,0,-1,-1,-1
Charles_Rogers_0001.jpg,3,1,2,1,0,0,-1,-1,-1
Charles_Schumer_0001.jpg,3,2,2,1,0,0,-1,-1,-1
Charles_Tannok_0001.jpg,3,2,2,1,1,1,1.17533,0.400515,0.787921
Charles_Taylor_0001.jpg,3,1,2,1,1,1,0.530654,0.706549,0.618602
Charley_Armey_0001.jpg,4,2,1,1,1,1,0.856283,0.55832,0.707301
Charlie_Deane_0001.jpg,2,2,2,1,0,0,-1,-1,-1
Charlie_Garner_0001.jpg,3,1,2,1,0,0,-1,-1,-1
Charlie_Hunnam_0001.jpg,3,1,2,1,1,1,0.595595,0.543185,0.56939
Charlie_Sheen_0001.jpg,3,1,2,1,1,1,1.17188,2.06745,1.61966
Charlie_Williams_0001.jpg,3,2,1,1,1,1,0.543006,0.987252,0.765129
Charlize_Theron_0001.jpg,3,2,2,2,1,0,0.719642,-1,0.719642
Charlotte_Casiraghi_0001.jpg,3,2,2,2,1,1,0.637755,0.873851,0.755803
Charlotte_Chambers_0001.jpg,3,2,2,2,0,0,-1,-1,-1
Charlotte_Church_0001.jpg,3,1,2,2,0,0,-1,-1,-1
Charlotte_Rampling_0001.jpg,3,2,2,2,0,0,-1,-1,-1
Charlton_Heston_0001.jpg,3,2,1,1,1,1,0.460495,0.586266,0.523381
Charmaine_Crooks_0001.jpg,3,1,2,2,1,1,0.534813,0.976119,0.755466
Chawki_Armali_0001.jpg,2,1,2,1,1,1,1.06811,0.367538,0.717826
Cha_Yung-gu_0001.jpg,3,2,1,1,1,1,0.691684,1.15228,0.92198
Chelsea_Clinton_0001.jpg,3,1,2,2,0,0,-1,-1,-1
Chen_Kaige_0001.jpg,3,1,2,1,1,1,0.626937,0.393553,0.510245
Chen_Liang_Yu_0001.jpg,3,1,1,1,1,1,0.454573,0.455251,0.454912
Chen_Shui-bian_0001.jpg,3,2,1,1,1,1,0.745581,0.521536,0.633559
Chen_Tsai-chin_0001.jpg,3,2,1,1,1,0,1.49455,-1,1.49455
Cherie_Blair_0001.jpg,3,1,2,2,1,1,0.477622,0.507696,0.492659
Cherry_Jones_0001.jpg,3,1,2,2,0,0,-1,-1,-1
Cheryl_Tiegs_0001.jpg,3,1,2,2,1,1,0.550424,1.5296,1.04001
Chhouk_Rin_0001.jpg,3,2,2,1,1,1,0.502835,0.409758,0.456296
Chick_Hearn_0001.jpg,3,1,2,1,1,1,0.700256,0.353485,0.526871
Chin-Feng_Chen_0001.jpg,3,1,2,1,1,1,0.47678,0.825657,0.651219
Chin-Hui_Tsao_0001.jpg,3,1,2,1,1,1,0.543374,0.43561,0.489492
Chip_Ganassi_0001.jpg,3,1,2,1,1,1,0.576788,0.707107,0.641947
Chip_Knight_0001.jpg,3,1,2,1,1,1,0.523541,0.596328,0.559934
Chistian_Stahl_0001.jpg,3,1,2,1,1,1,0.914205,1.20842,1.06131
Chita_Rivera_0001.jpg,3,1,2,2,0,0,-1,-1,-1
Chloe_Sevigny_0001.jpg,2,2,2,2,1,1,1.04711,1.13537,1.09124
Choi_Sung-hong_0001.jpg,3,1,1,1,0,0,-1,-1,-1
Choi_Yun-yong_0001.jpg,3,1,2,2,0,0,-1,-1,-1
Cho_Myung-kyun_0001.jpg,3,1,1,1,0,0,-1,-1,-1
Christiane_Wulff_0001.jpg,3,1,1,2,0,0,-1,-1,-1
Christian_Bale_0001.jpg,4,1,2,1,1,1,0.663481,0.503308,0.583394
Christian_Fittipaldi_0001.jpg,3,1,2,1,1,1,0.85415,0.127748,0.490949
Christian_Lacroix_0001.jpg,3,1,2,1,0,0,-1,-1,-1
Christian_Lirette_0001.jpg,3,1,2,1,1,0,0.49688,-1,0.49688
Christian_Longo_0001.jpg,4,2,2,1,1,1,0.929825,0.5171,0.723462
Christian_Malcolm_0001.jpg,3,1,2,1,1,0,0.503825,-1,0.503825
Christian_Patino_0001.jpg,3,1,2,1,1,0,2.02355,-1,2.02355
Christian_Von_Wernich_0001.jpg,3,2,1,1,0,0,-1,-1,-1
Christian_Wulff_0001.jpg,3,1,1,1,1,1,0.683053,0.399624,0.541339
Christina_Aguilera_0001.jpg,3,1,2,2,0,0,-1,-1,-1
Christina_Sawaya_0001.jpg,3,1,2,2,1,1,0.482301,0.149094,0.315697
Christine_Arron_0001.jpg,3,2,2,2,1,0,0.599315,-1,0.599315
Christine_Baumgartner_0001.jpg,3,1,2,2,1,0,0.752268,-1,0.752268
Christine_Gregoire_0001.jpg,3,2,2,2,0,0,-1,-1,-1
Christine_Rau_0001.jpg,3,1,2,2,1,1,0.540696,1.22963,0.885165
Christine_Todd_Whitman_0001.jpg,3,2,2,2,1,1,0.600868,0.611376,0.606122
Christopher_Amolsch_0001.jpg,3,2,2,1,1,1,0.791607,2.98429,1.88795
Christopher_Matero_0001.jpg,3,1,2,1,1,1,0.641726,1.14289,0.892305
Christopher_Reeve_0001.jpg,3,1,2,1,1,1,0.528371,0.51096,0.519665
Christopher_Russell_0001.jpg,3,1,2,1,0,0,-1,-1,-1
Christopher_Speer_0001.jpg,3,2,2,1,1,1,0.63902,1.52801,1.08351
Christopher_Walken_0001.jpg,3,2,2,1,1,1,0.663502,0.296032,0.479767
Christopher_Whittle_0001.jpg,3,1,2,1,1,1,0.531832,0.785186,0.658509
Christy_Ferer_0001.jpg,2,2,2,2,0,0,-1,-1,-1
Christy_Turlington_0001.jpg,3,1,2,2,1,1,0.789505,1.23466,1.01208
Chris_Andrews_0001.jpg,3,1,2,1,1,0,0.490071,-1,0.490071
Chris_Bell_0001.jpg,2,1,2,1,1,1,0.977692,0.884763,0.931228
Chris_Byrd_0001.jpg,3,2,2,1,0,0,-1,-1,-1
Chris_Cirino_0001.jpg,3,2,2,1,1,1,0.753777,0.685829,0.719803
Chris_Claiborne_0001.jpg,3,1,2,1,0,0,-1,-1,-1
Chris_Columbus_0001.jpg,3,2,2,1,1,1,0.752789,0.447063,0.599926
Chris_Cookson_0001.jpg,3,2,1,1,1,1,0.570542,1.49218,1.03136
Chris_Cooper_0001.jpg,3,1,2,1,1,1,0.471058,0.559877,0.515467
Chris_Forsyth_0001.jpg,3,2,2,1,1,1,0.525785,0.72795,0.626867
Chris_Gratton_0001.jpg,3,2,2,1,1,1,0.627803,0.41328,0.520541
Chris_Hernandez_0001.jpg,3,2,2,1,1,1,0.65604,0.404304,0.530172
Chris_Matthews_0001.jpg,3,1,2,1,1,1,0.590132,0.342502,0.466317
Chris_Neil_0001.jpg,3,2,2,1,1,1,0.651794,0.945572,0.798683
Chris_Noth_0001.jpg,3,1,2,1,1,1,0.597841,0.616356,0.607099
Chris_Penn_0001.jpg,4,1,2,1,1,1,0.867917,0.724295,0.796106
Chris_Pronger_0001.jpg,3,1,2,1,0,0,-1,-1,-1
Chris_Reitsma_0001.jpg,3,2,2,1,1,1,2.05384,2.19342,2.12363
Chris_Rock_0001.jpg,3,1,2,1,1,0,0.654132,-1,0.654132
Chris_Simon_0001.jpg,3,2,2,1,1,1,0.674912,0.425613,0.550262
Chris_Swecker_0001.jpg,3,2,2,1,1,1,0.723082,0.788245,0.755663
Chris_Terry_0001.jpg,3,2,2,1,0,0,-1,-1,-1
Chris_Tucker_0001.jpg,3,2,1,1,1,0,0.654709,-1,0.654709
Chris_Whitney_0001.jpg,3,2,2,1,1,1,0.677253,0.417085,0.547169
Chuanyun_Li_0001.jpg,3,1,2,1,1,1,1.66583,1.68774,1.67678
Chuck_Amato_0001.jpg,2,2,2,1,1,1,1.44899,0.476596,0.962794
Chuck_Bednarik_0001.jpg,3,1,2,1,1,1,0.822413,0.393147,0.60778
Chuck_Finley_0001.jpg,3,2,2,1,1,0,0.631885,-1,0.631885
Chuck_Hagel_0001.jpg,3,1,2,1,1,1,0.665611,0.402748,0.53418
Chuck_Woolery_0001.jpg,2,1,2,1,1,1,0.872296,0.577871,0.725084
Chuck_Yeager_0001.jpg,2,1,2,1,1,1,0.852643,1.26969,1.06117
Chung_Mong-joon_0001.jpg,3,2,2,1,1,1,0.708654,0.430814,0.569734
Chyung_Dai-chul_0001.jpg,3,2,2,1,1,1,0.782708,0.903278,0.842993
Ciaran_Hinds_0001.jpg,5,2,2,1,0,0,-1,-1,-1
Cindy_Crawford_0001.jpg,3,1,2,2,0,0,-1,-1,-1
Cindy_Klassen_0001.jpg,3,1,2,2,1,1,0.656958,0.468521,0.56274
Cindy_Margolis_0001.jpg,3,1,2,2,1,1,0.656405,0.317408,0.486907
Cindy_Moll_0001.jpg,3,1,2,2,0,0,-1,-1,-1
Cindy_Taylor_0001.jpg,3,1,2,2,0,0,-1,-1,-1
Cindy_Zagorski_0001.jpg,1,1,2,2,0,0,-1,-1,-1
Claire_Danes_0001.jpg,3,1,2,2,1,1,0.66078,1.23105,0.945915
Claire_Tomalin_0001.jpg,3,2,2,2,0,0,-1,-1,-1
Clara_Harris_0001.jpg,2,2,2,2,1,1,0.876845,1.30222,1.08953
Clare_Latimer_0001.jpg,3,2,2,2,1,1,0.544142,0.484584,0.514363
Clare_Short_0001.jpg,3,2,2,2,1,1,0.879577,0.540205,0.709891
Claude_Jorda_0001.jpg,3,2,1,1,0,0,-1,-1,-1
Claudia_Coslovich_0001.jpg,3,2,2,1,1,1,1.25498,2.04382,1.6494
Claudia_Schiffer_0001.jpg,3,1,2,2,1,0,1.06538,-1,1.06538
Claudine_Farrell_0001.jpg,3,1,2,2,0,0,-1,-1,-1
Claudio_Ranieri_0001.jpg,2,2,2,1,1,1,1.72185,0.344641,1.03324
Clay_Aiken_0001.jpg,3,1,2,1,1,1,0.430552,1.07121,0.750878
Clemente_de_la_Vega_0001.jpg,4,2,1,1,1,1,0.692998,0.801984,0.747491
Clifford_Etienne_0001.jpg,3,2,2,1,0,0,-1,-1,-1
Clifford_Robinson_0001.jpg,3,1,2,1,1,1,0.627195,1.26054,0.943865
Cliff_Ellis_0001.jpg,3,2,1,1,1,1,0.714241,0.675526,0.694884
Clint_Eastwood_0001.jpg,3,1,2,1,1,1,0.544886,0.74347,0.644178
Clint_Lamebear_0001.jpg,3,2,2,1,1,1,0.747867,0.705542,0.726705
Coco_dEste_0001.jpg,5,1,2,2,0,0,-1,-1,-1
Cole_Chapman_0001.jpg,3,1,2,1,1,1,0.606676,0.463767,0.535222
Colin_Campbell_0001.jpg,3,2,2,1,1,1,0.606848,0.53507,0.570959
Colin_Cowie_0001.jpg,3,1,2,1,0,0,-1,-1,-1
Colin_Farrell_0001.jpg,3,2,2,1,1,0,0.643536,-1,0.643536
Colin_Montgomerie_0001.jpg,3,1,2,1,1,1,0.7616,1.80151,1.28155
Colin_Phillips_0001.jpg,3,2,2,1,1,1,0.843642,0.302798,0.57322
Colin_Powell_0001.jpg,4,2,1,1,1,1,0.636088,1.05553,0.845811
Colleen_Donovan_0001.jpg,3,1,2,2,1,1,0.565821,0.474183,0.520002
Colleen_Jones_0001.jpg,3,2,2,2,1,1,0.578831,0.822026,0.700429
Colleen_OClair_0001.jpg,4,2,2,2,0,0,-1,-1,-1
Colleen_Ryan_0001.jpg,2,2,1,2,1,1,1.29642,0.283264,0.789842
Collis_Temple_III_0001.jpg,3,2,2,1,1,1,0.82707,1.69827,1.26267
Columba_Bush_0001.jpg,3,2,1,2,1,1,0.706415,1.56693,1.13667
Compay_Segundo_0001.jpg,3,1,2,1,1,1,0.870545,0.538293,0.704419
Conan_OBrien_0001.jpg,3,1,2,1,1,1,0.524517,0.64817,0.586343
Condoleezza_Rice_0001.jpg,3,1,2,2,1,1,0.457286,0.814753,0.636019
Connie_Chung_0001.jpg,2,1,2,2,1,1,0.832402,0.720534,0.776468
Constance_Marie_0001.jpg,3,1,2,2,0,0,-1,-1,-1
Cora_Cambell_0001.jpg,3,2,2,2,0,0,-1,-1,-1
Coretta_Scott_King_0001.jpg,3,2,2,2,1,1,0.565368,1.82792,1.19664
Corey_Maggette_0001.jpg,3,2,2,1,1,1,1.44323,1.76671,1.60497
Corinne_Coman_0001.jpg,3,1,2,2,1,0,0.775981,-1,0.775981
Corliss_Williamson_0001.jpg,3,2,2,1,1,1,0.698783,1.53966,1.11922
Costas_Simitis_0001.jpg,3,2,1,1,1,1,0.670621,0.499376,0.584999
Courtney_Cox_0001.jpg,3,1,2,2,0,0,-1,-1,-1
Courtney_Love_0001.jpg,3,1,2,2,1,1,0.92388,2.3177,1.62079
Craig_Burley_0001.jpg,3,1,2,1,0,0,-1,-1,-1
Craig_MacTavish_0001.jpg,3,2,2,1,0,0,-1,-1,-1
Craig_Morgan_0001.jpg,3,1,2,1,0,0,-1,-1,-1
Craig_OClair_0001.jpg,4,2,2,1,1,1,1.05655,0.837181,0.946863
Craig_Wilson_0001.jpg,3,2,2,1,0,0,-1,-1,-1
Crandall_Bowles_0001.jpg,3,2,2,2,1,1,1.42208,0.333333,0.877705
Crispin_Glover_0001.jpg,3,1,2,1,1,1,0.672688,0.393166,0.532927
Cristiano_da_Matta_0001.jpg,3,2,2,1,0,0,-1,-1,-1
Cristina_Fernandez_0001.jpg,4,1,2,2,1,1,0.535719,0.369022,0.452371
Cristina_Kirchner_0001.jpg,3,1,2,2,0,0,-1,-1,-1
Cristina_Saralegui_0001.jpg,4,1,2,2,1,1,0.956118,2.09339,1.52476
Cristina_Torrens_Valero_0001.jpg,3,2,2,2,1,1,0.784831,1.60838,1.19661
Cruz_Bustamante_0001.jpg,3,1,2,1,1,1,0.54388,0.700286,0.622083
Curtis_Joseph_0001.jpg,3,1,2,1,1,1,0.665787,0.52746,0.596623
Curtis_Rodriguez_0001.jpg,3,1,2,1,1,1,0.622521,0.572413,0.597467
Curtis_Strange_0001.jpg,3,2,2,1,1,1,1.13799,1.6873,1.41264
Cynthia_Nixon_0001.jpg,2,1,2,2,1,1,1.72761,1.99711,1.86236
Cynthia_Rowley_0001.jpg,3,1,2,2,1,0,0.631617,-1,0.631617
Dagmar_Dunlevy_0001.jpg,3,1,2,2,1,1,1.50062,1.79465,1.64764
Daisy_Fuentes_0001.jpg,3,1,2,2,0,0,-1,-1,-1
Dai_Bachtiar_0001.jpg,3,2,2,1,1,1,0.664589,0.437016,0.550803
Dai_Chul_Chyung_0001.jpg,3,1,2,1,1,1,0.586378,0.901696,0.744037
Dalai_Lama_0001.jpg,2,1,1,1,1,1,1.78761,0.61017,1.19889
Dale_Bosworth_0001.jpg,3,2,2,1,0,0,-1,-1,-1
Dale_Earnhardt_Jr_0001.jpg,3,1,2,1,1,1,0.667468,0.336476,0.501972
Dalia_Rabin-Pelosoff_0001.jpg,3,2,2,2,0,0,-1,-1,-1
Damon_van_Dam_0001.jpg,3,2,2,1,0,0,-1,-1,-1
DAngelo_Jimenez_0001.jpg,3,2,2,1,0,0,-1,-1,-1
Daniela_Cicarelli_0001.jpg,2,1,2,2,0,0,-1,-1,-1
Daniele_Bergamin_0001.jpg,2,2,2,1,1,1,1.36129,1.67141,1.51635
Daniele_Hypolito_0001.jpg,3,1,2,2,1,0,0.784404,-1,0.784404
Daniele_Nardello_0001.jpg,3,1,2,1,0,0,-1,-1,-1
Danielle_Spencer_0001.jpg,4,1,2,2,1,1,0.761925,0.59051,0.676218
Daniell_Sunjata_0001.jpg,3,1,2,1,1,1,0.767411,0.316742,0.542076
Daniel_Bruehl_0001.jpg,3,1,2,1,1,1,0.689878,1.40556,1.04772
Daniel_Chin_0001.jpg,3,1,1,1,1,1,0.754314,2.06214,1.40822
Daniel_Coats_0001.jpg,3,2,2,1,1,1,0.797888,0.748539,0.773214
Daniel_Comisso_Urdaneta_0001.jpg,4,2,2,1,1,1,1.02074,1.72446,1.3726
Daniel_Kurtzer_0001.jpg,3,2,1,1,0,0,-1,-1,-1
Daniel_Montenegro_0001.jpg,3,1,2,1,1,0,0.520206,-1,0.520206
Daniel_Montgomery_0001.jpg,3,2,2,1,0,0,-1,-1,-1
Daniel_Ortega_0001.jpg,3,1,2,1,1,1,0.414769,1.17046,0.792613
Daniel_Osorno_0001.jpg,3,1,2,1,0,0,-1,-1,-1
Daniel_Patrick_Moynihan_0001.jpg,3,1,1,1,0,0,-1,-1,-1
Daniel_Pearl_0001.jpg,3,1,1,1,1,1,0.527785,0.578682,0.553233
Daniel_Radcliffe_0001.jpg,2,1,2,1,0,0,-1,-1,-1
Daniel_Zelman_0001.jpg,3,1,2,1,1,1,0.749505,0.852581,0.801043
Danis_Tanovic_0001.jpg,3,1,2,1,0,0,-1,-1,-1
Danny_Avalon_0001.jpg,3,1,1,1,0,0,-1,-1,-1
Danny_Elfman_0001.jpg,3,1,1,1,0,0,-1,-1,-1
Danny_Green_0001.jpg,3,2,2,1,1,1,1.37521,2.00647,1.69084
Danny_Morgan_0001.jpg,3,1,2,1,1,1,0.71587,0.400454,0.558162
Dan_Ackroyd_0001.jpg,4,1,1,1,1,0,0.768172,-1,0.768172
Dan_Bartlett_0001.jpg,4,1,2,1,0,0,-1,-1,-1
Dan_Boyle_0001.jpg,4,2,2,1,1,1,0.70663,0.724038,0.715334
Dan_Bylsma_0001.jpg,3,2,2,1,1,1,0.752218,0.340198,0.546208
Dan_Guerrero_0001.jpg,3,2,2,1,1,1,0.727508,0.484973,0.606241
Dan_Kellner_0001.jpg,3,1,2,1,1,1,0.527011,0.401795,0.464403
Dan_LaCoutre_0001.jpg,3,2,2,1,1,1,0.427815,0.572291,0.500053
Dan_Morales_0001.jpg,3,1,1,1,1,1,0.601938,0.477909,0.539924
Dan_Prinster_0001.jpg,3,2,2,1,1,1,0.800287,0.730551,0.765419
Dan_Quayle_0001.jpg,3,2,2,1,1,1,0.664631,0.640431,0.652531
Dan_Reeves_0001.jpg,3,2,1,1,1,0,0.709989,-1,0.709989
Dan_Snyder_0001.jpg,3,1,1,1,0,0,-1,-1,-1
Darcy_Regier_0001.jpg,4,2,2,1,1,1,1.03457,2.58416,1.80937
Dario_Camuffo_0001.jpg,3,1,1,1,0,0,-1,-1,-1
Dario_Franchitti_0001.jpg,3,1,2,1,0,0,-1,-1,-1
Dariusz_Michalczewski_0001.jpg,3,2,2,1,1,1,0.433284,0.796006,0.614645
Darla_Moore_0001.jpg,3,2,2,2,1,1,0.89146,1.36899,1.13023
Darlene_Garrettson_0001.jpg,3,1,2,2,1,1,0.635519,0.467833,0.551676
Darrell_Dickey_0001.jpg,3,1,2,1,1,1,0.549487,0.526228,0.537858
Darrell_Porter_0001.jpg,3,1,1,1,1,1,0.501364,1.17522,0.838293
Darrell_Royal_0001.jpg,3,1,2,1,1,1,0.604897,0.781966,0.693432
Darren_Clarke_0001.jpg,3,2,2,1,1,1,0.627174,0.975291,0.801233
Darryl_McDaniels_0001.jpg,2,1,2,1,1,0,1.79984,-1,1.79984
Darryl_Stingley_0001.jpg,3,2,2,1,1,0,1.47993,-1,1.47993
Darvis_Patton_0001.jpg,3,1,2,1,0,0,-1,-1,-1
Daryl_Hannah_0001.jpg,4,1,2,2,1,1,0.631018,0.225151,0.428084
Daryl_Jones_0001.jpg,3,2,2,1,1,1,1.06504,0.567646,0.816342
Daryl_Parks_0001.jpg,3,2,2,1,1,0,0.770349,-1,0.770349
Davey_Johnson_0001.jpg,3,1,2,1,1,1,0.675141,0.856238,0.76569
Dave_Barr_0001.jpg,3,2,2,1,0,0,-1,-1,-1
Dave_Campo_0001.jpg,3,1,2,1,0,0,-1,-1,-1
Dave_Johnson_0001.jpg,2,1,2,1,0,0,-1,-1,-1
Dave_Lewis_0001.jpg,3,2,2,1,1,1,0.895341,0.437354,0.666348
Dave_McGinnis_0001.jpg,3,2,2,1,1,1,0.437619,1.54541,0.991515
Dave_McNally_0001.jpg,3,1,2,1,1,0,0.678771,-1,0.678771
Dave_Odom_0001.jpg,3,2,1,1,1,1,0.659858,1.47687,1.06836
Dave_Potter_0001.jpg,3,1,2,1,0,0,-1,-1,-1
Dave_Ragone_0001.jpg,3,1,2,1,1,1,1.39658,2.04066,1.71862
Dave_Tucker_0001.jpg,3,2,2,1,1,1,0.600501,0.405492,0.502997
Dave_Wannstedt_0001.jpg,3,1,2,1,1,1,0.991601,0.520008,0.755804
Dave_Williams_0001.jpg,3,1,2,1,1,1,0.67853,1.15206,0.915294
David_Alpay_0001.jpg,3,1,2,1,0,0,-1,-1,-1
David_Arquette_0001.jpg,3,1,2,1,1,1,0.746752,0.318987,0.532869
David_Ballantyne_0001.jpg,2,2,2,1,1,1,0.807326,0.254338,0.530832
David_Beckham_0001.jpg,3,1,2,1,1,1,0.669695,1.07013,0.86991
David_Bisbal_0001.jpg,3,1,2,1,0,0,-1,-1,-1
David_Blaine_0001.jpg,3,2,2,1,0,0,-1,-1,-1
David_Bowie_0001.jpg,3,2,2,1,1,0,0.670643,-1,0.670643
David_Braley_0001.jpg,3,1,2,1,1,1,0.508381,0.566765,0.537573
David_Brent_0001.jpg,3,2,2,1,1,1,0.92445,1.25252,1.08848
David_Brown_0001.jpg,3,2,2,1,1,1,0.509112,0.906203,0.707657
David_Caraway_0001.jpg,4,2,2,1,0,0,-1,-1,-1
David_Carradine_0001.jpg,3,2,2,1,0,0,-1,-1,-1
David_Caruso_0001.jpg,3,2,2,2,1,1,0.883294,1.03733,0.96031
David_Chase_0001.jpg,2,2,2,1,1,1,2.5049,0.360789,1.43284
David_Collenette_0001.jpg,2,2,1,1,0,0,-1,-1,-1
David_Coulthard_0001.jpg,3,2,2,1,1,1,0.69368,1.04009,0.866887
David_Dewhurst_0001.jpg,3,2,2,1,1,1,0.631772,0.414964,0.523368
David_Dodge_0001.jpg,3,2,1,1,1,1,0.576944,1.26498,0.920964
David_Donohue_0001.jpg,4,2,1,1,1,1,0.634982,0.579253,0.607117
David_Dorfman_0001.jpg,3,1,2,1,1,0,1.35887,-1,1.35887
David_Duval_0001.jpg,3,1,2,1,1,0,0.800903,-1,0.800903
David_Eldon_0001.jpg,3,2,1,1,1,1,0.910548,0.833803,0.872176
David_Gest_0001.jpg,3,1,1,1,0,0,-1,-1,-1
David_Glenn_0001.jpg,3,1,1,1,0,0,-1,-1,-1
David_Hannay_0001.jpg,3,2,2,1,1,1,0.734258,0.210453,0.472356
David_Hanson_0001.jpg,3,1,2,1,1,0,0.784922,-1,0.784922
David_Hasselhoff_0001.jpg,3,1,2,1,1,1,0.699214,0.679335,0.689275
David_Heymann_0001.jpg,3,2,2,1,0,0,-1,-1,-1
David_Hilt_0001.jpg,3,1,2,1,0,0,-1,-1,-1
David_Ho_0001.jpg,3,1,1,1,1,1,0.79042,0.758072,0.774246
David_Howard_0001.jpg,2,2,1,1,1,1,1.25971,1.35953,1.30962
David_Leahy_0001.jpg,4,2,1,1,1,1,0.914538,1.17877,1.04666
David_McCullough_0001.jpg,2,2,2,1,1,1,1.61819,1.42354,1.52086
David_Millar_0001.jpg,3,1,2,1,1,1,0.697344,1.03963,0.868486
David_Modell_0001.jpg,3,1,1,1,0,0,-1,-1,-1
David_Montoya_0001.jpg,3,1,2,1,1,1,0.607123,0.385741,0.496432
David_Provost_0001.jpg,4,1,2,1,0,0,-1,-1,-1
David_Przybyszewski_0001.jpg,3,2,2,1,0,0,-1,-1,-1
David_Rivkin_Jr_0001.jpg,3,2,1,1,1,1,1.25034,0.367974,0.809158
David_Shayler_0001.jpg,3,1,2,1,1,0,0.44006,-1,0.44006
David_Sibleyk_0001.jpg,3,2,2,1,0,0,-1,-1,-1
David_Sousa_0001.jpg,3,1,2,1,1,0,0.515013,-1,0.515013
David_Spade_0001.jpg,3,1,2,1,1,1,1.04161,0.832901,0.937254
David_Stern_0001.jpg,4,1,1,1,1,1,0.91874,0.87708,0.89791
David_Suazo_0001.jpg,2,1,2,1,1,1,2.2342,1.81853,2.02637
David_Surrett_0001.jpg,3,2,1,1,1,0,0.614511,-1,0.614511
David_Trimble_0001.jpg,3,2,1,1,1,1,0.521698,0.556268,0.538983
David_Wolf_0001.jpg,4,2,2,1,1,1,1.06455,1.92046,1.49251
David_Zeplowitz_0001.jpg,3,1,2,1,1,1,0.731825,0.520904,0.626365
Davis_Love_III_0001.jpg,3,2,2,1,1,1,0.679748,1.24959,0.964668
Dean_Barker_0001.jpg,3,2,2,1,1,1,0.918435,0.763929,0.841182
Dean_Jacek_0001.jpg,3,2,2,1,1,1,0.737868,0.542789,0.640328
Dean_Sheremet_0001.jpg,2,1,2,1,1,1,0.91916,1.1981,1.05863
Debbie_Reynolds_0001.jpg,3,1,2,2,1,1,0.540284,1.36561,0.952946
Debra_Brown_0001.jpg,4,1,2,2,0,0,-1,-1,-1
Debra_Messing_0001.jpg,3,1,2,2,1,1,1.44405,0.449311,0.946682
Debra_Rose_0001.jpg,3,2,2,2,1,1,0.428459,0.503578,0.466019
Debra_Shank_0001.jpg,4,2,2,2,0,0,-1,-1,-1
Debra_Yang_0001.jpg,3,2,2,2,1,1,0.675091,0.613949,0.64452
Deena_Burnett_0001.jpg,3,2,2,1,1,1,0.790716,0.465451,0.628083
Deepa_Mehta_0001.jpg,4,1,2,2,0,0,-1,-1,-1
Della_Clara_0001.jpg,3,1,2,2,0,0,-1,-1,-1
Delphine_Chuillot_0001.jpg,2,1,2,2,1,1,2.06417,3.13736,2.60076
Demetrin_Veal_0001.jpg,3,2,2,1,1,1,0.511687,0.589344,0.550516
Demetrius_Ferraciu_0001.jpg,3,2,2,1,1,0,0.583951,-1,0.583951
Demi_Moore_0001.jpg,3,1,2,2,0,0,-1,-1,-1
Denise_Johnson_0001.jpg,3,2,2,1,0,0,-1,-1,-1
Denis_Coderre_0001.jpg,3,2,1,1,0,0,-1,-1,-1
Denis_Fassou-Nguesso_0001.jpg,3,1,2,1,0,0,-1,-1,-1
Deniz_Baykal_0001.jpg,2,2,1,1,1,1,1.15814,0.266884,0.712512
Dennis_Hastert_0001.jpg,3,1,1,1,1,1,0.729481,0.829535,0.779508
Dennis_Johnson_0001.jpg,3,2,2,1,1,0,0.771643,-1,0.771643
Dennis_Kozlowski_0001.jpg,3,2,2,1,1,1,0.906068,0.650651,0.778359
Dennis_Miller_0001.jpg,3,1,2,1,0,0,-1,-1,-1
Dennis_Oswald_0001.jpg,3,2,2,1,1,1,0.535907,0.744378,0.640142
Denzel_Washington_0001.jpg,3,1,2,1,1,1,0.476683,0.373394,0.425038
Dereck_Whittenburg_0001.jpg,3,2,2,1,0,0,-1,-1,-1
Derek_King_0001.jpg,3,2,2,1,1,0,0.880721,-1,0.880721
Derian_Hatcher_0001.jpg,3,1,2,1,1,1,0.620007,1.28545,0.952726
Derrick_Battie_0001.jpg,3,2,2,1,0,0,-1,-1,-1
Derrick_Rodgers_0001.jpg,3,2,1,1,1,0,0.806557,-1,0.806557
Desiree_Lemosi_0001.jpg,3,2,2,2,1,0,0.813745,-1,0.813745
Desiree_McKenzie_0001.jpg,3,1,2,2,1,0,0.587767,-1,0.587767
Desmon_Farmer_0001.jpg,3,2,2,1,1,0,0.431197,-1,0.431197
Des_Brown_0001.jpg,3,1,1,1,1,1,1.91154,2.37555,2.14355
Devin_Harris_0001.jpg,4,1,2,1,1,0,0.789149,-1,0.789149
Dewayne_White_0001.jpg,3,1,2,1,1,1,0.575858,0.424822,0.50034
Dexter_Jackson_0001.jpg,3,1,2,1,0,0,-1,-1,-1
Diana_Krall_0001.jpg,3,1,2,2,1,1,0.779386,1.30799,1.04369
Diana_Munz_0001.jpg,3,1,2,2,1,0,0.691746,-1,0.691746
Diana_Renee_Valdivieso_Dubon_0001.jpg,3,1,2,2,1,1,0.44433,0.731016,0.587673
Diana_Ross_0001.jpg,3,2,2,2,0,0,-1,-1,-1
Diana_Silvius_0001.jpg,3,1,1,2,1,1,0.797003,0.529478,0.66324
Diana_Taurasi_0001.jpg,3,1,2,2,0,0,-1,-1,-1
Diana_Taylor_0001.jpg,3,1,2,2,1,1,0.520609,0.464819,0.492714
Diane_Green_0001.jpg,2,2,1,2,1,1,1.69647,1.4411,1.56879
Diane_Ladd_0001.jpg,3,2,2,2,0,0,-1,-1,-1
Diane_Lane_0001.jpg,3,1,2,2,0,0,-1,-1,-1
Dianne_Feinstein_0001.jpg,3,2,2,2,0,0,-1,-1,-1
Dianne_Reeves_0001.jpg,3,1,1,2,0,0,-1,-1,-1
Dick_Cheney_0001.jpg,3,2,1,1,0,0,-1,-1,-1
Dick_Clark_0001.jpg,3,1,2,1,1,1,0.668284,0.516824,0.592554
Dick_Jauron_0001.jpg,3,2,2,1,0,0,-1,-1,-1
Dick_Latessa_0001.jpg,3,2,2,1,1,1,0.895318,0.467647,0.681483
Dick_Posthumus_0001.jpg,3,1,2,1,1,1,0.568695,0.302517,0.435606
Dick_Smothers_0001.jpg,3,1,2,1,1,1,0.672404,0.412988,0.542696
Diego_Armando_Maradona_0001.jpg,3,1,2,1,0,0,-1,-1,-1
Diego_Colorado_0001.jpg,3,2,2,1,1,0,0.630153,-1,0.630153
Diego_Diego_Lerman_0001.jpg,3,1,2,1,1,1,0.791698,0.305084,0.548391
Dieter_Holzer_0001.jpg,3,2,1,1,1,1,0.690057,1.09499,0.892523
Dieter_Zetsche_0001.jpg,3,2,1,1,0,0,-1,-1,-1
Dimitar_Berbatov_0001.jpg,4,2,2,1,1,1,0.694144,1.07708,0.885614
Dimitri_Perricos_0001.jpg,3,2,1,1,1,1,0.749778,0.430651,0.590214
Dinah_Turner_0001.jpg,4,1,2,2,0,0,-1,-1,-1
Dino_de_Laurentis_0001.jpg,3,2,2,1,1,0,0.586958,-1,0.586958
Din_Samsudin_0001.jpg,2,1,2,1,0,0,-1,-1,-1
Dionigi_Tettamanzi_0001.jpg,3,1,2,1,0,0,-1,-1,-1
Dionne_Warwick_0001.jpg,3,1,1,2,1,1,0.650993,0.72336,0.687177
Dion_Glover_0001.jpg,3,1,2,1,1,0,0.398852,-1,0.398852
Dita_Von_Tesse_0001.jpg,3,1,2,2,1,1,0.627567,1.68442,1.15599
Djabir_Said-Guerni_0001.jpg,3,2,2,1,0,0,-1,-1,-1
Doc_Rivers_0001.jpg,3,2,2,1,1,1,0.456122,0.936547,0.696334
Dolly_Parton_0001.jpg,3,1,2,2,1,1,0.864588,1.25639,1.06049
Dominick_Dunne_0001.jpg,3,2,2,1,0,0,-1,-1,-1
Dominic_Monaghan_0001.jpg,3,2,2,1,1,1,0.672251,0.440838,0.556544
Dominique_de_Villepin_0001.jpg,3,1,2,1,1,1,2.01278,0.553225,1.283
Donald_Carty_0001.jpg,3,2,2,1,1,1,0.811408,1.28205,1.04673
Donald_Fehr_0001.jpg,3,2,2,1,1,1,0.89458,0.557429,0.726004
Donald_Hays_0001.jpg,3,2,1,1,0,0,-1,-1,-1
Donald_Keck_0001.jpg,3,1,1,1,1,1,0.606799,0.902134,0.754466
Donald_Keyser_0001.jpg,4,2,2,1,1,1,0.974288,0.617544,0.795916
Donald_Pettit_0001.jpg,3,1,1,1,0,0,-1,-1,-1
Donald_Regan_0001.jpg,3,2,2,1,1,0,0.493335,-1,0.493335
Donald_Rumsfeld_0001.jpg,3,1,1,1,1,1,0.600854,0.854811,0.727833
Donald_Trump_0001.jpg,3,2,2,1,1,1,0.871887,0.744213,0.80805
Donatella_Versace_0001.jpg,3,1,2,2,0,0,-1,-1,-1
Donna_Barrera_0001.jpg,3,2,1,2,0,0,-1,-1,-1
Donna_Brazile_0001.jpg,3,1,2,2,1,1,0.770316,0.890655,0.830486
Donna_Morrissey_0001.jpg,3,2,2,2,1,0,0.587694,-1,0.587694
Donna_Shalala_0001.jpg,2,1,2,2,0,0,-1,-1,-1
Donna_Walker_0001.jpg,3,2,1,2,1,1,0.729405,0.473392,0.601398
Donny_Osmond_0001.jpg,3,1,2,1,1,1,0.554924,0.502396,0.52866
Don_Boudria_0001.jpg,4,2,2,1,1,1,2.78731,0.285179,1.53625
Don_Flanagan_0001.jpg,3,1,2,1,1,1,0.646386,1.20668,0.926533
Don_Henley_0001.jpg,4,2,1,1,0,0,-1,-1,-1
Don_Hewitt_0001.jpg,3,1,2,1,1,1,0.455194,0.867379,0.661286
Don_King_0001.jpg,4,1,1,1,1,1,1.04992,1.18253,1.11623
Don_Lake_0001.jpg,3,1,2,1,0,0,-1,-1,-1
Don_Matthews_0001.jpg,3,2,2,1,1,1,1.10251,0.69972,0.901114
Don_Nickles_0001.jpg,3,2,2,1,0,0,-1,-1,-1
Don_Siegelman_0001.jpg,3,2,1,1,1,1,0.74043,0.486003,0.613216
Dora_Bakoyianni_0001.jpg,3,1,2,2,0,0,-1,-1,-1
Doris_Schroeder_0001.jpg,4,1,2,2,1,1,0.478218,0.319239,0.398729
Dorothy_Lamour_0001.jpg,2,1,2,2,0,0,-1,-1,-1
Dorothy_Loudon_0001.jpg,3,1,2,2,1,0,1.61198,-1,1.61198
Dorothy_Wilson_0001.jpg,2,1,1,2,1,0,1.05244,-1,1.05244
Dorthy_Moxley_0001.jpg,3,1,1,2,1,1,0.582128,1.28862,0.935372
Dot_Helms_0001.jpg,3,2,2,2,1,1,0.726065,0.127071,0.426568
Douglas_Faneuil_0001.jpg,3,1,2,1,1,1,0.632929,0.440548,0.536739
Douglas_Gansler_0001.jpg,3,2,2,1,1,1,0.514222,0.433861,0.474042
Doug_Christie_0001.jpg,4,1,2,1,0,0,-1,-1,-1
Doug_Collins_0001.jpg,4,2,2,1,0,0,-1,-1,-1
Doug_Duncan_0001.jpg,3,2,2,1,1,1,0.574588,0.393823,0.484205
Doug_Melvin_0001.jpg,3,2,2,1,0,0,-1,-1,-1
Doug_Moe_0001.jpg,4,1,2,1,1,1,0.761083,0.835566,0.798325
Doug_Racine_0001.jpg,2,2,2,1,0,0,-1,-1,-1
Dragan_Covic_0001.jpg,3,2,2,1,1,1,1.13224,1.37374,1.25299
Drew_Barrymore_0001.jpg,5,1,2,2,1,1,1.06217,1.55334,1.30776
Drew_Bledsoe_0001.jpg,3,1,2,1,1,1,0.624477,0.56066,0.592569
Duane_Barber_0001.jpg,3,1,2,1,1,1,1.84085,0.505514,1.17318
Dule_Hill_0001.jpg,3,1,2,1,1,1,0.608809,0.383293,0.496051
Duncan_Fletcher_0001.jpg,3,2,2,1,1,1,0.927272,1.55266,1.23997
Dunn_Lampton_0001.jpg,4,2,2,1,1,1,0.973171,0.371391,0.672281
Dustan_Mohr_0001.jpg,3,2,2,1,0,0,-1,-1,-1
Dustin_Brown_0001.jpg,3,1,2,1,1,1,0.631933,1.02949,0.830711
Du_Qinglin_0001.jpg,2,2,1,1,1,1,1.132,1.07445,1.10322
Dwain_Kyles_0001.jpg,3,2,2,1,1,1,0.450377,0.56477,0.507574
Dwayne_Wade_0001.jpg,3,1,2,1,1,1,0.537883,0.797987,0.667935
Dyab_Abou_Jahjah_0001.jpg,4,2,2,1,0,0,-1,-1,-1
Dyana_Calub_0001.jpg,3,1,2,2,1,0,0.564261,-1,0.564261
Earl_Campbell_0001.jpg,3,2,2,1,0,0,-1,-1,-1
Earl_Counter_0001.jpg,4,2,2,1,0,0,-1,-1,-1
Earl_Fritts_0001.jpg,3,2,2,1,1,1,0.481314,0.425802,0.453558
Earl_Scruggs_0001.jpg,3,1,2,1,1,1,0.532407,0.748649,0.640528
Eddie_Compass_0001.jpg,3,2,2,1,0,0,-1,-1,-1
Eddie_Jordan_0001.jpg,3,1,2,1,0,0,-1,-1,-1
Eddie_Lewis_0001.jpg,3,2,2,1,0,0,-1,-1,-1
Eddie_Lucio_0001.jpg,3,2,2,1,1,1,1.92477,3.02761,2.47619
Eddie_Murray_0001.jpg,3,1,2,1,0,0,-1,-1,-1
Eddie_Sutton_0001.jpg,4,1,2,1,1,1,0.776838,1.34426,1.06055
Eddy_Hartenstein_0001.jpg,2,2,1,1,1,1,1.20286,0.132164,0.667512
Eddy_Merckx_0001.jpg,3,1,2,1,1,1,1.67492,0.930054,1.30249
Edgar_Savisaar_0001.jpg,3,2,1,1,1,1,0.747238,0.407749,0.577493
Edie_Falco_0001.jpg,4,1,2,2,1,0,0.79555,-1,0.79555
Edina_Batar_0001.jpg,3,2,2,2,0,0,-1,-1,-1
Edith_Masai_0001.jpg,3,1,2,2,0,0,-1,-1,-1
Edouard_Michelin_0001.jpg,3,2,2,1,1,1,0.769756,0.25351,0.511633
Eduardo_Chillida_0001.jpg,4,2,2,1,1,1,0.381023,0.349903,0.365463
Eduardo_Duhalde_0001.jpg,3,2,2,1,1,1,0.785083,2.39274,1.58891
Eduardo_Fischer_0001.jpg,3,1,2,1,1,1,0.53619,0.464379,0.500285
Eduardo_Romero_0001.jpg,3,2,2,1,1,1,0.523989,1.00244,0.763213
Eduard_Limonov_0001.jpg,3,1,1,1,0,0,-1,-1,-1
Eduard_Shevardnadze_0001.jpg,3,2,2,1,1,1,0.868696,0.343275,0.605986
Edward_Albee_0001.jpg,4,2,2,1,1,0,0.592935,-1,0.592935
Edward_Burns_0001.jpg,3,1,2,1,1,1,0.779393,0.591169,0.685281
Edward_Egan_0001.jpg,2,2,2,1,0,0,-1,-1,-1
Edward_Flynn_0001.jpg,4,2,2,1,1,1,0.574665,0.495614,0.53514
Edward_Greenspan_0001.jpg,3,2,2,1,1,1,0.932046,0.13759,0.534818
Edward_James_Olmos_0001.jpg,2,1,2,1,0,0,-1,-1,-1
Edward_Johnson_0001.jpg,3,2,1,1,1,1,0.632108,0.839266,0.735687
Edward_Kennedy_0001.jpg,4,2,2,1,0,0,-1,-1,-1
Edward_Lohn_0001.jpg,3,2,2,1,0,0,-1,-1,-1
Edward_Norton_0001.jpg,2,1,2,1,1,1,1.9811,1.52822,1.75466
Edward_Said_0001.jpg,3,2,2,1,0,0,-1,-1,-1
Edward_Seaga_0001.jpg,3,2,2,1,0,0,-1,-1,-1
Edwina_Currie_0001.jpg,3,2,2,2,1,1,0.67218,0.917939,0.79506
Edwin_Edwards_0001.jpg,2,2,2,1,1,1,0.749682,0.518792,0.634237
Ed_Case_0001.jpg,3,1,2,1,1,1,0.42716,0.563297,0.495228
Ed_Rosenthal_0001.jpg,3,1,2,1,1,1,0.830828,0.712985,0.771906
Ed_Smart_0001.jpg,3,1,2,1,0,0,-1,-1,-1
Ed_Sullivan_0001.jpg,3,2,2,1,1,0,0.610981,-1,0.610981
Ed_Wade_0001.jpg,3,1,1,1,1,1,0.816687,1.26875,1.04272
Efrain_Rios_Montt_0001.jpg,3,2,1,1,1,1,0.751126,0.344024,0.547575
Eglis_Yaima_Cruz_0001.jpg,3,1,2,1,1,1,0.705976,0.875687,0.790832
Eileen_Coparropa_0001.jpg,3,1,2,2,1,1,0.43109,0.707465,0.569278
Eileen_Spina_0001.jpg,2,2,2,2,1,1,1.26039,1.11447,1.18743
Einars_Repse_0001.jpg,3,1,2,1,1,1,0.819751,0.509339,0.664545
Ekaterina_Dmitriev_0001.jpg,3,1,2,2,1,1,0.573865,0.6027,0.588283
Ekke_Hard_Forberg_0001.jpg,3,2,2,1,1,1,0.556265,0.674246,0.615256
Eladio_Larez_0001.jpg,3,2,2,1,1,1,0.72257,0.365059,0.543815
Elaine_Chao_0001.jpg,3,2,2,2,1,1,0.318867,0.698091,0.508479
Elena_Dementieva_0001.jpg,3,2,2,2,1,1,0.8737,1.63371,1.25371
Elena_de_Chavez_0001.jpg,4,1,1,2,0,0,-1,-1,-1
Elena_Tihomirova_0001.jpg,3,1,2,2,0,0,-1,-1,-1
Elgin_Baylor_0001.jpg,3,2,2,1,0,0,-1,-1,-1
Eliane_Karp_0001.jpg,3,1,2,2,0,0,-1,-1,-1
Elias_Attallah_0001.jpg,3,2,1,1,1,0,0.625161,-1,0.625161
Elijah_Wood_0001.jpg,3,1,2,1,1,1,0.611846,0.338225,0.475035
Elijan_Ingram_0001.jpg,3,2,2,1,0,0,-1,-1,-1
Elin_Nordegren_0001.jpg,3,2,1,2,0,0,-1,-1,-1
Eliott_Spitzer_0001.jpg,2,2,2,1,0,0,-1,-1,-1
Elisabeth_Schumacher_0001.jpg,3,1,2,2,0,0,-1,-1,-1
Elisabeth_Welch_0001.jpg,3,1,2,2,1,0,0.620519,-1,0.620519
Elisha_Cuthbert_0001.jpg,3,1,2,2,0,0,-1,-1,-1
Elizabeth_Berkeley_0001.jpg,3,1,2,2,1,0,0.832116,-1,0.832116
Elizabeth_Dole_0001.jpg,4,1,2,2,1,1,0.608913,0.792319,0.700616
Elizabeth_Hill_0001.jpg,3,2,2,2,0,0,-1,-1,-1
Elizabeth_Pena_0001.jpg,3,1,2,2,1,1,0.781084,1.60412,1.1926
Elizabeth_Regan_0001.jpg,3,1,2,2,0,0,-1,-1,-1
Elizabeth_Shue_0001.jpg,2,1,2,2,1,1,1.44874,2.14836,1.79855
Elizabeth_Smart_0001.jpg,3,2,2,2,1,1,0.863963,1.28675,1.07536
Elizabeth_Taylor_0001.jpg,3,1,2,2,0,0,-1,-1,-1
Eliza_Dushku_0001.jpg,3,2,2,2,1,1,0.612461,0.675654,0.644057
Eliza_Manningham-Buller_0001.jpg,3,1,2,2,1,1,0.746911,0.759273,0.753092
Eli_Broad_0001.jpg,3,2,1,1,1,1,0.461477,0.657429,0.559453
Eli_Rosenbaum_0001.jpg,4,2,2,1,1,1,0.534805,0.589111,0.561958
Eli_Stutsman_0001.jpg,4,2,2,1,1,1,0.777531,0.965385,0.871458
Ellen_DeGeneres_0001.jpg,3,1,2,2,1,1,0.726112,1.51653,1.12132
Ellen_Engleman_0001.jpg,4,2,1,2,1,1,0.570029,0.795191,0.68261
Ellen_Martin_0001.jpg,3,1,2,2,1,1,0.672562,0.372997,0.522779
Ellen_Pompeo_0001.jpg,3,1,2,2,1,1,0.796805,0.394862,0.595833
Ellen_Saracini_0001.jpg,4,2,2,2,0,0,-1,-1,-1
Elliott_Mincberg_0001.jpg,3,1,1,1,1,1,0.503597,1.08541,0.794503
Elmar_Brok_0001.jpg,3,2,1,1,0,0,-1,-1,-1
Elsa_Zylberstein_0001.jpg,2,1,2,2,0,0,-1,-1,-1
Elton_John_0001.jpg,3,2,1,1,0,0,-1,-1,-1
Elvis_Costello_0001.jpg,3,1,1,1,1,1,0.465965,0.43471,0.450338
Elvis_Presley_0001.jpg,3,2,2,1,0,0,-1,-1,-1
El_Hadji_Diouf_0001.jpg,3,2,2,1,1,1,0.849177,0.327084,0.588131
Emanuel_Ginobili_0001.jpg,3,2,2,1,1,1,0.536811,0.445837,0.491324
Emelie_Loit_0001.jpg,3,2,2,2,1,1,1.02293,1.63875,1.33084
Emile_Lahoud_0001.jpg,5,2,2,1,1,1,0.714667,0.585085,0.649876
Emilio_Azcarraga_Jean_0001.jpg,2,2,2,1,1,1,0.92272,0.688307,0.805514
Emily_Mason_0001.jpg,3,1,2,2,1,1,0.651184,0.555428,0.603306
Emily_Mortimer_0001.jpg,3,1,2,2,1,0,0.885329,-1,0.885329
Emily_Robison_0001.jpg,3,1,2,2,1,1,0.764027,1.60303,1.18353
Eminem_0001.jpg,3,2,2,1,1,0,1.02203,-1,1.02203
Emmanuel_Filiberto_0001.jpg,3,2,2,1,0,0,-1,-1,-1
Emmanuel_Milingo_0001.jpg,3,2,1,1,0,0,-1,-1,-1
Emma_Nicholson_0001.jpg,4,2,2,2,1,1,0.693434,0.726081,0.709758
Emma_Watson_0001.jpg,3,1,2,2,0,0,-1,-1,-1
Emmit_Smith_0001.jpg,3,2,2,1,0,0,-1,-1,-1
Emyr_Jones_Parry_0001.jpg,4,2,2,1,1,1,0.622858,0.334213,0.478535
Enos_Slaughter_0001.jpg,3,2,2,1,1,0,1.07235,-1,1.07235
Enrica_Fico_0001.jpg,3,1,2,2,1,1,0.617029,0.107933,0.362481
Enrik_Vendt_0001.jpg,3,1,2,1,1,1,0.564332,0.571998,0.568165
Enrique_Haroldo_Gorriaran_Merlo_0001.jpg,3,1,2,1,0,0,-1,-1,-1
Enrique_Iglesias_0001.jpg,3,2,2,1,1,1,0.691679,0.501482,0.59658
Enrique_Medina_Gomez_0001.jpg,4,2,2,1,1,1,1.09958,1.03078,1.06518
Enrique_Oliu_0001.jpg,3,2,2,1,1,1,0.699585,0.390954,0.545269
Erick_Barkley_0001.jpg,3,2,2,1,1,0,0.746943,-1,0.746943
Eric_Bana_0001.jpg,3,1,2,1,0,0,-1,-1,-1
Eric_Benet_0001.jpg,3,1,2,1,0,0,-1,-1,-1
Eric_Christian_Olsen_0001.jpg,3,1,2,1,1,1,0.628224,0.821955,0.72509
Eric_Clapton_0001.jpg,3,2,1,1,0,0,-1,-1,-1
Eric_Daze_0001.jpg,3,1,2,1,1,1,0.4933,1.18409,0.838697
Eric_Dubin_0001.jpg,4,2,2,1,0,0,-1,-1,-1
Eric_Hinske_0001.jpg,3,2,2,1,0,0,-1,-1,-1
Eric_Idle_0001.jpg,3,2,2,1,0,0,-1,-1,-1
Eric_Lindros_0001.jpg,4,2,2,1,0,0,-1,-1,-1
Eric_Robert_Rudolph_0001.jpg,3,2,2,1,1,1,0.834777,1.00089,0.917832
Eric_Rosser_0001.jpg,3,2,2,1,0,0,-1,-1,-1
Eric_Ryan_Donnelly_0001.jpg,3,2,2,1,1,0,0.78655,-1,0.78655
Eric_Shinseki_0001.jpg,4,2,2,1,1,1,1.02385,0.590456,0.807153
Eric_Snow_0001.jpg,3,1,2,1,1,1,0.587785,1.32626,0.957024
Eric_Staal_0001.jpg,3,2,2,1,1,1,0.646197,1.6638,1.155
Eric_Taino_0001.jpg,3,2,2,1,1,1,0.726125,0.534898,0.630512
Eric_Vigouroux_0001.jpg,3,2,2,1,1,1,0.8698,0.489655,0.679728
Erika_Christensen_0001.jpg,3,1,2,2,1,1,0.716026,2.1358,1.42591
Erika_Harold_0001.jpg,3,2,2,2,1,1,0.541066,0.685513,0.61329
Erika_Reyes_0001.jpg,3,1,2,2,1,1,0.698598,0.2,0.449299
Eriko_Tamura_0001.jpg,3,1,2,2,0,0,-1,-1,-1
Ernesto_Zedillo_0001.jpg,3,2,1,1,1,1,1.06168,0.632274,0.846976
Ernest_Hollings_0001.jpg,2,2,2,1,1,1,0.884666,0.566176,0.725421
Ernie_Els_0001.jpg,3,2,2,1,1,1,0.580347,1.45828,1.01931
Ernie_Harwell_0001.jpg,3,2,1,1,1,1,0.837039,0.387376,0.612207
Ernie_Preate_0001.jpg,3,2,2,1,1,1,0.592549,0.694381,0.643465
Erwin_Abdullah_0001.jpg,3,2,2,1,1,1,0.91537,1.53672,1.22605
Erwin_Mapasseng_0001.jpg,3,2,1,1,1,1,0.549328,0.576937,0.563132
Esad_Landzo_0001.jpg,3,2,2,1,0,0,-1,-1,-1
Esteban_Cordoba-Velazquez_0001.jpg,4,2,2,1,0,0,-1,-1,-1
Estella_Warren_0001.jpg,3,1,2,2,0,0,-1,-1,-1
Estelle_Morris_0001.jpg,2,1,2,2,0,0,-1,-1,-1
Ester_Canadas_0001.jpg,3,2,2,2,0,0,-1,-1,-1
Ethan_Hawke_0001.jpg,3,2,2,1,1,1,0.79025,1.06493,0.927591
Eugene_Melnyk_0001.jpg,3,2,2,1,1,1,1.91684,0.707107,1.31197
Eugene_Teslovic_0001.jpg,3,1,2,2,1,1,0.646426,0.453691,0.550058
Eunice_Barber_0001.jpg,3,1,2,2,1,0,0.595721,-1,0.595721
Eurico_Guterres_0001.jpg,3,2,2,1,0,0,-1,-1,-1
Evander_Holyfield_0001.jpg,3,2,2,1,0,0,-1,-1,-1
Evan_Marriott_0001.jpg,3,2,2,1,1,1,0.504436,0.722237,0.613337
Evan_Rachel_Wood_0001.jpg,3,1,2,2,1,1,0.659027,1.67826,1.16864
Eva_Amurri_0001.jpg,3,1,2,2,1,1,1.01485,0.44141,0.728129
Eva_Herzigova_0001.jpg,2,2,2,2,1,0,0.864738,-1,0.864738
Eva_Marie_Saint_0001.jpg,3,1,2,2,1,1,0.611711,1.33288,0.972294
Eva_Mendes_0001.jpg,4,1,2,2,1,1,0.797861,1.37034,1.0841
Eve_Ensler_0001.jpg,3,1,2,2,1,1,0.57878,0.51377,0.546275
Eve_Pelletier_0001.jpg,3,2,2,2,1,1,0.964607,0.66724,0.815923
Evgeni_Plushenko_0001.jpg,3,1,2,1,1,0,0.629862,-1,0.629862
Evie_Lazarou_0001.jpg,4,1,2,2,0,0,-1,-1,-1
Evo_Morales_0001.jpg,4,2,2,1,1,1,0.422208,0.624773,0.523491
Ewan_McGregor_0001.jpg,3,1,2,1,0,0,-1,-1,-1
E_Clay_Shaw_0001.jpg,3,2,2,1,1,1,0.610732,1.03483,0.822783
Fabian_Vargas_0001.jpg,3,2,2,1,1,0,0.992797,-1,0.992797
Fabrice_Santoro_0001.jpg,3,2,2,1,1,0,0.651342,-1,0.651342
Fabricio_Oberto_0001.jpg,3,2,2,1,1,1,0.673647,0.587929,0.630788
Fann_Wong_0001.jpg,3,1,2,2,0,0,-1,-1,-1
Farida_Ragoonanan_0001.jpg,3,2,2,2,1,1,0.607944,0.640106,0.624025
Fatma_Kusibeh_0001.jpg,5,2,2,2,0,0,-1,-1,-1
Faye_Alibocus_0001.jpg,3,1,2,2,0,0,-1,-1,-1
Faye_Wong_0001.jpg,3,1,2,2,1,1,0.538745,0.408993,0.473869
Fayssal_Mekdad_0001.jpg,3,2,1,1,0,0,-1,-1,-1
Fazal-ur-Rehman_0001.jpg,3,2,2,1,1,1,0.609587,0.211263,0.410425
Federico_Castelan_Sayre_0001.jpg,3,2,2,1,1,1,0.718675,0.728799,0.723737
Federico_Fellini_0001.jpg,3,1,2,1,1,0,0.766101,-1,0.766101
Federico_Trillo_0001.jpg,1,2,2,1,1,1,3.77249,2.53425,3.15337
Feliciano_Lopez_0001.jpg,3,2,2,1,1,0,0.710656,-1,0.710656
Felipe_Fernandez_0001.jpg,3,1,2,1,0,0,-1,-1,-1
Felipe_Perez_Roque_0001.jpg,3,2,2,1,1,1,0.575751,0.605783,0.590767
Felix_Doh_0001.jpg,3,2,2,1,1,1,0.582,0.675684,0.628842
Felix_Trinidad_0001.jpg,3,1,2,1,0,0,-1,-1,-1
Ferenc_Madl_0001.jpg,3,2,1,1,1,1,0.403434,1.21557,0.8095
Fernando_Hierro_0001.jpg,3,1,2,1,0,0,-1,-1,-1
Fernando_Leon_de_Aranoa_0001.jpg,3,2,2,1,1,1,0.732648,0.294939,0.513793
Fernando_Sanz_0001.jpg,3,2,2,1,1,0,0.48899,-1,0.48899
Fernando_Valenzuela_0001.jpg,3,1,2,1,1,1,0.871069,0.598717,0.734893
Fernando_Velardez_0001.jpg,3,2,2,1,0,0,-1,-1,-1
Festus_Mogae_0001.jpg,3,1,2,1,0,0,-1,-1,-1
Fidel_Castro_Daiz-Balart_0001.jpg,3,1,2,1,0,0,-1,-1,-1
Filippo_Inzaghi_0001.jpg,3,2,2,1,0,0,-1,-1,-1
Filip_De_Winter_0001.jpg,3,2,2,1,0,0,-1,-1,-1
Fiona_Milne_0001.jpg,3,1,2,2,1,0,0.510798,-1,0.510798
Flavia_Delaroli_0001.jpg,3,1,2,2,1,0,0.660888,-1,0.660888
Flavia_Pennetta_0001.jpg,3,2,2,2,0,0,-1,-1,-1
Florecita_Cobian_0001.jpg,3,1,2,2,1,1,0.568638,1.68046,1.12455
Floyd_Keith_0001.jpg,3,2,1,1,1,1,0.744329,1.004,0.874165
Floyd_Mayweather_0001.jpg,3,1,2,1,0,0,-1,-1,-1
Francesco_Totti_0001.jpg,3,2,2,1,0,0,-1,-1,-1
Frances_Fisher_0001.jpg,3,1,2,2,0,0,-1,-1,-1
Francisco_Flores_0001.jpg,3,2,1,1,0,0,-1,-1,-1
Francisco_Garcia_0001.jpg,2,2,2,1,0,0,-1,-1,-1
Francisco_Maturana_0001.jpg,2,1,2,1,0,0,-1,-1,-1
Francisco_Santos_0001.jpg,3,1,1,2,0,0,-1,-1,-1
Francis_Collins_0001.jpg,3,2,1,1,0,0,-1,-1,-1
Francis_Ford_Coppola_0001.jpg,3,2,1,1,1,1,0.664141,0.398628,0.531384
Francis_George_0001.jpg,3,2,1,1,0,0,-1,-1,-1
Francis_Mer_0001.jpg,3,2,2,1,1,1,0.720801,0.296901,0.508851
Francis_Ricciardone_0001.jpg,3,2,2,1,1,1,1.16481,0.987848,1.07633
Franck_Cerutti_0001.jpg,3,1,2,1,1,1,0.747567,0.876818,0.812192
Francois_Ozon_0001.jpg,3,1,2,1,1,0,0.617298,-1,0.617298
Franco_Cangele_0001.jpg,3,2,2,1,0,0,-1,-1,-1
Franco_Frattini_0001.jpg,3,2,1,1,0,0,-1,-1,-1
Franko_Simatovic_0001.jpg,3,2,1,1,1,1,0.696112,1.16205,0.929082
Frank_Abagnale_Jr_0001.jpg,3,1,2,1,1,1,0.672577,0.573756,0.623166
Frank_Beamer_0001.jpg,3,2,2,1,0,0,-1,-1,-1
Frank_Cassell_0001.jpg,2,2,2,1,1,1,2.42137,0.736491,1.57893
Frank_Coraci_0001.jpg,2,1,1,1,0,0,-1,-1,-1
Frank_Dunham_Jr_0001.jpg,3,2,1,1,1,1,1.67851,0.206725,0.942616
Frank_Griswold_0001.jpg,3,2,1,1,1,1,0.515935,0.614491,0.565213
Frank_Hilldrup_0001.jpg,3,2,2,1,0,0,-1,-1,-1
Frank_Keating_0001.jpg,4,2,2,1,1,1,0.88252,0.606605,0.744562
Frank_Marshall_0001.jpg,3,2,2,1,0,0,-1,-1,-1
Frank_Murkowski_0001.jpg,3,2,2,1,1,1,0.629498,0.805295,0.717396
Frank_Pallone_0001.jpg,2,2,2,1,0,0,-1,-1,-1
Frank_Schmoekel_0001.jpg,3,2,1,1,0,0,-1,-1,-1
Frank_Sinatra_0001.jpg,2,1,2,1,1,1,1.45622,1.19057,1.32339
Frank_Taylor_0001.jpg,3,2,2,1,1,1,0.531094,0.35969,0.445392
Frank_Van_Ecke_0001.jpg,3,2,2,1,1,1,0.671728,0.84672,0.759224
Frank_Wycheck_0001.jpg,3,2,2,1,1,1,0.779634,0.577541,0.678587
Frank_Zappa_0001.jpg,3,2,2,1,1,0,0.501849,-1,0.501849
Franz_Beckenbauer_0001.jpg,3,1,1,1,0,0,-1,-1,-1
Franz_Fischler_0001.jpg,2,1,2,1,1,0,2.32602,-1,2.32602
Franz_Gsell_0001.jpg,3,2,2,1,1,1,0.688966,0.355729,0.522348
Franz_Muentefering_0001.jpg,2,1,1,1,0,0,-1,-1,-1
Fran_Drescher_0001.jpg,2,1,2,2,0,0,-1,-1,-1
Freddy_Garcia_0001.jpg,4,2,2,1,1,1,0.809557,1.37481,1.09218
Freddy_Vasques_Kinchokpe_0001.jpg,3,2,2,1,0,0,-1,-1,-1
Frederick_Madden_0001.jpg,3,2,2,1,0,0,-1,-1,-1
Fredric_Seaman_0001.jpg,3,1,1,1,1,1,0.447639,0.689961,0.5688
Fred_Durst_0001.jpg,3,1,2,1,1,1,0.770106,0.587104,0.678605
Fred_Eckhard_0001.jpg,3,2,1,1,1,1,0.707922,0.490724,0.599323
Fred_Funk_0001.jpg,3,1,2,1,1,1,0.671946,0.386825,0.529385
Fred_Swan_0001.jpg,3,1,2,1,1,1,0.659588,0.345759,0.502673
Fred_Wilpon_0001.jpg,3,2,2,1,1,1,0.705056,1.22341,0.964233
Fruit_Chan_0001.jpg,3,1,1,1,0,0,-1,-1,-1
Fujio_Cho_0001.jpg,3,1,1,1,1,1,0.458025,0.562655,0.51034
Fujio_Mitarai_0001.jpg,3,1,1,1,1,1,0.906229,0.560022,0.733126
Gabi_Zimmer_0001.jpg,4,2,2,2,1,1,0.790807,0.347122,0.568964
Gabriella_Bo_0001.jpg,3,1,2,2,1,1,0.620966,0.470188,0.545577
Gabrielle_Rose_0001.jpg,3,1,2,2,0,0,-1,-1,-1
Gabrielle_Union_0001.jpg,3,1,2,2,1,1,0.664056,0.447697,0.555877
Gabriel_Batistuta_0001.jpg,3,2,2,1,1,1,0.596394,0.522013,0.559204
Gabriel_Farhi_0001.jpg,3,2,1,1,0,0,-1,-1,-1
Gabriel_Hughes_0001.jpg,4,2,2,1,0,0,-1,-1,-1
Gabriel_Jorge_Ferreia_0001.jpg,3,2,1,1,0,0,-1,-1,-1
Gabriel_Valdes_0001.jpg,3,1,1,1,1,1,0.364389,0.40138,0.382884
Gael_Garcia_Bermal_0001.jpg,3,1,2,1,1,1,0.525053,0.464603,0.494828
Galen_Rowell_0001.jpg,3,1,2,1,1,1,0.971762,0.633858,0.80281
Gao_Qiang_0001.jpg,3,2,1,1,1,1,0.995044,0.361445,0.678244
Garry_Alejano_0001.jpg,3,2,2,1,1,0,0.863516,-1,0.863516
Garry_Kasparov_0001.jpg,3,2,2,1,1,1,1.4499,0.417494,0.933697
Garry_McCoy_0001.jpg,4,1,2,1,1,1,0.848496,0.734961,0.791729
Garry_Witherall_0001.jpg,3,2,2,1,0,0,-1,-1,-1
Garth_Drabinsky_0001.jpg,3,2,1,1,1,1,0.755363,0.386984,0.571174
Gary_Bald_0001.jpg,5,2,1,1,1,1,0.691363,0.613132,0.652248
Gary_Barnett_0001.jpg,3,2,2,1,1,1,0.577859,0.81136,0.694609
Gary_Bauer_0001.jpg,2,2,2,1,1,1,0.671402,0.383317,0.527359
Gary_Bettman_0001.jpg,4,2,2,1,1,1,0.508729,0.614401,0.561565
Gary_Carter_0001.jpg,3,1,2,1,0,0,-1,-1,-1
Gary_Coleman_0001.jpg,3,2,2,1,1,0,0.773595,-1,0.773595
Gary_Forsee_0001.jpg,3,1,2,1,1,1,0.625623,0.949968,0.787796
Gary_Gero_0001.jpg,3,1,2,1,0,0,-1,-1,-1
Gary_Gitnick_0001.jpg,3,1,2,1,1,1,0.682465,0.434262,0.558363
Gary_Leon_Ridgway_0001.jpg,3,2,1,1,1,1,0.881975,1.83792,1.35995
Gary_Locke_0001.jpg,3,2,1,1,1,1,0.426828,0.780869,0.603848
Gary_Marshall_0001.jpg,3,1,2,1,1,1,0.936113,0.670168,0.803141
Gary_Paer_0001.jpg,3,2,2,1,0,0,-1,-1,-1
Gary_Sayler_0001.jpg,3,2,1,1,1,1,0.454751,0.920157,0.687454
Gary_Sinise_0001.jpg,3,1,2,1,0,0,-1,-1,-1
Gary_Stevens_0001.jpg,3,1,2,1,1,1,0.638826,0.836101,0.737463
Gary_Williams_0001.jpg,3,2,2,1,1,1,0.615888,0.763899,0.689893
Gary_Winnick_0001.jpg,3,1,2,1,1,1,0.607389,0.615234,0.611312
Gavyn_Arthur_0001.jpg,3,1,2,1,1,1,0.689086,0.3,0.494543
Gavyn_Davies_0001.jpg,3,1,1,1,1,1,0.552672,1.11449,0.833579
Gene_Keady_0001.jpg,3,2,2,1,1,1,0.593058,0.777873,0.685465
Gennifer_Flowers_0001.jpg,3,2,2,2,1,1,0.757306,1.51969,1.1385
Geno_Auriemma_0001.jpg,4,2,1,1,1,1,0.494692,1.04888,0.771788
Geoff_Dixon_0001.jpg,3,2,2,1,1,1,0.630352,0.463559,0.546956
Geoff_Hoon_0001.jpg,3,2,2,1,0,0,-1,-1,-1
George_Blaney_0001.jpg,3,2,1,1,1,0,1.04252,-1,1.04252
George_Brumley_0001.jpg,3,1,1,1,1,1,0.763349,1.05968,0.911513
George_Clooney_0001.jpg,4,1,2,1,0,0,-1,-1,-1
George_Foreman_0001.jpg,3,1,2,1,1,0,0.571729,-1,0.571729
George_Galloway_0001.jpg,3,2,2,1,1,1,0.464878,0.45877,0.461824
George_Karl_0001.jpg,3,2,2,1,1,1,0.63005,0.538516,0.584283
George_Lopez_0001.jpg,3,2,2,1,1,1,0.837328,0.438529,0.637929
George_Lucas_0001.jpg,3,1,2,1,1,1,0.567852,0.880397,0.724124
George_Maxwell_Richards_0001.jpg,4,2,1,1,1,1,0.71482,0.859887,0.787353
George_Murphy_0001.jpg,3,2,1,1,1,0,0.752327,-1,0.752327
George_Pataki_0001.jpg,3,2,2,1,0,0,-1,-1,-1
George_Roy_Hill_0001.jpg,3,1,2,1,1,0,0.501233,-1,0.501233
George_Ryan_0001.jpg,3,2,1,1,0,0,-1,-1,-1
George_Tenet_0001.jpg,3,1,2,1,1,1,0.917301,0.958679,0.93799
George_W_Bush_0001.jpg,3,1,2,1,1,1,0.637104,0.486453,0.561779
Georgia_Giddings_0001.jpg,3,1,2,2,0,0,-1,-1,-1
Georgina_Papin_0001.jpg,3,2,2,2,0,0,-1,-1,-1
Georgi_Parvanov_0001.jpg,3,1,2,1,1,1,0.601924,0.769415,0.68567
Geraldo_Rivera_0001.jpg,3,1,1,1,1,1,0.740057,0.982212,0.861135
Gerald_Barbarito_0001.jpg,3,1,1,1,0,0,-1,-1,-1
Gerald_Calabrese_0001.jpg,3,2,1,1,1,1,1.37117,0.784516,1.07784
Gerald_Fitch_0001.jpg,3,2,2,1,0,0,-1,-1,-1
Gerald_Ford_0001.jpg,2,2,2,1,1,0,1.93805,-1,1.93805
Gerald_Riley_0001.jpg,3,2,2,1,0,0,-1,-1,-1
Gerard_Depardieu_0001.jpg,2,2,2,1,1,1,0.773108,0.749097,0.761103
Gerard_Kleisterlee_0001.jpg,3,1,2,1,0,0,-1,-1,-1
Gerard_Tronche_0001.jpg,3,1,1,1,1,1,0.631539,0.521536,0.576538
Gerhard_Schroeder_0001.jpg,3,1,2,1,0,0,-1,-1,-1
Gerrit_Zalm_0001.jpg,3,1,1,1,1,1,0.61267,0.307212,0.459941
Gerry_Kelly_0001.jpg,2,2,1,1,1,1,2.19209,2.59326,2.39268
Ghassan_Elashi_0001.jpg,3,2,1,1,0,0,-1,-1,-1
Gianna_Angelopoulos-Daskalaki_0001.jpg,4,1,2,2,1,1,0.718182,0.423483,0.570833
Giannina_Facio_0001.jpg,4,1,2,2,0,0,-1,-1,-1
Gianni_Agnelli_0001.jpg,3,2,2,1,1,0,0.980402,-1,0.980402
Gian_Marco_0001.jpg,4,1,2,1,1,1,0.595446,0.566511,0.580979
Gideon_Black_0001.jpg,3,2,1,1,1,1,0.95447,0.367965,0.661218
Gideon_Yago_0001.jpg,3,1,1,1,1,1,0.574285,0.737068,0.655676
Gilberto_Rodriguez_Orejuela_0001.jpg,2,2,2,1,0,0,-1,-1,-1
Gillian_Anderson_0001.jpg,3,1,2,2,1,1,0.693812,0.622274,0.658043
Gil_Cates_0001.jpg,3,1,1,1,0,0,-1,-1,-1
Gil_de_Ferran_0001.jpg,3,2,2,1,1,1,0.86714,1.23536,1.05125
Gina_Gershon_0001.jpg,3,1,2,2,0,0,-1,-1,-1
Gina_Lollobrigida_0001.jpg,3,2,2,2,0,0,-1,-1,-1
Gina_Torres_0001.jpg,2,1,2,2,1,1,1.43078,0.414305,0.922544
Gisele_Bundchen_0001.jpg,3,2,2,2,0,0,-1,-1,-1
Giulietta_Masina_0001.jpg,3,1,2,2,1,0,1.92697,-1,1.92697
Giulio_Andreotti_0001.jpg,3,2,1,1,1,1,0.832886,0.345691,0.589288
Glafcos_Clerides_0001.jpg,3,1,2,1,0,0,-1,-1,-1
Glenn_Rivers_0001.jpg,3,2,2,1,0,0,-1,-1,-1
Glenn_Tilton_0001.jpg,3,2,1,1,1,1,0.615961,0.437048,0.526504
Glen_Clark_0001.jpg,3,1,2,1,0,0,-1,-1,-1
Glen_DaSilva_0001.jpg,3,1,1,1,1,1,0.589832,0.410482,0.500157
Gloria_Allred_0001.jpg,2,2,2,2,1,1,0.91438,0.778105,0.846243
Gloria_Gaynor_0001.jpg,3,2,2,2,1,1,0.52005,0.639914,0.579982
Gloria_Macapagal_Arroyo_0001.jpg,3,1,2,2,1,1,0.568157,0.298205,0.433181
Gloria_Trevi_0001.jpg,3,2,2,2,1,1,0.563543,0.522681,0.543112
GL_Peiris_0001.jpg,3,2,1,1,1,0,0.480892,-1,0.480892
Goh_Kun_0001.jpg,3,2,2,1,1,1,0.990703,0.604152,0.797428
Goldie_Hawn_0001.jpg,3,1,2,2,1,1,0.535175,0.380431,0.457803
Gong_Li_0001.jpg,3,1,2,2,1,1,0.671005,0.981229,0.826117
Gonzalo_Sanchez_de_Lozada_0001.jpg,3,1,2,1,1,1,0.981846,0.955114,0.96848
Goran_Persson_0001.jpg,3,2,2,1,0,0,-1,-1,-1
Goran_Zivkovic_0001.jpg,3,2,2,1,0,0,-1,-1,-1
Gordana_Grubin_0001.jpg,3,2,2,2,1,1,0.558666,0.955206,0.756936
Gorden_Tallis_0001.jpg,3,2,2,1,1,1,0.844631,1.19477,1.0197
Gordon_Campbell_0001.jpg,3,2,1,1,1,1,0.744452,0.906125,0.825289
Gordon_Cooper_0001.jpg,3,2,2,1,1,1,0.828698,0.644129,0.736414
Gordon_Lightfoot_0001.jpg,3,1,2,1,1,1,0.717594,0.470135,0.593864
Gordon_McDonald_0001.jpg,3,1,2,1,1,0,0.62474,-1,0.62474
Gore_Verbinski_0001.jpg,3,1,2,1,1,1,0.776912,1.20648,0.991693
Grace_Brinell_0001.jpg,3,2,2,2,1,1,0.770331,1.25011,1.01022
Grace_Dodd_0001.jpg,3,1,2,2,1,1,0.667023,1.30571,0.986367
Graciano_Rocchigiani_0001.jpg,3,1,2,1,1,1,0.447859,0.72162,0.584739
Grady_Irvin_Jr_0001.jpg,3,2,2,1,0,0,-1,-1,-1
Graham_Bentley_0001.jpg,3,2,2,1,1,1,0.706954,0.459137,0.583045
Grant_Hackett_0001.jpg,3,1,2,1,1,0,0.563941,-1,0.563941
Grant_Rossenmeyer_0001.jpg,3,2,2,1,1,0,1.24472,-1,1.24472
Gray_Davis_0001.jpg,3,2,2,1,1,1,0.694307,1.02993,0.862118
Gregg_Berhalter_0001.jpg,3,2,2,1,1,1,1.52176,1.58501,1.55338
Gregg_Popovich_0001.jpg,2,2,2,1,0,0,-1,-1,-1
Gregorio_Honasan_0001.jpg,3,2,1,1,0,0,-1,-1,-1
Gregorio_Rosal_0001.jpg,3,2,2,1,1,1,1.01585,1.67797,1.34691
Gregory_Hines_0001.jpg,3,2,1,1,0,0,-1,-1,-1
Gregor_Gysi_0001.jpg,4,2,1,1,1,1,1.4446,1.44397,1.44429
Greg_Frers_0001.jpg,3,1,2,1,0,0,-1,-1,-1
Greg_Gilbert_0001.jpg,4,2,2,1,1,1,1.85421,0.370699,1.11245
Greg_Hennigar_0001.jpg,3,2,2,1,1,1,0.597716,0.4951,0.546408
Greg_Kinnear_0001.jpg,3,2,2,1,1,1,0.565114,0.508837,0.536976
Greg_Kinsey_0001.jpg,3,2,2,1,1,0,0.621826,-1,0.621826
Greg_Ostertag_0001.jpg,3,2,1,1,1,1,0.678802,0.517133,0.597967
Greg_Rusedski_0001.jpg,3,2,2,1,1,0,0.861501,-1,0.861501
Gretchen_Mol_0001.jpg,3,1,2,2,1,1,0.927437,0.36072,0.644078
Gro_Harlem_Brundtland_0001.jpg,3,2,2,2,1,1,0.629495,1.24588,0.93769
Guangdong_Ou_Guangyuan_0001.jpg,3,1,2,1,0,0,-1,-1,-1
Guennadi_Chipouline_0001.jpg,3,2,2,1,1,1,0.759256,0.6404,0.699828
Guillaume_Cannet_0001.jpg,3,1,2,1,1,1,1.29307,1.54194,1.41751
Guillaume_Depardieu_0001.jpg,3,2,2,1,1,1,0.626855,0.480636,0.553746
Guillermo_Coria_0001.jpg,3,2,2,1,0,0,-1,-1,-1
Guillermo_Monroy_0001.jpg,3,1,1,1,0,0,-1,-1,-1
Guillermo_Ortiz_0001.jpg,3,1,1,1,0,0,-1,-1,-1
Guillermo_Ruiz_Polanco_0001.jpg,3,2,1,1,1,1,0.566067,1.11467,0.84037
Gunter_Pleuger_0001.jpg,2,2,1,1,1,1,2.4403,0.773654,1.60698
Gustavo_Cisneros_0001.jpg,3,1,2,1,1,1,0.703943,0.598219,0.651081
Gustavo_Franco_0001.jpg,3,1,1,1,1,1,0.759727,0.505791,0.632759
Gustavo_Kuerten_0001.jpg,3,2,2,1,1,1,0.546601,0.389106,0.467853
Gustavo_Noboa_0001.jpg,3,1,1,1,1,1,0.757261,0.190754,0.474008
Gus_Frerotte_0001.jpg,3,1,2,1,1,1,0.683678,0.83241,0.758044
Gus_Van_Sant_0001.jpg,3,1,2,1,1,1,0.440612,0.685127,0.562869
Guy_Hemmings_0001.jpg,3,2,2,1,1,0,0.676396,-1,0.676396
Guy_Ritchie_0001.jpg,4,1,2,1,1,1,0.701969,0.618347,0.660158
Gwendal_Peizerat_0001.jpg,3,1,2,1,1,1,0.496619,0.423145,0.459882
Gwen_Stefani_0001.jpg,3,1,2,2,1,1,1.09455,0.853584,0.974069
Gwyneth_Paltrow_0001.jpg,3,1,2,2,0,0,-1,-1,-1
Habib_Hisham_0001.jpg,3,2,2,1,1,1,1.03254,2.19992,1.61623
Habib_Rizieq_0001.jpg,3,1,1,1,1,1,1.12185,0.665743,0.893794
Hadley_Bilger_0001.jpg,3,1,2,2,1,1,0.601696,0.508939,0.555317
Halbert_Fillinger_0001.jpg,3,2,1,1,1,1,0.995326,0.583757,0.789541
Halle_Berry_0001.jpg,3,1,2,2,1,1,0.599119,0.563093,0.581106
Hal_Gehman_0001.jpg,4,2,2,1,1,1,0.532334,0.584028,0.558181
Hal_Sellers_0001.jpg,3,2,2,1,1,1,0.691435,1.20205,0.946744
Hal_Sutton_0001.jpg,3,1,2,1,1,1,0.474826,0.488714,0.48177
Hamad_Bin_Isa_al-Khalifa_0001.jpg,3,1,2,1,0,0,-1,-1,-1
Hamad_Bin_Jassim_0001.jpg,3,2,2,1,0,0,-1,-1,-1
Hama_Arba_Diallo_0001.jpg,3,1,2,1,1,0,0.508145,-1,0.508145
Hamid_Efendi_0001.jpg,3,2,2,1,0,0,-1,-1,-1
Hamid_Karzai_0001.jpg,3,1,2,1,0,0,-1,-1,-1
Hamzah_Haz_0001.jpg,3,2,2,1,1,1,1.271,0.490799,0.880898
Hamza_Atiya_Muhsen_0001.jpg,3,2,2,1,0,0,-1,-1,-1
Ham_Pong-sil_0001.jpg,3,1,2,2,1,1,0.615129,1.02305,0.819092
Hanan_Ashrawi_0001.jpg,3,2,2,2,1,1,0.61708,1.51345,1.06526
Hana_Makhmalbaf_0001.jpg,3,1,2,2,1,1,0.511876,0.360399,0.436138
Hana_Sadiq_0001.jpg,3,1,2,2,1,1,0.559067,0.177861,0.368464
Hana_Urushima_0001.jpg,2,1,2,2,1,1,3.14606,1.19057,2.16832
Hank_Aaron_0001.jpg,3,1,2,1,1,0,0.520695,-1,0.520695
Hank_Azaria_0001.jpg,2,1,2,1,1,1,0.886179,0.407189,0.646684
Hanns_Schumacher_0001.jpg,4,2,1,1,1,1,0.617513,0.700308,0.658911
Hans-Christian_Schmid_0001.jpg,2,1,2,1,1,1,0.880593,0.70028,0.790436
Hans_Eichel_0001.jpg,3,1,1,1,1,1,0.493554,0.358998,0.426276
Hans_Leistritz_0001.jpg,3,2,1,1,1,1,1.03717,0.134882,0.586028
Hans_Peter_Briegel_0001.jpg,3,2,2,1,1,1,0.853839,0.35969,0.606765
Han_Sung_Joo_0001.jpg,3,2,1,1,1,1,0.83112,0.634137,0.732629
Harland_Braun_0001.jpg,3,2,2,1,1,0,0.631065,-1,0.631065
Harold_Brown_0001.jpg,3,2,2,1,1,1,0.549813,0.578682,0.564248
Harriet_Lessy_0001.jpg,3,1,2,2,0,0,-1,-1,-1
Harrison_Ford_0001.jpg,3,1,2,1,0,0,-1,-1,-1
Harry_Belafonte_0001.jpg,4,1,2,1,0,0,-1,-1,-1
Harry_Schmidt_0001.jpg,2,2,2,1,1,0,0.930259,-1,0.930259
Hartmut_Mehdorn_0001.jpg,1,2,2,1,0,0,-1,-1,-1
Harvey_Fierstein_0001.jpg,3,1,1,1,1,1,0.61249,0.639858,0.626174
Harvey_Wachsman_0001.jpg,3,2,2,1,0,0,-1,-1,-1
Harvey_Weinstein_0001.jpg,3,1,2,1,1,1,0.69426,0.753151,0.723706
Hasan_Wirayuda_0001.jpg,3,2,1,1,0,0,-1,-1,-1
Hashan_Tillakaratne_0001.jpg,3,2,2,1,0,0,-1,-1,-1
Hashim_Thaci_0001.jpg,3,1,2,1,1,1,0.633452,0.401941,0.517697
Hassanal_Bolkiah_0001.jpg,3,2,2,1,0,0,-1,-1,-1
Hassan_Nasrallah_0001.jpg,3,1,1,1,0,0,-1,-1,-1
Hassan_Wirajuda_0001.jpg,3,1,1,1,0,0,-1,-1,-1
Haydar_Aliyev_0001.jpg,3,2,2,1,1,1,0.503804,0.679469,0.591636
Hayden_Panettiere_0001.jpg,3,1,2,2,1,0,0.472756,-1,0.472756
Hayley_Tullett_0001.jpg,3,1,2,2,1,1,0.589507,0.582287,0.585897
Heather_Locklear_0001.jpg,3,1,2,2,1,1,0.767342,0.443385,0.605364
Heather_Mills_0001.jpg,3,1,2,2,1,1,0.538374,0.422711,0.480543
Heather_Whitestone_McCallum_0001.jpg,3,1,2,2,1,1,0.533227,0.624921,0.579074
Heather_Willson_0001.jpg,3,2,1,1,0,0,-1,-1,-1
Hector_Babenco_0001.jpg,3,2,2,1,1,1,0.6753,0.596819,0.636059
Hector_Grullon_0001.jpg,3,1,1,1,1,0,0.721096,-1,0.721096
Hector_Mitelman_0001.jpg,3,1,2,1,1,1,0.584705,0.362575,0.47364
Hedayat_Amin_Arsala_0001.jpg,3,2,2,1,1,1,0.654128,0.598418,0.626273
Hee-Won_Han_0001.jpg,3,2,2,2,1,0,0.518328,-1,0.518328
Heidi_Fleiss_0001.jpg,3,2,2,2,1,1,0.654704,0.421131,0.537918
Heidi_Klum_0001.jpg,3,1,2,2,1,1,0.59457,1.37848,0.986525
Heinrich_Wolfgang_0001.jpg,3,2,1,1,0,0,-1,-1,-1
Heinz_Feldmann_0001.jpg,3,2,2,1,0,0,-1,-1,-1
Helena_Schneider_0001.jpg,3,1,2,2,1,0,0.698108,-1,0.698108
Helene_Eksterowicz_0001.jpg,3,1,2,2,1,1,0.68278,1.11376,0.898269
Helen_Alvare_0001.jpg,3,2,2,2,0,0,-1,-1,-1
Helen_Clark_0001.jpg,3,2,2,2,0,0,-1,-1,-1
Helen_Darling_0001.jpg,3,2,2,2,1,1,0.647634,0.81152,0.729577
Helmut_Panke_0001.jpg,3,2,2,1,1,1,0.544834,0.539082,0.541958
Henk_Bekedam_0001.jpg,3,1,1,1,1,1,0.843471,0.754414,0.798943
Henri_Proglio_0001.jpg,3,1,2,1,0,0,-1,-1,-1
Henry_Castellanos_0001.jpg,3,2,2,1,0,0,-1,-1,-1
Henry_Hilow_0001.jpg,4,2,2,1,1,0,1.03817,-1,1.03817
Henry_Hyde_0001.jpg,3,2,1,1,1,1,0.684441,0.753133,0.718787
Henry_Kissinger_0001.jpg,4,2,1,1,1,1,0.800215,0.651472,0.725844
Henry_Suazo_0001.jpg,3,1,1,1,0,0,-1,-1,-1
Herbie_Hancock_0001.jpg,3,1,1,1,1,0,0.515277,-1,0.515277
Herb_Brooks_0001.jpg,2,1,1,1,1,1,1.34644,0.906511,1.12647
Herb_Dhaliwal_0001.jpg,3,2,2,1,1,1,0.929589,0.394394,0.661992
Herb_Sendek_0001.jpg,2,1,2,1,1,1,2.19271,0.973505,1.58311
Hermann_Maier_0001.jpg,3,1,2,1,1,1,0.716943,0.471314,0.594128
Herman_Edwards_0001.jpg,3,2,2,1,1,1,0.646527,0.72806,0.687294
Herman_Moore_0001.jpg,3,1,2,1,1,0,0.45087,-1,0.45087
Hermes_Gamonal_0001.jpg,3,2,2,1,1,1,0.580418,0.905685,0.743051
Hermogenes_Ebdane_Jr_0001.jpg,3,2,1,1,1,1,0.978342,0.807742,0.893042
Hichiro_Naemura_0001.jpg,3,2,2,1,1,1,0.649448,0.671064,0.660256
Hideki_Matsui_0001.jpg,3,1,2,1,1,1,0.648376,1.06396,0.856167
Hideki_Sato_0001.jpg,3,1,2,1,1,1,0.717926,1.01344,0.865683
Hidetoshi_Nakata_0001.jpg,3,2,2,1,1,1,0.459383,0.986619,0.723001
Hikmat_al-Azzawi_0001.jpg,3,2,2,1,1,1,0.927742,0.749284,0.838513
Hilary_Duff_0001.jpg,3,1,2,2,1,1,1.39377,0.268161,0.830967
Hilda_Fortune_0001.jpg,3,1,1,2,0,0,-1,-1,-1
Hillary_Clinton_0001.jpg,3,1,2,2,1,1,0.59925,1.17906,0.889152
Hilmi_Akin_Zorlu_0001.jpg,3,1,1,1,1,1,0.4511,0.277131,0.364115
Hilmi_Ozkok_0001.jpg,3,2,1,1,1,1,0.9824,0.472334,0.727367
Himmler_Rebu_0001.jpg,3,2,1,1,0,0,-1,-1,-1
Hipolito_Mejia_0001.jpg,3,1,1,1,1,1,0.5436,0.717007,0.630303
Hiroki_Gomi_0001.jpg,3,2,1,1,1,1,0.718877,0.488491,0.603684
Hiroyuki_Yoshino_0001.jpg,3,1,2,1,1,1,0.477791,0.664787,0.571289
Hisao_Oguchi_0001.jpg,3,1,2,1,0,0,-1,-1,-1
Hisashi_Owada_0001.jpg,3,1,1,1,1,1,0.582664,0.370613,0.476639
Hisham_Halawi_0001.jpg,3,2,2,1,0,0,-1,-1,-1
Hitomi_Soga_0001.jpg,2,2,2,2,1,1,1.87473,0.969819,1.42227
Hitoshi_Oshitani_0001.jpg,3,2,1,1,1,1,0.716226,0.921881,0.819054
Hitoshi_Tanaka_0001.jpg,3,1,2,1,1,1,0.631087,0.434561,0.532824
Hoda_Asfor_0001.jpg,3,2,2,2,1,1,0.797649,0.747681,0.772665
Holly_Hunter_0001.jpg,2,1,2,2,0,0,-1,-1,-1
Holly_Robinson_Peete_0001.jpg,3,1,2,2,1,1,0.637385,0.443552,0.540468
Hong_Myung_0001.jpg,3,2,2,1,0,0,-1,-1,-1
Horace_Newcomb_0001.jpg,3,1,1,1,1,1,0.480834,0.698855,0.589844
Horacio_Julio_Pina_0001.jpg,3,2,2,1,1,1,0.509242,0.596488,0.552865
Horst_Koehler_0001.jpg,3,2,2,1,1,1,0.934886,0.474523,0.704705
Hosni_Mubarak_0001.jpg,3,1,2,1,1,1,0.68104,0.5321,0.60657
Howard_Dean_0001.jpg,3,2,2,1,1,1,0.602649,0.611955,0.607302
Howard_Ross_0001.jpg,3,1,1,1,0,0,-1,-1,-1
Howard_Schultz_0001.jpg,3,1,2,1,0,0,-1,-1,-1
Howard_Stern_0001.jpg,3,2,1,1,1,1,0.513803,0.66519,0.589497
Howard_Stringer_0001.jpg,3,1,1,1,0,0,-1,-1,-1
Howard_Wilkinson_0001.jpg,3,1,2,1,0,0,-1,-1,-1
Hrithik_Roshan_0001.jpg,3,2,2,1,1,1,0.7931,0.467629,0.630365
Huang_Suey-Sheng_0001.jpg,3,2,1,1,1,1,0.831602,0.610328,0.720965
Hugh_Campbell_0001.jpg,3,1,2,1,1,0,1.6765,-1,1.6765
Hugh_Carey_0001.jpg,3,2,2,1,1,1,1.58302,0.353553,0.968289
Hugh_Grant_0001.jpg,3,1,2,1,1,1,0.611934,1.23766,0.924795
Hugh_Hefner_0001.jpg,3,1,2,1,1,1,0.726518,1.30197,1.01425
Hugo_Chavez_0001.jpg,3,2,2,1,1,1,0.583808,0.738159,0.660983
Hugo_Colace_0001.jpg,3,2,2,1,1,1,0.593139,0.929192,0.761166
Humberto_Coelho_0001.jpg,3,2,2,1,0,0,-1,-1,-1
Humberto_Espinoza_0001.jpg,3,2,2,1,1,0,1.26736,-1,1.26736
Hung_Wan-ting_0001.jpg,3,2,2,2,1,0,0.708096,-1,0.708096
Hunter_Bates_0001.jpg,3,2,2,1,1,1,0.827321,0.207202,0.517261
Hunter_Kemper_0001.jpg,3,1,2,1,1,1,0.463451,0.531399,0.497425
Hushiar_Zebari_0001.jpg,3,2,2,1,0,0,-1,-1,-1
Hussein_Malik_0001.jpg,3,2,2,1,1,1,0.706415,0.328457,0.517436
Hutomo_Mandala_Putra_0001.jpg,3,1,2,1,1,1,0.554315,0.558052,0.556184
Hu_Maoyuan_0001.jpg,3,1,2,1,1,0,0.762859,-1,0.762859
Hwang_Doo-yun_0001.jpg,3,1,1,1,1,1,0.697496,0.473432,0.585464
Iain_Anderson_0001.jpg,3,2,2,1,1,1,0.754359,1.28848,1.02142
Iain_Duncan_Smith_0001.jpg,3,1,2,1,1,1,0.754998,0.592269,0.673633
Iain_Richmond_0001.jpg,3,2,2,1,1,1,0.655051,0.645339,0.650195
Ian_Campbell_0001.jpg,2,2,1,1,1,0,2.09255,-1,2.09255
Ian_Gillan_0001.jpg,3,1,2,1,0,0,-1,-1,-1
Ian_Huntley_0001.jpg,3,2,2,1,1,1,1.20998,1.38278,1.29638
Ian_Knop_0001.jpg,3,1,1,1,0,0,-1,-1,-1
Ian_McKellen_0001.jpg,3,1,2,1,1,1,0.442545,0.62848,0.535513
Ian_Moran_0001.jpg,3,2,2,1,0,0,-1,-1,-1
Ian_Smith_0001.jpg,3,2,2,1,0,0,-1,-1,-1
Ian_Wilmut_0001.jpg,3,1,1,1,1,1,0.91717,1.90687,1.41202
Ibrahim_Al-Marashi_0001.jpg,3,2,2,1,1,1,0.6696,0.467404,0.568502
Ibrahim_Jaafari_0001.jpg,3,2,2,1,1,1,1.01437,0.613971,0.81417
Ibrahim_Rugova_0001.jpg,3,1,1,1,0,0,-1,-1,-1
Idi_Amin_0001.jpg,3,2,2,1,0,0,-1,-1,-1
Ignacio_Antonio_Velasco_0001.jpg,3,2,1,1,1,1,0.699274,1.0416,0.870435
Igor_Ivanov_0001.jpg,3,2,2,1,1,1,0.799926,0.361752,0.580839
Ilan_Goldfajn_0001.jpg,3,2,1,1,1,1,0.688343,1.08409,0.886215
Ilan_Ramon_0001.jpg,3,1,2,1,0,0,-1,-1,-1
Ilham_Aliev_0001.jpg,3,2,2,1,1,1,0.794437,0.342127,0.568282
Ilie_Nastase_0001.jpg,3,2,2,1,1,1,0.584506,0.493449,0.538978
Imad_Khadduri_0001.jpg,3,1,1,1,1,1,0.600461,0.373557,0.487009
Imad_Moustapha_0001.jpg,3,1,2,1,0,0,-1,-1,-1
Imam_Samudra_0001.jpg,3,1,2,1,0,0,-1,-1,-1
Imelda_Marcos_0001.jpg,3,1,2,2,0,0,-1,-1,-1
Imran_Khan_0001.jpg,3,1,2,1,0,0,-1,-1,-1
Inam-ul-Haq_0001.jpg,3,1,1,1,0,0,-1,-1,-1
Infanta_Cristina_0001.jpg,3,1,2,2,0,0,-1,-1,-1
Inga_Hall_0001.jpg,3,2,2,2,1,1,0.646292,0.406701,0.526496
Inocencio_Arias_0001.jpg,3,2,2,1,1,1,1.13359,2.34285,1.73822
Intisar_Ajouri_0001.jpg,3,1,2,2,1,1,0.753342,0.30317,0.528256
Ion_Tiriac_0001.jpg,3,2,1,1,1,0,0.747279,-1,0.747279
Ira_Einhorn_0001.jpg,4,2,2,1,1,1,0.437442,0.546125,0.491783
Irfan_Ahmed_0001.jpg,3,2,2,1,0,0,-1,-1,-1
Irina_Framtsova_0001.jpg,3,2,2,2,0,0,-1,-1,-1
Irina_Lobacheva_0001.jpg,4,1,2,2,0,0,-1,-1,-1
Irv_Nathan_0001.jpg,3,2,1,1,0,0,-1,-1,-1
Irwan_Fadzi_Idris_0001.jpg,3,2,2,1,0,0,-1,-1,-1
Isabela_Moraes_0001.jpg,3,1,2,2,1,1,1.06793,0.450342,0.759136
Isabella_Rossellini_0001.jpg,2,1,2,2,1,1,2.48799,3.40478,2.94639
Isabelle_Huppert_0001.jpg,3,1,2,2,0,0,-1,-1,-1
Isabel_Orellana_0001.jpg,3,2,2,1,0,0,-1,-1,-1
Isaiah_Washington_0001.jpg,3,1,1,1,0,0,-1,-1,-1
Isidro_Pastor_0001.jpg,4,1,2,1,1,1,0.552413,0.491385,0.521899
Islam_Karimov_0001.jpg,3,1,2,1,0,0,-1,-1,-1
Ismail_Abu_Shanab_0001.jpg,4,2,2,1,0,0,-1,-1,-1
Ismail_Cem_0001.jpg,3,1,1,1,0,0,-1,-1,-1
Ismail_Khan_0001.jpg,3,1,2,1,1,1,0.551339,0.821617,0.686478
Ismail_Merchant_0001.jpg,4,1,2,1,1,1,0.597907,1.49757,1.04774
Itamar_Franco_0001.jpg,3,2,1,1,1,1,1.00873,0.106329,0.557529
Itzhak_Perlman_0001.jpg,4,1,1,1,1,1,0.425442,0.509189,0.467315
Ivana_Trump_0001.jpg,3,1,2,2,1,1,0.595685,0.387963,0.491824
Ivan_Lee_0001.jpg,3,1,1,1,0,0,-1,-1,-1
Ivan_Stambolic_0001.jpg,3,1,2,1,1,0,0.556135,-1,0.556135
Iva_Majoli_0001.jpg,3,2,2,2,0,0,-1,-1,-1
Iveta_Benesova_0001.jpg,3,2,2,2,1,1,0.615873,1.2539,0.934889
Ivo_Dubs_0001.jpg,3,1,2,1,1,0,0.606284,-1,0.606284
Jaap_de_Hoop_Scheffer_0001.jpg,3,1,2,1,0,0,-1,-1,-1
Jackie_Chan_0001.jpg,3,1,2,1,1,1,0.637166,0.410628,0.523897
Jackie_Dennis_0001.jpg,3,2,1,2,1,1,0.643723,0.420471,0.532097
Jacky_Cheung_0001.jpg,3,2,2,1,0,0,-1,-1,-1
Jack_Grubman_0001.jpg,3,2,2,1,1,0,0.726631,-1,0.726631
Jack_Knowlton_0001.jpg,4,1,2,1,1,1,0.622075,0.701828,0.661951
Jack_LaLanne_0001.jpg,2,1,2,1,0,0,-1,-1,-1
Jack_Nicholson_0001.jpg,3,2,1,1,0,0,-1,-1,-1
Jack_Osbourne_0001.jpg,3,1,1,1,0,0,-1,-1,-1
Jack_Straw_0001.jpg,3,2,1,1,1,1,0.849841,0.460179,0.65501
Jack_Welch_0001.jpg,3,2,2,1,1,1,0.733851,0.566352,0.650101
Jacob_Frenkel_0001.jpg,3,1,1,1,1,1,0.558548,0.498979,0.528763
Jacqueline_Gold_0001.jpg,3,1,2,2,0,0,-1,-1,-1
Jacqueline_Marris_0001.jpg,2,2,2,2,0,0,-1,-1,-1
Jacques_Chirac_0001.jpg,3,2,2,1,1,1,0.76773,0.352587,0.560159
Jacques_Kallis_0001.jpg,3,2,2,1,1,1,0.51228,0.863403,0.687841
Jacques_Rogge_0001.jpg,2,2,2,1,1,1,2.02813,0.433379,1.23076
Jacques_Villeneuve_0001.jpg,3,1,1,1,1,0,0.644568,-1,0.644568
Jada_Pinkett_Smith_0001.jpg,3,1,2,2,1,1,0.569611,1.53862,1.05411
Jade_Jagger_0001.jpg,3,1,2,2,1,1,0.702519,0.492675,0.597597
Jaime_Orti_0001.jpg,2,1,2,1,1,1,1.44588,0.754382,1.10013
Jaime_Pressly_0001.jpg,3,1,2,2,1,1,0.59356,0.797303,0.695431
Jake_Brace_0001.jpg,3,2,2,1,1,1,1.82419,0.962404,1.3933
Jake_Gyllenhaal_0001.jpg,3,1,2,1,1,1,0.962509,0.558154,0.760331
Jake_Plummer_0001.jpg,3,2,2,1,1,1,0.651174,1.28283,0.967001
Jalal_Talabani_0001.jpg,3,1,1,1,1,1,0.647568,0.354197,0.500883
Jalen_Rose_0001.jpg,3,1,2,1,0,0,-1,-1,-1
James_Baker_0001.jpg,3,2,2,1,1,1,0.752438,0.155299,0.453868
James_Ballenger_0001.jpg,3,2,2,1,1,1,1.65746,1.85011,1.75378
James_Barksdale_0001.jpg,3,2,2,1,0,0,-1,-1,-1
James_Becker_0001.jpg,4,2,2,1,1,1,0.982993,0.282653,0.632823
James_Blake_0001.jpg,3,2,2,1,0,0,-1,-1,-1
James_Brazelton_0001.jpg,3,2,2,1,1,1,0.496598,1.31357,0.905082
James_Brosnahan_0001.jpg,3,2,1,1,1,0,0.838398,-1,0.838398
James_Caan_0001.jpg,3,1,2,1,1,1,0.489642,0.61144,0.550541
James_Cameron_0001.jpg,3,1,1,1,1,1,0.943726,1.15146,1.04759
James_Carville_0001.jpg,2,2,1,1,1,1,0.730712,0.519334,0.625023
James_Coburn_0001.jpg,3,2,2,1,1,1,0.587027,0.3451,0.466064
James_Coviello_0001.jpg,3,2,1,1,1,1,1.61153,1.38907,1.5003
James_Cunningham_0001.jpg,3,2,2,1,0,0,-1,-1,-1
James_Dingemans_0001.jpg,3,2,2,1,0,0,-1,-1,-1
James_Franco_0001.jpg,3,1,2,1,1,1,0.60885,0.4,0.504425
James_Gandolfini_0001.jpg,3,1,2,1,1,1,0.832176,0.267121,0.549649
James_Gibson_0001.jpg,4,1,2,1,1,0,0.5417,-1,0.5417
James_Hakett_0001.jpg,3,1,2,1,0,0,-1,-1,-1
James_Harris_0001.jpg,3,2,2,1,1,1,0.451966,1.30178,0.876874
James_Hill_0001.jpg,3,2,1,1,1,1,0.634638,1.37103,1.00283
James_Hoffa_0001.jpg,3,1,2,1,1,1,0.500168,0.773001,0.636585
James_Ivory_0001.jpg,3,1,2,1,1,1,0.565868,0.787725,0.676796
James_Kelly_0001.jpg,3,1,2,1,1,1,0.651975,0.468554,0.560264
James_Kirtley_0001.jpg,3,2,2,1,0,0,-1,-1,-1
James_Kopp_0001.jpg,3,2,1,1,1,1,0.562566,0.575631,0.569099
James_Layug_0001.jpg,3,2,2,1,1,0,1.04614,-1,1.04614
James_Lockhart_0001.jpg,2,2,1,1,0,0,-1,-1,-1
James_Maguire_0001.jpg,3,2,1,1,1,0,0.522139,-1,0.522139
James_McGreevey_0001.jpg,3,1,2,1,0,0,-1,-1,-1
James_McMahon_0001.jpg,3,2,1,1,1,1,0.52857,0.499861,0.514216
James_McPherson_0001.jpg,3,1,2,1,1,1,0.629835,0.379527,0.504681
James_Meeks_0001.jpg,3,2,2,1,0,0,-1,-1,-1
James_Meredeth_0001.jpg,3,1,2,1,1,1,0.733226,0.574367,0.653796
James_Morris_0001.jpg,3,1,2,1,1,1,0.543291,0.407749,0.47552
James_Murdoch_0001.jpg,3,1,1,1,1,1,0.541725,0.537484,0.539604
James_Phelps_0001.jpg,3,1,2,1,1,1,0.642718,0.515153,0.578936
James_Robertson_Jr_0001.jpg,3,1,2,1,1,1,0.506217,0.56872,0.537468
James_Sensenbrenner_0001.jpg,3,2,1,1,1,1,0.535228,1.07904,0.807134
James_Smith_0001.jpg,3,2,1,1,1,1,1.10136,0.919128,1.01024
James_Spalding_0001.jpg,3,2,1,1,1,1,0.612577,0.404852,0.508715
James_Traficant_0001.jpg,3,2,1,1,0,0,-1,-1,-1
James_Wallack_0001.jpg,3,2,2,1,0,0,-1,-1,-1
James_Watt_0001.jpg,3,1,1,1,1,1,0.475181,1.29337,0.884278
James_Williams_0001.jpg,3,1,1,1,1,1,0.480595,0.446986,0.46379
James_Wolfensohn_0001.jpg,3,1,2,1,1,1,0.699127,0.37452,0.536824
James_W_Kennedy_0001.jpg,3,1,2,1,1,1,0.960191,0.790569,0.87538
James_Young_0001.jpg,3,2,2,1,0,0,-1,-1,-1
Jamie_Carey_0001.jpg,3,1,2,2,1,1,0.647468,0.678674,0.663071
Jamie_Dimon_0001.jpg,3,2,2,1,1,1,0.724122,0.164023,0.444072
Jamie_King_0001.jpg,4,1,2,2,0,0,-1,-1,-1
Jamie_Martin_0001.jpg,3,2,2,1,1,1,0.848194,1.76969,1.30894
Jamie_Olis_0001.jpg,3,1,2,1,0,0,-1,-1,-1
Jamie_Villafane_0001.jpg,3,2,2,1,1,1,0.507984,0.662126,0.585055
Jamir_Miller_0001.jpg,3,1,2,1,1,1,0.511177,0.473612,0.492395
Jamling_Norgay_0001.jpg,3,1,2,1,1,1,0.677657,0.49796,0.587808
Jan-Michael_Gambill_0001.jpg,3,2,2,1,0,0,-1,-1,-1
Jana_Henke_0001.jpg,3,2,2,1,1,1,0.684046,0.505719,0.594883
Janela_Jara_0001.jpg,3,2,2,2,1,1,0.628623,1.32582,0.977223
Janette_Husarova_0001.jpg,2,1,2,2,1,1,2.452,0.540541,1.49627
Janet_Chandler_0001.jpg,3,1,2,2,0,0,-1,-1,-1
Janet_Crawford_0001.jpg,3,2,1,2,0,0,-1,-1,-1
Janet_Ecker_0001.jpg,3,2,1,2,1,1,0.614074,1.26286,0.93847
Janet_Horvath_0001.jpg,2,2,1,2,0,0,-1,-1,-1
Janet_Leigh_0001.jpg,3,1,2,2,1,1,0.54281,0.674692,0.608751
Janet_Napolitano_0001.jpg,3,1,2,2,1,1,0.428506,1.29911,0.863808
Janet_Thorpe_0001.jpg,3,2,2,2,1,1,0.645071,0.523297,0.584184
Janez_Drnovsek_0001.jpg,3,1,2,1,1,1,0.703059,0.584042,0.643551
Jane_Clayson_0001.jpg,3,1,2,2,1,1,1.27608,1.41669,1.34639
Jane_Fonda_0001.jpg,3,1,1,2,1,1,1.00256,1.44681,1.22469
Jane_Kaczmarek_0001.jpg,3,1,2,2,1,1,0.87505,0.594672,0.734861
Jane_Krakowski_0001.jpg,3,1,2,2,1,1,1.10576,1.61842,1.36209
Jane_Leeves_0001.jpg,3,1,2,2,0,0,-1,-1,-1
Jane_Menelaus_0001.jpg,3,1,2,2,1,1,0.812608,1.40429,1.10845
Jane_Pauley_0001.jpg,3,1,2,2,1,1,0.457854,0.41092,0.434387
Jane_Riley_0001.jpg,3,1,1,2,1,1,0.559178,0.514782,0.53698
Jane_Rooney_0001.jpg,3,1,2,2,1,1,0.72691,1.80675,1.26683
Jane_Russell_0001.jpg,3,1,2,2,0,0,-1,-1,-1
Jane_Walker_Wood_0001.jpg,3,1,2,2,0,0,-1,-1,-1
Janica_Kostelic_0001.jpg,3,1,2,2,0,0,-1,-1,-1
Janice_Abreu_0001.jpg,3,1,2,2,1,1,0.66636,0.977333,0.821847
Janice_Goldfinger_0001.jpg,2,1,1,2,1,1,2.35009,2.32749,2.33879
Janis_Ruth_Coulter_0001.jpg,3,1,2,2,0,0,-1,-1,-1
Janusz_Kaminski_0001.jpg,3,1,1,1,1,1,0.89558,0.449083,0.672331
Jan_De_Bont_0001.jpg,3,1,2,1,1,1,0.511155,0.575857,0.543506
Jan_Pronk_0001.jpg,3,2,1,1,0,0,-1,-1,-1
Jan_van_Breda_Kolff_0001.jpg,3,1,2,1,1,0,0.923412,-1,0.923412
Jason_Biggs_0001.jpg,3,1,2,1,1,1,0.799876,0.365334,0.582605
Jason_Campbell_0001.jpg,3,2,2,1,1,1,0.641685,0.717481,0.679583
Jason_Kapono_0001.jpg,3,1,2,1,0,0,-1,-1,-1
Jason_Keep_0001.jpg,2,1,2,1,0,0,-1,-1,-1
Jason_Kidd_0001.jpg,3,2,2,1,1,1,0.765338,1.89305,1.32919
Jason_Mewes_0001.jpg,4,1,2,1,0,0,-1,-1,-1
Jason_Petty_0001.jpg,3,1,2,1,1,1,0.559122,1.27116,0.915141
Jason_Priestley_0001.jpg,3,2,2,1,0,0,-1,-1,-1
Jason_Sorens_0001.jpg,3,1,2,1,1,1,1.075,1.57188,1.32344
Jason_Statham_0001.jpg,3,1,2,1,1,1,0.559463,0.447214,0.503339
Jason_Vale_0001.jpg,3,1,2,1,1,1,0.686469,0.988372,0.83742
Javier_Camara_0001.jpg,3,1,1,1,0,0,-1,-1,-1
Javier_Saviola_0001.jpg,3,1,2,1,1,1,0.715317,0.384708,0.550012
Javier_Vargas_0001.jpg,3,1,2,1,1,0,0.857761,-1,0.857761
Javier_Vazquez_0001.jpg,3,2,2,1,1,1,0.92536,1.64428,1.28482
Javier_Zanetti_0001.jpg,3,2,2,1,0,0,-1,-1,-1
Jawad_Boulus_0001.jpg,3,2,1,1,0,0,-1,-1,-1
Jaymon_Crabb_0001.jpg,4,1,2,1,1,0,0.401134,-1,0.401134
Jayne_Yarris_0001.jpg,4,2,2,2,1,1,0.723714,0.948683,0.836199
Jayson_Williams_0001.jpg,3,2,2,1,1,1,0.713516,0.610901,0.662208
Jay_Garner_0001.jpg,3,2,1,1,0,0,-1,-1,-1
Jay_Leno_0001.jpg,3,2,2,1,1,1,0.767554,0.607433,0.687493
Jay_Rasulo_0001.jpg,3,2,1,1,1,0,0.525701,-1,0.525701
Jean-Claude_Braquet_0001.jpg,3,2,2,1,1,1,0.875446,1.305,1.09022
Jean-Claude_Juncker_0001.jpg,3,2,1,1,1,1,0.63172,0.392232,0.511976
Jean-Claude_Trichet_0001.jpg,3,1,2,1,0,0,-1,-1,-1
Jean-Claude_Van_Damme_0001.jpg,3,1,2,1,1,1,0.655521,0.597204,0.626363
Jean-David_Levitte_0001.jpg,3,2,1,1,1,1,0.583466,0.327364,0.455415
Jean-Francois_Pontal_0001.jpg,3,1,2,1,1,1,0.562023,0.609124,0.585574
Jean-Luc_Bideau_0001.jpg,3,1,2,1,1,1,0.553497,1.17983,0.866662
Jean-Marc_de_La_Sabliere_0001.jpg,4,1,1,1,0,0,-1,-1,-1
Jean-Pierre_Bemba_0001.jpg,3,2,2,1,0,0,-1,-1,-1
Jean-Rene_Fourtou_0001.jpg,3,1,2,1,1,1,0.531803,0.60913,0.570466
Jeane_Kirkpatrick_0001.jpg,3,2,2,2,0,0,-1,-1,-1
Jeannette_Biedermann_0001.jpg,3,1,1,2,1,1,0.569549,1.87765,1.2236
Jeanne_Anne_Schroeder_0001.jpg,3,1,2,2,1,1,0.595146,0.940721,0.767933
Jean_Brumley_0001.jpg,3,1,2,2,1,1,0.789243,1.75789,1.27357
Jean_Carnahan_0001.jpg,3,2,2,2,1,1,0.926642,0.379876,0.653259
Jean_Charest_0001.jpg,3,1,2,1,1,1,1.03485,0.591114,0.812982
Jean_Chretien_0001.jpg,2,1,2,1,1,1,1.3281,0.446257,0.887178
Jean_Nagel_0001.jpg,3,1,2,2,1,0,1.21618,-1,1.21618
Jean_Todt_0001.jpg,2,1,2,1,0,0,-1,-1,-1
Jefferson_Perez_0001.jpg,2,2,2,1,1,1,0.882625,0.71686,0.799743
Jeffery_Hendren_0001.jpg,2,1,1,1,0,0,-1,-1,-1
Jeffrey_Archer_0001.jpg,2,1,1,1,0,0,-1,-1,-1
Jeffrey_Ashby_0001.jpg,3,1,2,1,0,0,-1,-1,-1
Jeffrey_Jones_0001.jpg,3,2,2,1,1,1,1.3546,0.440407,0.897506
Jeffrey_Scott_Postell_0001.jpg,3,1,2,1,0,0,-1,-1,-1
Jeff_Bridges_0001.jpg,3,1,2,1,1,1,1.45648,0.675941,1.06621
Jeff_Dederian_0001.jpg,3,2,2,1,1,1,0.522056,0.261219,0.391638
Jeff_Hornacek_0001.jpg,3,2,2,1,1,1,0.670872,1.09133,0.881104
Jeff_Roehm_0001.jpg,3,2,2,1,1,1,0.686896,1.02861,0.857755
Jeff_Schiffner_0001.jpg,2,2,2,1,0,0,-1,-1,-1
Jeff_Van_Gundy_0001.jpg,3,2,2,1,1,1,0.725251,0.653409,0.68933
Jelena_Dokic_0001.jpg,3,2,2,2,1,1,0.567059,0.476397,0.521728
Jenna_Elfman_0001.jpg,3,1,2,2,1,1,0.471142,1.27812,0.87463
Jennette_Bradley_0001.jpg,3,1,2,2,0,0,-1,-1,-1
Jennie_Finch_0001.jpg,3,2,2,2,0,0,-1,-1,-1
Jennie_Garth_0001.jpg,3,1,2,2,1,0,0.644935,-1,0.644935
Jennifer_Connelly_0001.jpg,3,1,2,2,1,1,0.647298,0.392342,0.51982
Jennifer_Furminger_0001.jpg,2,2,2,2,0,0,-1,-1,-1
Jennifer_Garner_0001.jpg,3,1,2,2,1,1,0.724078,0.289919,0.506999
Jennifer_Granholm_0001.jpg,3,2,2,2,1,1,0.758969,1.63634,1.19766
Jennifer_Gratz_0001.jpg,4,2,2,2,0,0,-1,-1,-1
Jennifer_Keller_0001.jpg,3,2,2,2,1,0,0.62795,-1,0.62795
Jennifer_Lopez_0001.jpg,3,1,2,2,1,1,0.745283,1.19348,0.969381
Jennifer_Love_Hewitt_0001.jpg,3,1,2,2,1,1,0.961104,1.24214,1.10162
Jennifer_McCoy_0001.jpg,2,2,2,2,1,1,1.78651,2.10321,1.94486
Jennifer_Pena_0001.jpg,3,2,2,2,1,1,0.648,1.3628,1.0054
Jennifer_Rodriguez_0001.jpg,3,2,2,2,0,0,-1,-1,-1
Jennifer_Tilly_0001.jpg,3,1,2,2,0,0,-1,-1,-1
Jenny_Romero_0001.jpg,3,2,2,2,1,0,0.944766,-1,0.944766
Jens_Lehmann_0001.jpg,3,2,2,1,1,1,0.640523,1.00543,0.822977
Jen_Schefft_0001.jpg,3,1,2,2,0,0,-1,-1,-1
Jeong_Se-hyun_0001.jpg,3,2,1,1,1,1,0.611736,0.420375,0.516055
Jerelle_Kraus_0001.jpg,3,2,2,2,0,0,-1,-1,-1
Jeremy_Gompertz_0001.jpg,4,2,2,1,1,1,0.909923,0.776493,0.843208
Jeremy_Wotherspoon_0001.jpg,3,2,2,1,1,1,0.687819,1.05836,0.873088
Jeri_Ryan_0001.jpg,3,1,2,2,1,1,0.515404,1.02217,0.768786
Jerome_Golmard_0001.jpg,3,2,2,1,1,1,0.668474,0.879479,0.773976
Jerome_Jenkins_0001.jpg,3,2,2,1,0,0,-1,-1,-1
Jerry_Angelo_0001.jpg,3,2,1,1,0,0,-1,-1,-1
Jerry_Colangelo_0001.jpg,3,1,2,1,1,1,1.14607,0.406864,0.776469
Jerry_Falwell_0001.jpg,3,1,2,1,1,1,0.561187,0.714877,0.638032
Jerry_Hall_0001.jpg,3,1,2,2,0,0,-1,-1,-1
Jerry_Jones_0001.jpg,3,1,2,1,1,1,0.65116,0.415626,0.533393
Jerry_Lewis_0001.jpg,3,2,2,1,0,0,-1,-1,-1
Jerry_Oliver_0001.jpg,2,2,2,1,1,1,2.68245,1.1068,1.89462
Jerry_Pauley_0001.jpg,3,2,1,1,0,0,-1,-1,-1
Jerry_Seinfeld_0001.jpg,3,1,2,1,0,0,-1,-1,-1
Jerry_Sexton_0001.jpg,3,1,2,1,1,1,0.752717,1.1161,0.934408
Jerry_Springer_0001.jpg,3,2,1,1,1,1,0.715811,0.648284,0.682047
Jerry_Tarkanian_0001.jpg,3,1,1,1,1,1,0.633738,0.876871,0.755304
Jesse_Helms_0001.jpg,2,1,1,1,1,1,0.822458,0.66147,0.741964
Jesse_James_0001.jpg,3,2,2,1,1,1,0.741437,0.149071,0.445254
Jesse_James_Leija_0001.jpg,3,2,2,1,0,0,-1,-1,-1
Jesse_Ventura_0001.jpg,4,2,2,1,1,1,2.17177,0.634249,1.40301
Jessica_Alba_0001.jpg,3,1,2,2,0,0,-1,-1,-1
Jessica_Biel_0001.jpg,3,1,2,2,0,0,-1,-1,-1
Jessica_Brungo_0001.jpg,4,2,2,2,0,0,-1,-1,-1
Jessica_Capshaw_0001.jpg,3,1,2,2,1,0,1.01249,-1,1.01249
Jessica_Lange_0001.jpg,3,1,1,2,0,0,-1,-1,-1
Jessica_Lynch_0001.jpg,3,1,2,2,0,0,-1,-1,-1
Jessica_Simpson_0001.jpg,3,1,2,2,0,0,-1,-1,-1
Jesus_Cardenal_0001.jpg,2,2,2,1,1,1,0.90088,0.436723,0.668801
Jewel_Howard-Taylor_0001.jpg,3,1,2,2,0,0,-1,-1,-1
Jimmy_Carter_0001.jpg,3,2,2,1,1,1,0.49049,0.463007,0.476748
Jimmy_Gurule_0001.jpg,3,2,2,1,1,1,1.37584,0.0828671,0.729356
Jimmy_Iovine_0001.jpg,2,1,1,1,0,0,-1,-1,-1
Jimmy_Jimenez_0001.jpg,3,1,1,1,0,0,-1,-1,-1
Jimmy_Kimmel_0001.jpg,3,1,2,1,0,0,-1,-1,-1
Jimmy_Lee_0001.jpg,3,2,1,1,1,1,0.580235,0.695511,0.637873
Jimmy_Smits_0001.jpg,3,1,1,1,0,0,-1,-1,-1
Jimmy_Szymanski_0001.jpg,3,2,2,1,1,1,0.741504,0.665388,0.703446
Jim_Abbott_0001.jpg,3,1,2,1,0,0,-1,-1,-1
Jim_Ahern_0001.jpg,3,1,2,1,1,1,1.07309,0.372239,0.722663
Jim_Anderson_0001.jpg,3,1,2,1,1,1,0.648352,0.919638,0.783995
Jim_Beattie_0001.jpg,2,2,2,1,1,1,1.6761,0.433264,1.05468
Jim_Bollman_0001.jpg,3,2,2,1,0,0,-1,-1,-1
Jim_Bunning_0001.jpg,3,1,1,1,1,1,0.869331,0.390887,0.630109
Jim_Calhoun_0001.jpg,4,2,2,1,1,1,0.830205,0.573998,0.702101
Jim_Doyle_0001.jpg,4,1,2,1,1,1,0.553912,0.727325,0.640619
Jim_Fassel_0001.jpg,3,2,2,1,1,1,0.608706,0.368403,0.488555
Jim_Flaherty_0001.jpg,3,2,2,1,1,1,0.816712,0.783196,0.799954
Jim_Freudenberg_0001.jpg,3,2,2,1,0,0,-1,-1,-1
Jim_Furyk_0001.jpg,3,2,2,1,1,1,0.972142,1.45274,1.21244
Jim_Greenwood_0001.jpg,3,2,1,1,1,1,0.761246,0.638175,0.69971
Jim_Hahn_0001.jpg,3,1,2,1,1,1,0.751125,0.335836,0.54348
Jim_Hardin_0001.jpg,2,2,2,1,1,0,2.28815,-1,2.28815
Jim_Harrick_0001.jpg,4,1,2,1,1,0,0.85953,-1,0.85953
Jim_Haslett_0001.jpg,2,2,2,1,1,1,1.78835,2.26,2.02418
Jim_Jeffords_0001.jpg,3,1,2,1,0,0,-1,-1,-1
Jim_Kelly_0001.jpg,4,1,2,1,1,1,0.575965,0.863126,0.719545
Jim_Leach_0001.jpg,3,1,2,1,0,0,-1,-1,-1
Jim_Letten_0001.jpg,3,2,2,1,1,1,0.679546,1.32828,1.00391
Jim_Nochols_0001.jpg,3,1,2,1,1,1,0.740283,0.701446,0.720864
Jim_OBrien_0001.jpg,3,1,2,1,1,1,0.483565,0.91406,0.698813
Jim_Otto_0001.jpg,4,1,2,1,1,0,0.545705,-1,0.545705
Jim_Parque_0001.jpg,3,2,2,1,1,1,1.01441,1.06245,1.03843
Jim_Ryan_0001.jpg,3,1,2,1,1,1,0.745044,0.378987,0.562016
Jim_Schwarz_0001.jpg,3,1,1,1,1,1,0.934653,0.663241,0.798947
Jim_Sterk_0001.jpg,3,2,1,1,1,1,0.588164,0.855862,0.722013
Jim_Talent_0001.jpg,3,2,1,1,1,1,0.742983,0.466204,0.604594
Jim_Taylor_0001.jpg,4,1,2,1,0,0,-1,-1,-1
Jim_Thome_0001.jpg,3,1,2,1,1,1,0.949051,1.3573,1.15318
Jim_Tressel_0001.jpg,3,1,2,1,1,1,0.757947,0.45708,0.607513
Jim_Wall_0001.jpg,3,1,1,1,1,0,0.537205,-1,0.537205
Jim_Wessling_0001.jpg,3,1,2,1,1,1,0.663433,1.20085,0.932142
Jim_Wong_0001.jpg,3,2,1,1,0,0,-1,-1,-1
JJ_Redick_0001.jpg,3,2,2,1,1,1,1.29337,1.45706,1.37522
JK_Rowling_0001.jpg,3,1,2,2,1,0,1.12593,-1,1.12593
Joanna_Poitier_0001.jpg,3,1,2,2,1,1,0.723694,1.26782,0.995759
Joanne_Woodward_0001.jpg,3,1,2,2,1,1,0.647235,0.783996,0.715615
Joan_Collins_0001.jpg,3,1,2,2,1,1,0.946291,0.583605,0.764948
Joan_Jett_0001.jpg,3,1,2,2,0,0,-1,-1,-1
Joan_Laporta_0001.jpg,3,1,2,1,0,0,-1,-1,-1
Joao_Rocha_0001.jpg,2,2,1,1,1,1,0.674543,0.192841,0.433692
Joaquim_Levy_0001.jpg,3,1,1,1,0,0,-1,-1,-1
Joaquin_Sanchez_0001.jpg,2,2,2,1,1,1,2.93145,1.52283,2.22714
Job_Cohen_0001.jpg,3,1,2,1,0,0,-1,-1,-1
Jodie_Foster_0001.jpg,4,1,2,2,1,0,0.760904,-1,0.760904
Jodie_Henry_0001.jpg,3,1,2,2,1,0,0.565713,-1,0.565713
Jodie_Kidd_0001.jpg,3,1,2,2,1,0,1.02157,-1,1.02157
Jody_Richards_0001.jpg,3,1,1,1,1,1,0.998287,0.973199,0.985743
Joel_Gallen_0001.jpg,3,1,2,1,1,1,0.628398,0.730633,0.679515
Joel_Todd_0001.jpg,3,2,1,1,1,1,0.681604,1.50633,1.09396
Joerg_Haider_0001.jpg,3,2,2,1,0,0,-1,-1,-1
Joey_Harrington_0001.jpg,3,1,2,1,0,0,-1,-1,-1
Joey_Mantia_0001.jpg,3,1,1,1,0,0,-1,-1,-1
Joe_Calzaghe_0001.jpg,3,1,2,1,1,1,0.518392,1.36417,0.941279
Joe_Darrell_0001.jpg,3,1,2,1,1,1,1.28858,0.309166,0.798872
Joe_DeLamielleure_0001.jpg,3,1,2,1,1,1,0.923963,1.28501,1.10448
Joe_Dicaro_0001.jpg,3,2,2,1,1,1,0.623938,1.95743,1.29068
Joe_Dumars_0001.jpg,3,1,2,1,1,0,0.768258,-1,0.768258
Joe_Garner_0001.jpg,3,1,2,1,1,1,0.623864,0.352641,0.488252
Joe_Gatti_0001.jpg,3,1,2,1,1,1,0.745573,0.445851,0.595712
Joe_Glover_0001.jpg,3,2,2,1,1,0,0.538022,-1,0.538022
Joe_Lieberman_0001.jpg,3,1,2,1,1,1,0.564136,1.00627,0.785202
Joe_Mantegna_0001.jpg,2,2,2,1,1,1,1.20472,0.644842,0.92478
Joe_Metz_0001.jpg,3,1,2,1,1,1,0.721636,0.475277,0.598457
Joe_Nichols_0001.jpg,2,1,2,1,0,0,-1,-1,-1
Joe_Paterno_0001.jpg,3,1,1,1,1,1,0.575268,0.896405,0.735836
Joe_Strummer_0001.jpg,3,2,2,1,0,0,-1,-1,-1
Joe_Torre_0001.jpg,2,1,2,1,1,1,1.0101,0.471345,0.740724
Joe_Vandever_0001.jpg,4,2,1,1,0,0,-1,-1,-1
Johannes_Rau_0001.jpg,3,1,2,1,1,1,0.610103,1.11583,0.862968
Johnnie_Lynn_0001.jpg,3,1,2,1,0,0,-1,-1,-1
Johnny_Benson_0001.jpg,3,1,2,1,1,1,0.689487,1.14036,0.914921
Johnny_Carson_0001.jpg,3,1,2,1,1,1,0.597575,0.732952,0.665264
Johnny_Htu_0001.jpg,3,2,2,2,0,0,-1,-1,-1
Johnny_Unitas_0001.jpg,3,1,2,1,1,0,0.810978,-1,0.810978
Johnson_Panjaitan_0001.jpg,3,2,2,1,1,1,0.427289,0.708676,0.567983
John_Allen_Muhammad_0001.jpg,3,2,2,1,1,0,0.721303,-1,0.721303
John_Baldacci_0001.jpg,3,2,2,1,0,0,-1,-1,-1
John_Belushi_0001.jpg,3,1,2,1,1,0,0.683675,-1,0.683675
John_Blaney_0001.jpg,3,2,1,1,1,1,0.691379,0.408763,0.550071
John_Bolton_0001.jpg,3,2,1,1,0,0,-1,-1,-1
John_Bond_0001.jpg,3,2,1,1,1,1,0.873011,0.674854,0.773932
John_Burnett_0001.jpg,3,2,2,1,0,0,-1,-1,-1
John_Coomber_0001.jpg,3,2,1,1,1,1,0.553595,0.500252,0.526923
John_Cornyn_0001.jpg,3,2,2,1,1,1,0.621317,0.555372,0.588344
John_Cruz_0001.jpg,3,1,1,1,1,1,0.651345,0.784783,0.718064
John_Dallager_0001.jpg,3,2,1,1,1,1,0.626151,0.602022,0.614087
John_Danforth_0001.jpg,3,1,2,1,1,1,1.39371,2.67451,2.03411
John_Darby_0001.jpg,3,1,2,1,1,1,0.656878,0.450471,0.553675
John_Duprey_0001.jpg,3,2,2,1,1,1,1.00265,0.824621,0.913638
John_Eastman_0001.jpg,3,2,2,1,1,1,0.825061,0.453504,0.639283
John_Eder_0001.jpg,3,1,2,1,0,0,-1,-1,-1
John_Edwards_0001.jpg,3,2,2,1,0,0,-1,-1,-1
John_Elway_0001.jpg,3,2,2,1,1,1,0.50871,0.753381,0.631046
John_Engler_0001.jpg,3,2,1,1,0,0,-1,-1,-1
John_Fox_0001.jpg,3,2,2,1,1,1,0.651146,0.584053,0.617599
John_Franco_0001.jpg,3,2,2,1,1,1,1.85505,0.305531,1.08029
John_F_Kennedy_Jr_0001.jpg,3,2,2,1,1,1,0.561969,0.810032,0.686
John_Garamendi_0001.jpg,3,1,2,1,1,1,0.69163,1.07513,0.883381
John_Geoghan_0001.jpg,4,1,2,1,0,0,-1,-1,-1
John_Goold_0001.jpg,3,2,1,1,1,1,0.684467,0.698784,0.691626
John_Gordnick_0001.jpg,3,2,2,1,1,0,0.678418,-1,0.678418
John_Gruden_0001.jpg,3,2,2,1,1,1,1.4471,0.206669,0.826885
John_Hartson_0001.jpg,3,2,2,1,0,0,-1,-1,-1
John_Henry_0001.jpg,4,2,1,2,1,1,0.753038,1.51939,1.13621
John_Herrington_0001.jpg,3,1,2,1,1,1,0.739426,1.17263,0.956029
John_Howard_0001.jpg,3,1,1,1,1,1,0.611578,0.471405,0.541491
John_Jones_0001.jpg,3,1,2,1,1,1,0.86212,1.01046,0.936288
John_Kerr_0001.jpg,3,2,2,1,1,1,1.89958,0.354301,1.12694
John_Kerry_0001.jpg,3,2,2,1,1,1,0.828472,0.472415,0.650443
John_Lawrence_0001.jpg,3,2,1,1,0,0,-1,-1,-1
John_Lennon_0001.jpg,3,2,2,1,0,0,-1,-1,-1
John_Lisowski_0001.jpg,3,2,2,1,1,1,0.635649,1.47977,1.05771
John_Lithgow_0001.jpg,3,2,2,1,1,1,0.679936,0.358234,0.519085
John_Lynch_0001.jpg,3,2,2,1,0,0,-1,-1,-1
John_Mabry_0001.jpg,3,2,2,1,0,0,-1,-1,-1
John_Madden_0001.jpg,3,2,2,1,1,1,1.013,0.794846,0.903925
John_Malkovich_0001.jpg,3,1,2,1,0,0,-1,-1,-1
John_Manley_0001.jpg,3,2,2,1,1,1,0.715073,0.744798,0.729936
John_Mayer_0001.jpg,3,1,2,1,1,1,0.780562,0.474011,0.627286
